costCodeId,costCode,description,jobId,quantity,quantityUnitType,note,createdTimestampUtc,isActive,isDeleted,accountingCode,estimatingCode,costCodeTemplateId,uuid
73930,00.10805,Mechanic,24976,NULL,EA,NULL,NULL,1,0,00.10805,NULL,NULL,da0da1a8-ed0d-4148-a69e-f76b7c027c11
73931,00.10020,"Setup Cranes",24976,NULL,EA,NULL,NULL,1,0,00.10020,NULL,NULL,bb6f7a30-e37d-43c2-860b-8ab5c089b8f5
73933,00.78855,"Vehicle Damage - Job Charged",24976,NULL," ",NULL,NULL,1,0,00.78855,NULL,NULL,33d0621c-de54-4421-bfca-a522badc0c5c
73934,00.78850,"Job Damaged Equip Reparis",24976,NULL,EA,NULL,NULL,1,0,00.78850,NULL,NULL,369288f6-75aa-4b0f-bc34-1d7c4822fc45
73960,00.10805,Mechanic,24984,NULL,EA,NULL,NULL,1,0,00.10805,NULL,NULL,f0225b01-0f0b-4297-8787-1afb975f0981
73961,00.10020,"Setup Cranes",24984,NULL,EA,NULL,NULL,1,0,00.10020,NULL,NULL,0ea5c517-8a50-40b0-aa74-e1dceb545213
73962,00.78850,"Job Damaged Equip Reparis",24984,NULL,EA,NULL,NULL,1,0,00.78850,NULL,NULL,a9c6b48d-4ad6-4e96-8d10-8f7c7acbac8c
73963,00.78855,"Vehicle Damage - Job Charged",24984,NULL," ",NULL,NULL,1,0,00.78855,NULL,NULL,1b29de3a-8be0-406e-85f9-67320a783f70
73973,00.10020,"Setup Cranes",24985,NULL,EA,NULL,NULL,1,0,00.10020,NULL,NULL,38d96f0b-9a19-4ba7-a82b-73c70088ef9b
73974,00.78850,"Job Damaged Dirt Equip Reparis",24985,NULL,EA,NULL,NULL,1,0,00.78850,NULL,NULL,c940b105-26ee-4dec-aaff-92414073ea0c
73976,00.78855,"Vehicle Damage - Job Charged",24985,NULL,EA,NULL,NULL,1,0,00.78855,NULL,NULL,95a96b4b-0cf8-47b3-9e3f-9d04ca62f87e
73977,00.78852,"Structure Equipment Damages",24985,NULL,EA,NULL,NULL,1,0,00.78852,NULL,NULL,2c929478-7a4b-4a83-a1f2-a07782fade8e
73980,00.10805,Mechanic,24985,NULL,EA,NULL,NULL,1,0,00.10805,NULL,NULL,ede1e7c1-e8f5-41af-abe3-c4d6314df2bb
73978,00.10020,"Setup Cranes",24988,NULL,EA,NULL,NULL,1,0,00.10020,NULL,NULL,be15e641-b387-4bfa-ace9-ad262b28e8e5
73979,00.10805,Mechanic,24988,NULL,EA,NULL,NULL,1,0,00.10805,NULL,NULL,1f603226-58b3-4c6d-8771-f0ea1485919c
73981,00.78855,"Vehicle Damage - Job Charged",24988,NULL," ",NULL,NULL,1,0,00.78855,NULL,NULL,0e456797-4fc5-46c3-9e2a-5416da540307
73982,00.78850,"Job Damaged Equip Reparis",24988,NULL,EA,NULL,NULL,1,0,00.78850,NULL,NULL,df630808-7d24-4815-8dea-2b553ec9ba84
73983,00.78852,"Structure Equipment Damages",24988,NULL,EA,NULL,NULL,1,0,00.78852,NULL,NULL,c3a88093-4791-41a2-8fbe-010b7beea61c
73989,00.10805,Mechanic,24989,NULL,EA,NULL,NULL,1,0,00.10805,NULL,NULL,89a10b20-15d5-4d95-82a7-74c025279e3b
73990,00.10020,"Setup Cranes",24989,NULL,EA,NULL,NULL,1,0,00.10020,NULL,NULL,ecb7be86-8b71-43dc-8687-0b38035419c5
73991,00.78855,"Vehicle Damage - Job Charged",24989,NULL," ",NULL,NULL,1,0,00.78855,NULL,NULL,1d644d0a-4c21-49b4-b6f7-70befbdaedeb
73992,00.78850,"Job Damaged Equip Reparis",24989,NULL,EA,NULL,NULL,1,0,00.78850,NULL,NULL,d712449d-e114-4568-9e93-9dd195683d46
74032,00.10020,"Setup Cranes",24991,NULL,EA,NULL,NULL,1,0,00.10020,NULL,NULL,ab37d37f-3738-406c-93a0-7e953fef9408
74033,00.78850,"Dirt Equipment Damages",24991,NULL,EA,NULL,NULL,1,0,00.78850,NULL,NULL,4811b610-32d1-458d-80c4-0530c249086b
74035,00.10805,Mechanic,24991,NULL,EA,NULL,NULL,1,0,00.10805,NULL,NULL,f062d559-d683-4c29-a35f-688af8d7fc98
74036,00.78855,"Vehicle Damage - Job Charged",24991,NULL," ",NULL,NULL,1,0,00.78855,NULL,NULL,efc09007-c31b-4cf9-b898-9316e99a90a3
74037,00.78852,"Structure Equipment Damages",24991,NULL,EA,NULL,NULL,1,0,00.78852,NULL,NULL,131d964f-2dda-42b8-a9cd-2e701cf8cea1
73993,00.10020,"Setup Cranes",24992,NULL,EA,NULL,NULL,1,0,00.10020,NULL,NULL,8a3b3bd1-b416-4511-9172-ed3f39acc173
73994,00.78850,"Job Damaged Equip Reparis",24992,NULL,EA,NULL,NULL,1,0,00.78850,NULL,NULL,8bfc4c1f-39c6-458a-9948-42a876fffd0b
73995,00.10805,Mechanic,24992,NULL,EA,NULL,NULL,1,0,00.10805,NULL,NULL,a9912afb-08f3-43ca-a33f-eb0e71f04d91
73996,00.78852,"Structure Equipment Damages",24992,NULL,EA,NULL,NULL,1,0,00.78852,NULL,NULL,d68ec7bb-5866-4b20-a62f-1542f01faf90
73997,00.78855,"Vehicle Damage - Job Charged",24992,NULL,EA,NULL,NULL,1,0,00.78855,NULL,NULL,9706c924-1c14-4c5e-9361-4f197b975c57
73998,00.10020,"Setup Cranes",24993,NULL,EA,NULL,NULL,1,0,00.10020,NULL,NULL,7c5a174a-a107-41d1-8d05-0a1909a09650
73999,00.78850,"Job Damaged Dirt Equip Reparis",24993,NULL,EA,NULL,NULL,1,0,00.78850,NULL,NULL,b184b66c-049b-4658-b787-ec10ae04949c
74000,00.10805,Mechanic,24993,NULL,EA,NULL,NULL,1,0,00.10805,NULL,NULL,3150acc6-71cb-4c0a-afba-2625c198ea98
74001,00.78852,"Structure Equipment Damages",24993,NULL,EA,NULL,NULL,1,0,00.78852,NULL,NULL,2c849ecc-5b15-439a-9469-4a721d824448
74002,00.78855,"Vehicle Damage - Job Charged",24993,NULL,EA,NULL,NULL,1,0,00.78855,NULL,NULL,98887065-493a-4b24-a5b2-6c08c691abe5
74043,00.10020,"Setup Cranes",24995,NULL,EA,NULL,NULL,1,0,00.10020,NULL,NULL,bbdb5eba-9bf1-4040-9df6-2520f9a33eb3
74044,00.78855,"Vehicle Damage - Job Charged",24995,NULL,EA,NULL,NULL,1,0,00.78855,NULL,NULL,56eb358d-ed3d-4507-8f13-99532fb256ec
74045,00.78850,"Job Damaged Equip Reparis",24995,NULL,EA,NULL,NULL,1,0,00.78850,NULL,NULL,bf9abc09-f698-4980-b913-f663e3048182
74046,00.78852,"Structure Equipment Damages",24995,NULL,EA,NULL,NULL,1,0,00.78852,NULL,NULL,07a18874-b531-4b50-998a-6bdf141d6a36
74058,00.10805,Mechanic,24995,NULL,EA,NULL,NULL,1,0,00.10805,NULL,NULL,a1256aa6-0cd9-4261-9b3a-afd554c8db62
74047,00.10805,Mechanic,25000,NULL,EA,NULL,NULL,1,0,00.10805,NULL,NULL,e25cd912-780f-4bbb-95f9-51239232f444
74048,00.78850,"Job Damaged Equip Reparis",25000,NULL,EA,NULL,NULL,1,0,00.78850,NULL,NULL,685632ea-0aa5-450c-9dc7-f09c462a99db
74049,00.78855,"Vehicle Damage - Job Charged",25000,NULL," ",NULL,NULL,1,0,00.78855,NULL,NULL,7157cd85-f7d0-422c-acd3-e6d1a3a971f6
74071,00.10020,"Setup Cranes",25006,NULL,EA,NULL,NULL,1,0,00.10020,NULL,NULL,b819202a-c399-43e6-8a06-f514ae0b4e40
74072,00.10050,"Setup Barges",25006,NULL,SF,NULL,NULL,1,0,00.10050,NULL,NULL,a9d7f43c-231b-4d89-9741-bfa1296833c5
74073,00.10805,Mechanic,25006,NULL,EA,NULL,NULL,1,0,00.10805,NULL,NULL,e5928d48-6248-4377-9ed6-372e51c010ff
74074,00.78855,"Vehicle Damage - Job Charged",25006,NULL,EA,NULL,NULL,1,0,00.78855,NULL,NULL,c803c379-b17a-4bd8-9103-78089c88e8b7
74075,00.78850,"Job Damaged Dirt Equip Reparis",25006,NULL,EA,NULL,NULL,1,0,00.78850,NULL,NULL,3f9536fb-5654-4822-87ee-874b6e253663
74076,00.78852,"Structure Equipment Damages",25006,NULL,EA,NULL,NULL,1,0,00.78852,NULL,NULL,5d1877fc-e58e-401c-b97d-9376c78b230c
74082,00.10020,"Setup Cranes",25014,NULL,EA,NULL,NULL,1,0,00.10020,NULL,NULL,636feffc-ffe9-4306-a92f-0dafb1915a7b
74084,00.10805,Mechanic,25014,NULL,EA,NULL,NULL,1,0,00.10805,NULL,NULL,0bb703c7-8f37-4b60-9091-546b60ccba6b
74085,00.78852,"Structure Equipment Damages",25014,NULL,EA,NULL,NULL,1,0,00.78852,NULL,NULL,b68fb7f3-1759-4315-9238-577ded130de9
74086,00.78855,"Vehicle Damage - Job Charged",25014,NULL," ",NULL,NULL,1,0,00.78855,NULL,NULL,677de3f1-3a84-4ca9-8287-1e8fea2e990d
74088,00.78850,"Dirt Equipment Damages",25014,NULL,EA,NULL,NULL,1,0,00.78850,NULL,NULL,7fb533a9-1210-4113-9aa4-8cf07acafb1c
74098,00.10020,"Setup Cranes",25015,NULL,EA,NULL,NULL,1,0,00.10020,NULL,NULL,08a87b74-de64-463b-b1d5-bb83f858fb89
74099,00.78850,"Dirt Equipment Damages",25015,NULL,EA,NULL,NULL,1,0,00.78850,NULL,NULL,d74cd8ba-5f46-47f8-a197-56d44e0cf9bb
74100,00.78855,"Vehicle Damage - Job Charged",25015,NULL," ",NULL,NULL,1,0,00.78855,NULL,NULL,90b1b467-eb00-42ea-8e6b-175bb8127442
74101,00.10805,Mechanic,25015,NULL,EA,NULL,NULL,1,0,00.10805,NULL,NULL,0c9d547f-88ee-46b3-8817-429a9c00fc50
74102,00.78852,"Structure Equipment Damages",25015,NULL,EA,NULL,NULL,1,0,00.78852,NULL,NULL,384eb1d6-22de-4830-a053-180af7c529a8
74117,00.10805,Mechanic,25016,NULL,EA,NULL,NULL,1,0,00.10805,NULL,NULL,f4b90ece-35c8-4375-ac93-a308f45a5bb9
74118,00.10020,"Setup Cranes",25016,NULL,EA,NULL,NULL,1,0,00.10020,NULL,NULL,fae541a5-da0c-4bb9-880a-b5c42b8c6184
74119,00.78855,"Vehicle Damage - Job Charged",25016,NULL," ",NULL,NULL,1,0,00.78855,NULL,NULL,0e0288de-fa44-44c9-9fc2-b905847fc16e
74120,00.78850,"Job Damaged Equip Reparis",25016,NULL,EA,NULL,NULL,1,0,00.78850,NULL,NULL,14d41f98-1a60-4816-b416-108b6a0700be
74143,00.78855,"Vehicle Damage - Job Charged",25020,NULL," ",NULL,NULL,1,0,00.78855,NULL,NULL,4e8b334d-aae9-43e8-a9e8-d31ee4fd7d64
74144,00.10020,"Setup Cranes",25020,NULL,EA,NULL,NULL,1,0,00.10020,NULL,NULL,7135c5ed-ddde-4c67-bb5c-98a1114f17ce
74146,00.10805,Mechanic,25020,NULL,EA,NULL,NULL,1,0,00.10805,NULL,NULL,a4dbbbb2-8c59-46cc-a4c5-49693ac04e1f
74147,00.78850,"Job Damaged Equip Reparis",25020,NULL,EA,NULL,NULL,1,0,00.78850,NULL,NULL,38d65574-3e2f-408d-b069-1d5eff13e983
74131,00.10805,Mechanic,25021,NULL,EA,NULL,NULL,1,0,00.10805,NULL,NULL,74066a62-ab29-463d-88f2-46415f83b4df
74133,00.78850,"Job Damaged Equip Reparis",25021,NULL,EA,NULL,NULL,1,0,00.78850,NULL,NULL,665d22b0-2c36-42bf-983a-805fe4717416
74135,00.78855,"Vehicle Damage - Job Charged",25021,NULL," ",NULL,NULL,1,0,00.78855,NULL,NULL,fdf76716-4400-4dc9-9f4a-61cedba19039
74134,00.10020,"Setup Cranes",25022,NULL,EA,NULL,NULL,1,0,00.10020,NULL,NULL,ca04dcd5-99ee-41d6-b50d-2f9c7473be48
74137,00.78850,"Job Damaged Equip Reparis",25022,NULL,EA,NULL,NULL,1,0,00.78850,NULL,NULL,45fd2c69-b9e5-40ad-97d5-f9abc8c77e68
74138,00.10805,Mechanic,25022,NULL,WK,NULL,NULL,1,0,00.10805,NULL,NULL,383ccacd-f88c-4542-beef-aef3fe9244e4
74139,00.78855,"Vehicle Damage - Job Charged",25022,NULL," ",NULL,NULL,1,0,00.78855,NULL,NULL,f69c3d93-af43-48c8-8fcf-3aaadb1aa76e
74145,00.10805,Mechanic,25023,NULL,EA,NULL,NULL,1,0,00.10805,NULL,NULL,3b8c2023-d6c4-44f1-a017-8586f57ae4d4
74149,00.10020,"Setup Cranes",25023,NULL,EA,NULL,NULL,1,0,00.10020,NULL,NULL,773a66fc-f5da-4568-92b8-a46902eadecb
74150,00.78855,"Vehicle Damage - Job Charged",25023,NULL," ",NULL,NULL,1,0,00.78855,NULL,NULL,12825e68-ea44-43ef-99e9-2617d6c9c80d
74152,00.78852,"Structure Equipment Damages",25023,NULL,EA,NULL,NULL,1,0,00.78852,NULL,NULL,4d8a70e4-aedf-4626-8c04-c6e841b5c1c8
74154,00.78850,"Dirt Equipment Damages",25023,NULL,EA,NULL,NULL,1,0,00.78850,NULL,NULL,aa198533-38f8-4d23-9f22-6971a7d344f4
74107,00.10805,Mechanic,25024,NULL,EA,NULL,NULL,1,0,00.10805,NULL,NULL,58b3034e-1730-4894-9f5e-662628e0e0be
74108,00.78852,"Structure Equipment Damages",25024,NULL,EA,NULL,NULL,1,0,00.78852,NULL,NULL,e611d94b-32b0-466a-b4dc-880d678ad6ff
74109,00.10020,"Setup Cranes",25024,NULL,EA,NULL,NULL,1,0,00.10020,NULL,NULL,1c6ca343-9438-4dc7-afac-1d638d476e4a
74110,00.78850,"Dirt Equipment Damages",25024,NULL,EA,NULL,NULL,1,0,00.78850,NULL,NULL,38c7ae27-937e-473c-bf9d-f545d3b37fdb
74112,00.78855,"Vehicle Damage - Job Charged",25024,NULL," ",NULL,NULL,1,0,00.78855,NULL,NULL,79cfb0ca-a4ce-4440-86e0-8f517cdb2bcc
74164,00.10805,Mechanic,25027,NULL,EA,NULL,NULL,1,0,00.10805,NULL,NULL,9ac23152-4c43-45d4-984d-10a68bcdaaf3
74165,00.10020,"Setup Cranes",25027,NULL,EA,NULL,NULL,1,0,00.10020,NULL,NULL,aa5c2783-c023-4030-9722-55678131cb22
74166,00.78850,"Job Damaged Equip Reparis",25027,NULL,EA,NULL,NULL,1,0,00.78850,NULL,NULL,e11d2ce6-11b2-4d55-a475-7f82594f872f
74167,00.78855,"Vehicle Damage - Job Charged",25027,NULL," ",NULL,NULL,1,0,00.78855,NULL,NULL,bb28aab9-0de2-4af8-a322-2e6d28fab166
74206,00.10020,"Setup Cranes",25034,NULL,EA,NULL,NULL,1,0,00.10020,NULL,NULL,817e196b-8c5b-4155-8aa5-b65913ccf598
74207,00.10805,Mechanic,25034,NULL,EA,NULL,NULL,1,0,00.10805,NULL,NULL,2692c19e-e216-4b36-9fa5-62b7486d3281
74209,00.78850,"Job Damaged Equip Reparis",25034,NULL,EA,NULL,NULL,1,0,00.78850,NULL,NULL,a02c5f9c-b959-4cba-9471-11de1bea8684
74215,00.78855,"Vehicle Damage - Job Charged",25034,NULL," ",NULL,NULL,1,0,00.78855,NULL,NULL,d89b3301-6f41-4323-8119-e3be9c77820b
74181,00.10020,"Setup Cranes",25036,NULL,EA,NULL,NULL,1,0,00.10020,NULL,NULL,2ae740c3-5646-49d3-8de5-cc5c03aab797
74184,00.10805,Mechanic,25036,NULL,EA,NULL,NULL,1,0,00.10805,NULL,NULL,ec76f7e2-bfdf-4be8-bac9-8efdcdd52310
74185,00.78850,"Job Damaged Equip Reparis",25036,NULL,EA,NULL,NULL,1,0,00.78850,NULL,NULL,d12a2df8-298a-4959-a03d-cb0a54b76855
74186,00.78855,"Vehicle Damage - Job Charged",25036,NULL," ",NULL,NULL,1,0,00.78855,NULL,NULL,9822b2f8-7ef2-403b-9493-45bbbe1a4cc1
74252,00.10805,Mechanic,25037,NULL,EA,NULL,NULL,1,0,00.10805,NULL,NULL,403d453a-3642-4be6-bdbc-9a8115643555
74254,00.10020,"Setup Cranes",25037,NULL,EA,NULL,NULL,1,0,00.10020,NULL,NULL,4bdb61d6-c32a-4097-9776-5797ff735171
74255,00.78855,"Vehicle Damage - Job Charged",25037,NULL," ",NULL,NULL,1,0,00.78855,NULL,NULL,a453f612-d0f0-41ad-bf01-0916490b525f
74258,00.78850,"Job Damaged Equip Reparis",25037,NULL,EA,NULL,NULL,1,0,00.78850,NULL,NULL,f49544fb-897b-44ca-b0b8-d1031454241f
74231,00.10020,"Setup Cranes",25038,NULL,EA,NULL,NULL,1,0,00.10020,NULL,NULL,2cd983be-0cde-4d70-986e-3040c1373640
74232,00.78852,"Structure Equipment Damages",25038,NULL,EA,NULL,NULL,1,0,00.78852,NULL,NULL,f57b3ab5-22e7-43cd-aac8-698c7110925d
74233,00.10805,Mechanic,25038,NULL,EA,NULL,NULL,1,0,00.10805,NULL,NULL,f5f157c1-f729-499c-bf98-963ec05275dd
74234,00.78855,"Vehicle Damage - Job Charged",25038,NULL,EA,NULL,NULL,1,0,00.78855,NULL,NULL,1fb019ab-d38d-4577-8d0e-f98eb464ca23
74235,00.78850,"Job Damaged Dirt Equip Reparis",25038,NULL,EA,NULL,NULL,1,0,00.78850,NULL,NULL,7a687b61-eb85-4435-890b-8b01be246b14
74216,00.10805,Mechanic,25040,NULL,DY,NULL,NULL,1,0,00.10805,NULL,NULL,7a122099-ff82-4c3b-9839-08bc8e2be97b
74217,00.78850,"Dirt Equipment Damages",25040,NULL,EA,NULL,NULL,1,0,00.78850,NULL,NULL,3259f031-4bb2-42bb-b4d5-160c5fd9e56c
74219,00.78852,"Structure Equipment Damages",25040,NULL,EA,NULL,NULL,1,0,00.78852,NULL,NULL,c91dbe4b-57ad-45bb-a01c-f31fee292bb2
74220,00.10020,"Setup Cranes",25040,NULL,EA,NULL,NULL,1,0,00.10020,NULL,NULL,e0689302-1b2c-4cb7-ba47-8090af23a4b1
74221,00.78855,"Vehicle Damage - Job Charged",25040,NULL," ",NULL,NULL,1,0,00.78855,NULL,NULL,b4a03bc9-d2a8-4bb0-b58a-70698c389e45
74187,00.78850,"Dirt Equipment Damages",25041,NULL," ",NULL,NULL,1,0,00.78850,NULL,NULL,1957fcaa-d6c2-401b-9314-3c07c168494f
74188,00.78852,"Structure Equipment Damages",25041,NULL,EA,NULL,NULL,1,0,00.78852,NULL,NULL,918b6ddf-b2eb-4971-bc55-1a355ae38885
74189,00.78855,"Vehicle Damage - Job Charged",25041,NULL," ",NULL,NULL,1,0,00.78855,NULL,NULL,08718f55-a0ce-499b-a3ad-5803af56285c
74190,00.10020,"Setup Cranes",25041,NULL,EA,NULL,NULL,1,0,00.10020,NULL,NULL,1f3e164a-ac3e-492f-9af4-034680d4caf1
74193,00.10805,Mechanic,25041,NULL,MH,NULL,NULL,1,0,00.10805,NULL,NULL,1ed2e5d9-706d-4f43-bb87-9164b2494282
74196,00.10020,"Setup Cranes",25043,NULL,EA,NULL,NULL,1,0,00.10020,NULL,NULL,4ce85531-2505-4efa-9051-c8054353be76
74198,00.10805,Mechanic,25043,NULL,EA,NULL,NULL,1,0,00.10805,NULL,NULL,9b0af773-b782-4ceb-91b0-c7338f6d5090
74199,00.78850,"Job Damaged Dirt Equip Reparis",25043,NULL,EA,NULL,NULL,1,0,00.78850,NULL,NULL,b9e0ad51-1eac-4010-96ce-2bc95f9680f1
74200,00.78852,"Structure Equipment Damages",25043,NULL,EA,NULL,NULL,1,0,00.78852,NULL,NULL,38d80d43-dadb-4132-931e-458dd8d3557c
74205,00.78855,"Vehicle Damage - Job Charged",25043,NULL,EA,NULL,NULL,1,0,00.78855,NULL,NULL,ea3c0301-f546-4bdf-aa0a-dc5e5be1b45c
74222,00.10020,"Setup Cranes",25047,NULL,EA,NULL,NULL,1,0,00.10020,NULL,NULL,2579e710-228e-4f91-811f-0fe8006236c5
74223,00.10805,Mechanic,25047,NULL,EA,NULL,NULL,1,0,00.10805,NULL,NULL,9a4a2a34-aaf8-42b9-b20b-d0e2ea4305ca
74224,00.78850,"Job Damaged Dirt Equip Reparis",25047,NULL,EA,NULL,NULL,1,0,00.78850,NULL,NULL,1bd07489-c7b9-41e5-b40c-07faccb48d2a
74225,00.78855,"Vehicle Damage - Job Charged",25047,NULL,EA,NULL,NULL,1,0,00.78855,NULL,NULL,ab88c52c-0597-4ae5-b2b2-7bb4dbe51d53
74229,00.78852,"Structure Equipment Damages",25047,NULL,EA,NULL,NULL,1,0,00.78852,NULL,NULL,286e60d7-549b-4443-9328-637dbbe1aed0
74245,00.10805,Mechanic,25048,NULL,EA,NULL,NULL,1,0,00.10805,NULL,NULL,fa1cb6e4-efe2-433f-90ec-5557171594d2
74246,00.10020,"Setup Cranes",25048,NULL,EA,NULL,NULL,1,0,00.10020,NULL,NULL,05e15b4a-bfb3-4a8e-923e-b4a2b18ffafe
74247,00.78855,"Vehicle Damage - Job Charged",25048,NULL," ",NULL,NULL,1,0,00.78855,NULL,NULL,c30052a2-ac92-4dc5-910a-38a554548d8f
74256,00.78850,"Job Damaged Equip Reparis",25048,NULL,EA,NULL,NULL,1,0,00.78850,NULL,NULL,4a39bd43-81ac-4492-86fd-d0ea863b03f2
74263,00.10805,Mechanic,25049,NULL,DY,NULL,NULL,1,0,00.10805,NULL,NULL,77b54e19-8fe6-4c6a-92ab-0f2f7a4db403
74264,00.10020,"Setup Cranes",25049,NULL,EA,NULL,NULL,1,0,00.10020,NULL,NULL,1fc0090d-6fdc-4b9c-a93b-3c482062a4e3
74265,00.78855,"Vehicle Damage - Job Charged",25049,NULL," ",NULL,NULL,1,0,00.78855,NULL,NULL,31b81af8-211e-4006-9ca1-e67a587703f6
74266,00.78850,"Job Damaged Equip Reparis",25049,NULL,EA,NULL,NULL,1,0,00.78850,NULL,NULL,03311f02-3fa0-4290-b7a9-fda9ec94f302
74267,00.10805,Mechanic,25051,NULL,EA,NULL,NULL,1,0,00.10805,NULL,NULL,999c4d7c-6467-46fa-b1cf-3f85b420cc8a
74268,00.10020,"Setup Cranes",25051,NULL,EA,NULL,NULL,1,0,00.10020,NULL,NULL,98bafb55-12c2-41b0-8b74-70401346ebe9
74269,00.78850,"Job Damaged Equip Reparis",25051,NULL,EA,NULL,NULL,1,0,00.78850,NULL,NULL,7cff3e73-240f-4eff-8dd8-55b45d0bbb92
74270,00.78855,"Vehicle Damage - Job Charged",25051,NULL," ",NULL,NULL,1,0,00.78855,NULL,NULL,c7d4369e-c37f-4807-a168-778ad63c378f
74292,00.10020,"Setup Cranes",25053,NULL,EA,NULL,NULL,1,0,00.10020,NULL,NULL,3ca4dbfb-7398-43f8-af9a-d58ebd0612f9
74294,00.10805,Mechanic,25053,NULL,EA,NULL,NULL,1,0,00.10805,NULL,NULL,20eb6958-8d9a-4929-8920-fe075c5ff9e0
74295,00.78850,"Job Damaged Dirt Equip Reparis",25053,NULL,EA,NULL,NULL,1,0,00.78850,NULL,NULL,af752326-54e0-4b17-a4e1-9931ceb89d7c
74296,00.78855,"Vehicle Damage - Job Charged",25053,NULL,EA,NULL,NULL,1,0,00.78855,NULL,NULL,6e310bc6-95a0-4064-9339-fb8386e53893
74299,00.78852,"Structure Equipment Damages",25053,NULL,EA,NULL,NULL,1,0,00.78852,NULL,NULL,342238c0-37cc-4506-af2e-99d06ad494aa
74278,00.10020,"Setup Cranes",25054,NULL,EA,NULL,NULL,1,0,00.10020,NULL,NULL,dee3ee7a-57f5-4337-9e2d-c9da3e1d076d
74280,00.10805,Mechanic,25054,NULL,EA,NULL,NULL,1,0,00.10805,NULL,NULL,e835eda2-b290-4efe-af96-d433a627d722
74281,00.78855,"Vehicle Damage - Job Charged",25054,NULL," ",NULL,NULL,1,0,00.78855,NULL,NULL,a5f27d9b-6f4d-4340-beb4-e5520cd0472d
74282,00.78850,"Job Damaged Equip Reparis",25054,NULL,EA,NULL,NULL,1,0,00.78850,NULL,NULL,626e2ae5-c5d7-4ad3-be4b-baf82285ca3c
74308,00.10020,"Setup Cranes",25056,NULL,EA,NULL,NULL,1,0,00.10020,NULL,NULL,824ca339-9976-42e7-9c72-e30cd4e131cd
74309,00.78850,"Job Damaged Equip Reparis",25056,NULL,EA,NULL,NULL,1,0,00.78850,NULL,NULL,ee8e4528-e256-4075-bf59-4e1bd96fb23c
74310,00.78855,"Vehicle Damage - Job Charged",25056,NULL," ",NULL,NULL,1,0,00.78855,NULL,NULL,f133329c-cf74-45bf-834f-507c27f6afaa
74311,00.10805,Mechanic,25056,NULL,EA,NULL,NULL,1,0,00.10805,NULL,NULL,788566ed-1701-4492-bde4-80782ebb36cd
74276,00.10020,"Setup Cranes",25057,NULL,EA,NULL,NULL,1,0,00.10020,NULL,NULL,3dde31f5-fc6b-429d-bcab-037d734d84ab
74277,00.10805,Mechanic,25057,NULL,EA,NULL,NULL,1,0,00.10805,NULL,NULL,8cb4c675-b219-4917-affe-74f92ec365c0
74279,00.78855,"Vehicle Damage - Job Charged",25057,NULL," ",NULL,NULL,1,0,00.78855,NULL,NULL,0dd02110-9ebe-40d4-9980-1e7b8a3f6978
74285,00.78850,"Job Damaged Equip Reparis",25057,NULL,EA,NULL,NULL,1,0,00.78850,NULL,NULL,ce538274-156c-4375-b710-5e4631a23c91
74312,00.78850,"Dirt Equipment Damages",25059,NULL,EA,NULL,NULL,1,0,00.78850,NULL,NULL,4ce484de-0241-40de-bb86-8748d678be1f
74313,00.10020,"Setup Cranes",25059,NULL,EA,NULL,NULL,1,0,00.10020,NULL,NULL,989989db-d51a-4137-a1c9-3e166983291f
74314,00.78852,"Structure Equipment Damages",25059,NULL,EA,NULL,NULL,1,0,00.78852,NULL,NULL,73259515-ba64-4418-9e2a-0fa79b03ca21
74318,00.78855,"Vehicle Damage - Job Charged",25059,NULL," ",NULL,NULL,1,0,00.78855,NULL,NULL,0232ffcc-e217-403f-8781-c509c24fd315
74322,00.10805,Mechanic,25059,NULL,EA,NULL,NULL,1,0,00.10805,NULL,NULL,2da76ea3-8719-404c-be94-b9aeda9c5a12
74297,00.10020,"Setup Cranes",25061,NULL,EA,NULL,NULL,1,0,00.10020,NULL,NULL,832878ad-4aef-4cb2-955a-a0a1ab7bbe13
74298,00.10805,Mechanic,25061,NULL,EA,NULL,NULL,1,0,00.10805,NULL,NULL,afb73408-6e96-4cee-9918-a27bce26165e
74300,00.78850,"Dirt Equipment Damages",25061,NULL,EA,NULL,NULL,1,0,00.78850,NULL,NULL,51a92b39-8d27-40da-ba27-eaa606844036
74301,00.78852,"Structure Equipment Damages",25061,NULL,EA,NULL,NULL,1,0,00.78852,NULL,NULL,2c23498d-8fcd-4253-8c65-3365e38d0376
74307,00.78855,"Vehicle Damage - Job Charged",25061,NULL," ",NULL,NULL,1,0,00.78855,NULL,NULL,f68c051c-4031-4db6-85a2-92a7d195bdc9
74302,00.10805,Mechanic,25063,NULL,EA,NULL,NULL,1,0,00.10805,NULL,NULL,bfb356a9-97c4-466d-b90f-30af58b3458f
74303,00.78850,"Dirt Equipment Damages",25063,NULL,EA,NULL,NULL,1,0,00.78850,NULL,NULL,2924cdf3-be99-4074-ac6b-4ee7524ebd6e
74304,00.10020,"Setup Cranes",25063,NULL,EA,NULL,NULL,1,0,00.10020,NULL,NULL,8355c296-5dc5-4429-b632-d7c24526be32
74305,00.78852,"Structure Equipment Damages",25063,NULL,EA,NULL,NULL,1,0,00.78852,NULL,NULL,2277b8e3-71e5-4105-83aa-9019837b58ed
74306,00.78855,"Vehicle Damage - Job Charged",25063,NULL," ",NULL,NULL,1,0,00.78855,NULL,NULL,bcef0b9b-23c6-4f32-830a-1d870ba99bfc
74336,00.10020,"Setup Cranes",25065,NULL,EA,NULL,NULL,1,0,00.10020,NULL,NULL,e8edff3a-1fe4-47d9-a147-a4f1cfe5ea5b
74337,00.78850,"Dirt Equipment Damages",25065,NULL,EA,NULL,NULL,1,0,00.78850,NULL,NULL,d5b6cc37-167b-4041-b60b-28499540e9db
74338,00.10805,Mechanic,25065,NULL,EA,NULL,NULL,1,0,00.10805,NULL,NULL,86654959-b7fd-4390-98aa-59409347d924
74339,00.78855,"Vehicle Damage - Job Charged",25065,NULL," ",NULL,NULL,1,0,00.78855,NULL,NULL,108226ea-8bc9-46d7-9630-bec0b61c0ffe
74340,00.78852,"Structure Equipment Damages",25065,NULL,EA,NULL,NULL,1,0,00.78852,NULL,NULL,5413f3e4-a5a1-429c-b594-07e0a8cabc46
74365,00.10805,Mechanic,25066,NULL,EA,NULL,NULL,1,0,00.10805,NULL,NULL,4a9ba3c8-d369-4ccd-a27d-5d9d4e3e14a3
74367,00.78850,"Job Damaged Equip Reparis",25066,NULL,EA,NULL,NULL,1,0,00.78850,NULL,NULL,e23dcdd9-0f7b-4f6e-b9f9-cb7964dac064
74368,00.78855,"Vehicle Damage - Job Charged",25066,NULL," ",NULL,NULL,1,0,00.78855,NULL,NULL,5bc4a4f3-81be-48da-9ea3-d229c4b6724a
74370,00.10020,"Setup Cranes",25066,NULL,EA,NULL,NULL,1,0,00.10020,NULL,NULL,ec8c02eb-5489-4b0a-bfda-79e692b612fc
74319,00.10020,"Setup Cranes",25068,NULL,EA,NULL,NULL,1,0,00.10020,NULL,NULL,8485d79c-e590-4f1d-8c36-a86d48be9a34
74323,00.10805,Mechanic,25068,NULL,EA,NULL,NULL,1,0,00.10805,NULL,NULL,d298b151-23fe-4b89-b9db-377d5af59370
74324,00.78855,"Vehicle Damage - Job Charged",25068,NULL," ",NULL,NULL,1,0,00.78855,NULL,NULL,0041378b-688f-4e0a-aed1-0198deda9b00
74325,00.78850,"Job Damaged Equip Reparis",25068,NULL,EA,NULL,NULL,1,0,00.78850,NULL,NULL,f8ac4794-89e7-4597-b0e5-4a34123cfdf8
74347,00.10805,Mechanic,25070,NULL,EA,NULL,NULL,1,0,00.10805,NULL,NULL,6ff8c65b-3738-414b-ba24-6716c7742e17
74349,00.78850,"Dirt Equipment Damages",25070,NULL,EA,NULL,NULL,1,0,00.78850,NULL,NULL,18ab7cb2-238d-43c7-b103-6b14ac77af37
74350,00.78852,"Structure Equipment Damages",25070,NULL,EA,NULL,NULL,1,0,00.78852,NULL,NULL,539810d3-3c37-4257-95a2-6b546ffb68c4
74352,00.10020,"Setup Cranes",25070,NULL,EA,NULL,NULL,1,0,00.10020,NULL,NULL,41ff5999-80b9-419c-b390-f42e070d4a24
74354,00.78855,"Vehicle Damage - Job Charged",25070,NULL," ",NULL,NULL,1,0,00.78855,NULL,NULL,01e98803-3915-4dad-a4f3-44d3f308124c
74355,00.10020,"Setup Cranes",25072,NULL,EA,NULL,NULL,1,0,00.10020,NULL,NULL,b253bd8a-dacd-41d0-8742-843dd2207d26
74357,00.10805,Mechanic,25072,NULL,EA,NULL,NULL,1,0,00.10805,NULL,NULL,3a75e14c-cb84-4715-9197-7d66fc849099
74358,00.78855,"Vehicle Damage - Job Charged",25072,NULL," ",NULL,NULL,1,0,00.78855,NULL,NULL,f8af3fc6-236d-4810-8e98-7f164b9da6c8
74360,00.78850,"Dirt Equipment Damages",25072,NULL,EA,NULL,NULL,1,0,00.78850,NULL,NULL,6a7bf0e6-6b9c-4374-9eaa-2e9d0b1e181e
74361,00.78852,"Structure Equipment Damages",25072,NULL,EA,NULL,NULL,1,0,00.78852,NULL,NULL,0e25b5ee-2424-432e-8485-c41ce174cf21
74379,00.10020,"Setup Cranes",25076,NULL,EA,NULL,NULL,1,0,00.10020,NULL,NULL,7357ff29-6d66-4a4f-9163-1c175d47633f
74380,00.10805,Mechanic,25076,NULL,EA,NULL,NULL,1,0,00.10805,NULL,NULL,d4c9e9f0-214f-448c-9008-ecf48396c8f9
74383,00.78850,"Job Damaged Equip Reparis",25076,NULL,EA,NULL,NULL,1,0,00.78850,NULL,NULL,f589beff-81a9-4663-bef1-a09e7b04a1d6
74385,00.78855,"Vehicle Damage - Job Charged",25076,NULL," ",NULL,NULL,1,0,00.78855,NULL,NULL,e5c6db19-3311-4cdf-9584-1e0715483170
74388,00.78850,"Dirt Equipment Damages",25077,NULL,EA,NULL,NULL,1,0,00.78850,NULL,NULL,df90be52-74a2-49c3-80ab-819defaecf66
74390,00.78852,"Structure Equipment Damages",25077,NULL,EA,NULL,NULL,1,0,00.78852,NULL,NULL,95c8c47b-8e14-4c69-91ed-d3bae3c3ce81
74391,00.10805,Mechanic,25077,NULL,EA,NULL,NULL,1,0,00.10805,NULL,NULL,078366ae-9cfb-4691-8504-06674f9bd940
74392,00.10020,"Setup Cranes",25077,NULL,EA,NULL,NULL,1,0,00.10020,NULL,NULL,af9096c1-0d32-443f-8e14-8987173332fb
74396,00.78855,"Vehicle Damage - Job Charged",25077,NULL," ",NULL,NULL,1,0,00.78855,NULL,NULL,d5816d90-7c14-4100-9f4e-42af67a1d8b5
74382,00.10020,"Setup Cranes",25078,NULL,EA,NULL,NULL,1,0,00.10020,NULL,NULL,fcecf5ac-c3f5-4615-b991-775509b85e69
74384,00.78852,"Structure Equipment Damages",25078,NULL,EA,NULL,NULL,1,0,00.78852,NULL,NULL,b790dc0d-9fb1-4df3-810d-267ffd0e0d55
74386,00.78850,"Dirt Equipment Damages",25078,NULL,EA,NULL,NULL,1,0,00.78850,NULL,NULL,086260d4-9a9d-4a54-ac66-7e11e078e0d0
74387,00.78855,"Vehicle Damage - Job Charged",25078,NULL," ",NULL,NULL,1,0,00.78855,NULL,NULL,aa70abc3-1b51-41ba-a2fe-0c3006c9bbe3
74389,00.10805,Mechanic,25078,NULL,DY,NULL,NULL,1,0,00.10805,NULL,NULL,02e2fc23-750f-48b0-9bfc-8ca0745e85da
74403,00.10020,"Setup Cranes",25081,NULL,EA,NULL,NULL,1,0,00.10020,NULL,NULL,a0b35b6d-c416-4364-8fa9-df48cd8fc695
74404,00.10805,Mechanic,25081,NULL,EA,NULL,NULL,1,0,00.10805,NULL,NULL,1c791997-5c34-4c9d-9e05-a8984d95592b
74408,00.78850,"Job Damaged Equip Reparis",25081,NULL,EA,NULL,NULL,1,0,00.78850,NULL,NULL,5f78a2ea-112e-4949-9e68-943d78edd81f
74410,00.78855,"Vehicle Damage - Job Charged",25081,NULL," ",NULL,NULL,1,0,00.78855,NULL,NULL,ce367363-982e-4d42-9801-dbee3af968fb
74444,00.10805,Mechanic,25083,NULL,EA,NULL,NULL,1,0,00.10805,NULL,NULL,45eb7c2e-cae7-4632-9ae4-cad4da5b3a4c
74445,00.10020,"Setup Cranes",25083,NULL,EA,NULL,NULL,1,0,00.10020,NULL,NULL,3926a48b-a95d-4930-a43f-5c40dfaaec37
74446,00.78850,"Job Damaged Equip Reparis",25083,NULL,EA,NULL,NULL,1,0,00.78850,NULL,NULL,ca71daf1-d29b-47cd-95c0-54da734f7c82
74449,00.78855,"Vehicle Damage - Job Charged",25083,NULL," ",NULL,NULL,1,0,00.78855,NULL,NULL,1aa22a87-d91e-4937-98b4-66c43e174985
74419,00.10020,"Setup Cranes",25086,NULL,EA,NULL,NULL,1,0,00.10020,NULL,NULL,ef395ace-6e5d-4597-9295-73fa5d90c20e
74420,00.10805,Mechanic,25086,NULL,EA,NULL,NULL,1,0,00.10805,NULL,NULL,b924fa17-9c63-4e39-ad51-5b6116c7056a
74421,00.78855,"Vehicle Damage - Job Charged",25086,NULL," ",NULL,NULL,1,0,00.78855,NULL,NULL,dcca31c9-8a5f-45c2-bdc8-cb12f72fe7e3
74422,00.78850,"Job Damaged Equip Reparis",25086,NULL,EA,NULL,NULL,1,0,00.78850,NULL,NULL,5de60c18-3d0e-4bb8-8db7-58cb62b02901
74424,00.10050,"Setup Barges",25087,NULL,SF,NULL,NULL,1,0,00.10050,NULL,NULL,39612a18-76dc-4313-a142-982d329c0faa
74425,00.10020,"Setup Cranes",25087,NULL,EA,NULL,NULL,1,0,00.10020,NULL,NULL,94021a30-11d6-4fa2-859a-56da38257927
74426,00.78855,"Vehicle Damage - Job Charged",25087,NULL,EA,NULL,NULL,1,0,00.78855,NULL,NULL,b55198dd-ffc0-4113-bb55-d40b10843673
74427,00.10805,Mechanic,25087,NULL,DY,NULL,NULL,1,0,00.10805,NULL,NULL,968417fe-8f3d-4ffb-b84c-2b1c42543de5
74428,00.78850,"Job Damaged Equip Reparis",25087,NULL,EA,NULL,NULL,1,0,00.78850,NULL,NULL,5ca0e5b2-97ce-4fd7-b205-36445f2a4a95
74429,00.78852,"Structure Equipment Damages",25087,NULL,EA,NULL,NULL,1,0,00.78852,NULL,NULL,ee48da44-acfa-4140-96e3-a2438a7e42f8
74457,00.78852,"Structure Equipment Damages",25088,NULL,EA,NULL,NULL,1,0,00.78852,NULL,NULL,95ae91cd-4147-4df6-a961-a7ef6fc6fd47
74458,00.10020,"Setup Cranes",25088,NULL,EA,NULL,NULL,1,0,00.10020,NULL,NULL,248e4962-5125-4cec-b8b5-1993527c06f8
74459,00.10805,Mechanic,25088,NULL,EA,NULL,NULL,1,0,00.10805,NULL,NULL,d415365c-19c6-4385-93fa-d495a2735d47
74462,00.78850,"Dirt Equipment Damages",25088,NULL,EA,NULL,NULL,1,0,00.78850,NULL,NULL,842ffd96-a24b-43a9-8cab-d738a7f43c77
74463,00.78855,"Vehicle Damage - Job Charged",25088,NULL," ",NULL,NULL,1,0,00.78855,NULL,NULL,0e8d7368-1618-4fd9-8f02-05bc110a4fd7
74452,00.10805,Mechanic,25091,NULL,EA,NULL,NULL,1,0,00.10805,NULL,NULL,e0411c36-ff03-430c-8bf7-50b0c0b93d75
74454,00.10020,"Setup Cranes",25091,NULL,EA,NULL,NULL,1,0,00.10020,NULL,NULL,9fc8438b-3e60-4ccb-896b-dc35662013db
74455,00.78850,"Job Damaged Equip Reparis",25091,NULL,EA,NULL,NULL,1,0,00.78850,NULL,NULL,e29bcbae-109f-4acc-b218-98ed61cda7bf
74456,00.78855,"Vehicle Damage - Job Charged",25091,NULL," ",NULL,NULL,1,0,00.78855,NULL,NULL,09111fb6-fa17-4cc0-89e4-c3dd12a6fa3a
74467,00.10020,"Setup Cranes",25092,NULL,EA,NULL,NULL,1,0,00.10020,NULL,NULL,56e3bed7-3d8e-493d-bd42-106fe8496b2f
74468,00.10805,Mechanic,25092,NULL,DY,NULL,NULL,1,0,00.10805,NULL,NULL,8e8ff273-05e9-4ccf-87cd-89e4dff078bb
74469,00.78855,"Vehicle Damage - Job Charged",25092,NULL," ",NULL,NULL,1,0,00.78855,NULL,NULL,4ed98305-3f86-426c-9a6f-540d3fc2d416
74470,00.78852,"Structure Equipment Damages",25092,NULL,EA,NULL,NULL,1,0,00.78852,NULL,NULL,acac570e-addc-4771-912f-83a0d6b806d2
74471,00.78850,"Dirt Equipment Damages",25092,NULL,EA,NULL,NULL,1,0,00.78850,NULL,NULL,7e29ac38-9976-48b9-9353-a86705aba47b
74430,00.10020,"Setup Cranes",25095,NULL,EA,NULL,NULL,1,0,00.10020,NULL,NULL,0249a65d-9315-41a8-9bf7-cb0df571d893
74431,00.10805,Mechanic,25095,NULL,EA,NULL,NULL,1,0,00.10805,NULL,NULL,dde63171-e922-480c-b68b-b94dcf45d720
74432,00.78855,"Vehicle Damage - Job Charged",25095,NULL," ",NULL,NULL,1,0,00.78855,NULL,NULL,290c23a9-4a25-4dbb-b5d4-27d3d98fbe27
74433,00.78850,"Job Damaged Equip Reparis",25095,NULL,EA,NULL,NULL,1,0,00.78850,NULL,NULL,56b3f3e0-66a4-4c4b-bdee-1f3cd17f5b1c
74434,00.78852,"Structure Equipment Damages",25095,NULL,EA,NULL,NULL,1,0,00.78852,NULL,NULL,aaa12a2b-602c-4fbf-bd21-57c69b5cfce9
74437,00.10805,Mechanic,25096,NULL,EA,NULL,NULL,1,0,00.10805,NULL,NULL,32ce09de-a7be-4fb2-8e8a-90a1a947c1de
74438,00.10020,"Setup Cranes",25096,NULL,EA,NULL,NULL,1,0,00.10020,NULL,NULL,ea718307-8f32-4531-ba88-006de182d507
74440,00.78855,"Vehicle Damage - Job Charged",25096,NULL," ",NULL,NULL,1,0,00.78855,NULL,NULL,38bf2c70-1de6-4d93-b128-a9ead4ff0248
74442,00.78850,"Job Damaged Equip Reparis",25096,NULL,EA,NULL,NULL,1,0,00.78850,NULL,NULL,26659cc1-7b97-4d06-8449-1b52803416ab
74447,00.10020,"Setup Cranes",25099,NULL,EA,NULL,NULL,1,0,00.10020,NULL,NULL,6278653f-8624-4280-9dae-935ff2e7f57f
74448,00.10805,Mechanic,25099,NULL,EA,NULL,NULL,1,0,00.10805,NULL,NULL,6f6338d0-4ca7-443e-ba48-8edcc6270991
74450,00.78855,"Vehicle Damage - Job Charged",25099,NULL,EA,NULL,NULL,1,0,00.78855,NULL,NULL,00aa7745-9c5e-4748-b2ea-e70d61c96589
74451,00.78852,"Structure Equipment Damages",25099,NULL,EA,NULL,NULL,1,0,00.78852,NULL,NULL,b86b2a9f-bded-4cc9-acb2-fddb0cfb5caa
74453,00.78850,"Job Damaged Dirt Equip Reparis",25099,NULL,EA,NULL,NULL,1,0,00.78850,NULL,NULL,29f25f10-8ffe-4547-acf0-0b5e05d7580e
74493,00.10805,Mechanic,25100,NULL,EA,NULL,NULL,1,0,00.10805,NULL,NULL,e00521c8-07c5-4425-9574-8ddc2a661890
74494,00.78855,"Vehicle Damage - Job Charged",25100,NULL," ",NULL,NULL,1,0,00.78855,NULL,NULL,2b167f8e-88f5-4d90-a2ef-5df68a9541bd
74495,00.78850,"Job Damaged Equip Reparis",25100,NULL,EA,NULL,NULL,1,0,00.78850,NULL,NULL,eaf68e39-71ba-4adf-abac-519595ddeb3c
74501,00.78855,"Vehicle Damage - Job Charged",25108,NULL," ",NULL,NULL,1,0,00.78855,NULL,NULL,1f5daed2-75b7-4f73-9e41-3361c59aac4e
74502,00.10805,Mechanic,25108,NULL,EA,NULL,NULL,1,0,00.10805,NULL,NULL,533aa9cf-f227-4158-a17c-b136ff221237
74503,00.10020,"Setup Cranes",25108,NULL,EA,NULL,NULL,1,0,00.10020,NULL,NULL,7ac460d5-845c-410c-8cc5-99e3c65e8a9e
74505,00.78850,"Job Damaged Equip Reparis",25108,NULL,EA,NULL,NULL,1,0,00.78850,NULL,NULL,25b0993f-f179-4c1c-a8e2-e30cce36ab7a
74510,00.10805,Mechanic,25109,NULL,EA,NULL,NULL,1,0,00.10805,NULL,NULL,f91abc14-44d2-4e8f-80b4-cbbdf4941980
74511,00.10020,"Setup Cranes",25109,NULL,EA,NULL,NULL,1,0,00.10020,NULL,NULL,d131b601-ae34-46a5-835a-49ef4444e018
74513,00.78850,"Job Damaged Equip Reparis",25109,NULL,EA,NULL,NULL,1,0,00.78850,NULL,NULL,fd574df0-7337-4465-a94e-f3a78765009b
74515,00.78855,"Vehicle Damage - Job Charged",25109,NULL," ",NULL,NULL,1,0,00.78855,NULL,NULL,f5f18bc5-ab06-4fb5-9539-1a3e652e1238
74535,00.10805,Mechanic,25113,NULL,EA,NULL,NULL,1,0,00.10805,NULL,NULL,0b57e9b4-e175-43ff-9b7c-bdcdf36bd24a
74536,00.10020,"Setup Cranes",25113,NULL,EA,NULL,NULL,1,0,00.10020,NULL,NULL,a8297a89-079d-4978-8459-6ef23466391a
74537,00.78850,"Job Damaged Equip Reparis",25113,NULL,EA,NULL,NULL,1,0,00.78850,NULL,NULL,edda6156-0855-453d-9c5d-d14429966a63
74538,00.78855,"Vehicle Damage - Job Charged",25113,NULL," ",NULL,NULL,1,0,00.78855,NULL,NULL,7c54041d-566c-4994-ab99-f975bda30046
74541,00.10020,"Setup Cranes",25114,NULL,EA,NULL,NULL,1,0,00.10020,NULL,NULL,b72305da-8830-4a1f-a5bd-3291e975abc6
74544,00.10805,Mechanic,25114,NULL,EA,NULL,NULL,1,0,00.10805,NULL,NULL,45dafd3b-e8dd-4533-84ff-5b0e789d2496
74545,00.78852,"Structure Equipment Damages",25114,NULL,EA,NULL,NULL,1,0,00.78852,NULL,NULL,d0308048-c7e9-43dd-91f1-3f998895be5d
74546,00.78855,"Vehicle Damage - Job Charged",25114,NULL,EA,NULL,NULL,1,0,00.78855,NULL,NULL,88cc5760-3a36-4c37-bf07-d0adf9717273
74547,00.78850,"Job Damaged Dirt Equip Reparis",25114,NULL,EA,NULL,NULL,1,0,00.78850,NULL,NULL,388a305f-c3e5-4ff2-b5a5-36366ae9f968
74556,00.10020,"Setup Cranes",25115,NULL,EA,NULL,NULL,1,0,00.10020,NULL,NULL,b2f53c74-e790-49c4-a0a4-62ba7f610048
74557,00.10805,Mechanic,25115,NULL,EA,NULL,NULL,1,0,00.10805,NULL,NULL,520018c8-6db4-4c07-89fd-1b0ff887c400
74558,00.78850,"Job Damaged Equip Reparis",25115,NULL,EA,NULL,NULL,1,0,00.78850,NULL,NULL,5a4543ae-7870-4d2c-8f3d-2c1069de318f
74560,00.78855,"Vehicle Damage - Job Charged",25115,NULL," ",NULL,NULL,1,0,00.78855,NULL,NULL,7af3a3c5-927f-41ed-81f8-eadb62c8d815
74548,00.10020,"Setup Cranes",25116,NULL,EA,NULL,NULL,1,0,00.10020,NULL,NULL,2b097f4a-6b67-46cb-9353-fd04cf317105
74549,00.78850,"Job Damaged Equip Reparis",25116,NULL,EA,NULL,NULL,1,0,00.78850,NULL,NULL,14752e71-f918-4fe8-a6e0-d053abe0e43f
74550,00.10805,Mechanic,25116,NULL,EA,NULL,NULL,1,0,00.10805,NULL,NULL,0c36f441-aa40-4098-a4a8-64d12ad3acbb
74554,00.78855,"Vehicle Damage - Job Charged",25116,NULL," ",NULL,NULL,1,0,00.78855,NULL,NULL,a4786bcf-61d3-4d0d-a734-4dbf8ee0cd9f
74583,00.10020,"Setup Cranes",25117,NULL,EA,NULL,NULL,1,0,00.10020,NULL,NULL,e503df89-ba2e-479a-a83a-9a9131df3b96
74584,00.10805,Mechanic,25117,NULL,EA,NULL,NULL,1,0,00.10805,NULL,NULL,083d71c9-0328-420e-88b2-e1f1dc169505
74585,00.78850,"Job Damaged Equip Reparis",25117,NULL,EA,NULL,NULL,1,0,00.78850,NULL,NULL,1574144f-5f31-4072-8902-38507a96cf8f
74587,00.78855,"Vehicle Damage - Job Charged",25117,NULL," ",NULL,NULL,1,0,00.78855,NULL,NULL,8c1a7748-5894-4715-9ca4-38563b00140f
74586,00.78855,"Vehicle Damage - Job Charged",25121,NULL," ",NULL,NULL,1,0,00.78855,NULL,NULL,89972395-e4ae-4a93-b9b4-397d48ff9c69
74588,00.10805,Mechanic,25121,NULL,EA,NULL,NULL,1,0,00.10805,NULL,NULL,fe2a293b-b629-44a4-83b7-83caa12896dc
74589,00.10020,"Setup Cranes",25121,NULL,EA,NULL,NULL,1,0,00.10020,NULL,NULL,a6903fbf-b814-487a-b4d2-489d30051043
74590,00.78852,"Structure Equipment Damages",25121,NULL,EA,NULL,NULL,1,0,00.78852,NULL,NULL,e341fea0-2bde-40b3-bd99-2f6ee47f75ff
74591,00.78850,"Dirt Equipment Damages",25121,NULL,EA,NULL,NULL,1,0,00.78850,NULL,NULL,7cabda65-51ac-4de5-9715-787275aac7f8
74566,00.10020,"Setup Cranes",25123,NULL,EA,NULL,NULL,1,0,00.10020,NULL,NULL,f4c0f583-9bb5-42d2-a9fd-ea76fb04181f
74568,00.10805,Mechanic,25123,NULL,EA,NULL,NULL,1,0,00.10805,NULL,NULL,f2ce50b5-b3d8-455a-8701-4c5b407fdc90
74569,00.78855,"Vehicle Damage - Job Charged",25123,NULL,EA,NULL,NULL,1,0,00.78855,NULL,NULL,f1a19114-d916-47f6-8bb5-e67ce57e3c1d
74570,00.10050,"Setup/Tear Down Barges",25123,NULL,SF,NULL,NULL,1,0,00.10050,NULL,NULL,b1d62a4d-85c0-487b-938f-b50e442f01e9
74571,00.78852,"Structure Equipment Damages",25123,NULL,EA,NULL,NULL,1,0,00.78852,NULL,NULL,d1b6a0d7-0948-40eb-a864-93e6398136fe
74572,00.78850,"Job Damaged Dirt Equip Reparis",25123,NULL,EA,NULL,NULL,1,0,00.78850,NULL,NULL,9a547071-1e9a-4060-be58-934c55e9fe1d
74616,00.10020,"Setup Cranes",25130,NULL,EA,NULL,NULL,1,0,00.10020,NULL,NULL,574434d4-01b0-48f1-96d7-e0aaede2ddb3
74617,00.10805,Mechanic,25130,NULL,EA,NULL,NULL,1,0,00.10805,NULL,NULL,91d2db22-272e-41fc-a24a-cc1d1ec07d2e
74618,00.78850,"Job Damaged Equip Reparis",25130,NULL,EA,NULL,NULL,1,0,00.78850,NULL,NULL,a4ad2517-ecdc-4695-9e6f-6b6857c1012f
74619,00.78852,"Structure Equipment Damages",25130,NULL,EA,NULL,NULL,1,0,00.78852,NULL,NULL,832002f8-0811-4b42-9666-e003ccec19cc
74620,00.78855,"Vehicle Damage - Job Charged",25130,NULL,EA,NULL,NULL,1,0,00.78855,NULL,NULL,b86522f1-40a5-445b-8396-a5216c89f8cf
74626,00.10020,"Setup Cranes",25131,NULL,EA,NULL,NULL,1,0,00.10020,NULL,NULL,5306ad60-eb8c-4c1c-853f-3f134e855df9
74627,00.10805,Mechanic,25131,NULL,EA,NULL,NULL,1,0,00.10805,NULL,NULL,22a664cc-c48e-46e9-8754-767e46fb45d4
74628,00.78852,"Structure Equipment Damages",25131,NULL,EA,NULL,NULL,1,0,00.78852,NULL,NULL,ff81b641-1303-4a90-a504-58a3103ae661
74629,00.78850,"Job Damaged Dirt Equip Reparis",25131,NULL,EA,NULL,NULL,1,0,00.78850,NULL,NULL,8bc1f0a5-36bc-479c-8f39-4ed0e781add6
74631,00.78855,"Vehicle Damage - Job Charged",25131,NULL,EA,NULL,NULL,1,0,00.78855,NULL,NULL,b0134652-64e7-498f-834e-80fafda59689
74645,00.10805,Mechanic,25133,NULL,EA,NULL,NULL,1,0,00.10805,NULL,NULL,cc7f7688-56c5-4f17-a6a8-fb979d140608
74646,00.78855,"Vehicle Damage - Job Charged",25133,NULL," ",NULL,NULL,1,0,00.78855,NULL,NULL,3809c420-b1e2-42b0-9f3f-07935bcceeb0
74647,00.10020,"Setup Cranes",25133,NULL,EA,NULL,NULL,1,0,00.10020,NULL,NULL,dcd76f12-61d1-4289-8b69-b04f46c6275b
74648,00.78850,"Job Damaged Equip Reparis",25133,NULL,EA,NULL,NULL,1,0,00.78850,NULL,NULL,a7171194-61ee-47b0-89a3-a0a86037ff31
73935,00.10805,Mechanic,24975,NULL,EA,NULL,NULL,1,0,00.10805,NULL,NULL,4cfc07be-30f3-4791-8617-6bb3c957e46e
73936,00.10020,"Setup Cranes",24975,NULL,EA,NULL,NULL,1,0,00.10020,NULL,NULL,699405ca-f9e8-4611-a184-4d8c6a2a6f23
73937,00.78850,"Dirt Equipment Damages",24975,NULL,EA,NULL,NULL,1,0,00.78850,NULL,NULL,f2f20d62-48b6-4679-bad9-a5c21e0e68e6
73938,00.78852,"Structure Equipment Damages",24975,NULL,EA,NULL,NULL,1,0,00.78852,NULL,NULL,bd21f15a-8806-4fcc-a778-47ed5f1c266b
73939,00.78855,"Vehicle Damage - Job Charged",24975,NULL," ",NULL,NULL,1,0,00.78855,NULL,NULL,c8a97b40-8ce9-4b19-962b-3d13becf0bd9
73927,00.78850,"Dirt Equipment Damages",24977,NULL,EA,NULL,NULL,1,0,00.78850,NULL,NULL,beb5ccb1-187e-4136-9b94-68309a47d2a7
73928,00.10805,Mechanic,24977,NULL,EA,NULL,NULL,1,0,00.10805,NULL,NULL,e7e3ea4a-9fdf-4823-9359-38e672a10adc
73929,00.78855,"Vehicle Damage - Job Charged",24977,NULL," ",NULL,NULL,1,0,00.78855,NULL,NULL,7d03dde0-5b24-46dd-99c6-9dc938b41279
73932,00.10020,"Setup Cranes",24977,NULL,EA,NULL,NULL,1,0,00.10020,NULL,NULL,4a2026ae-4927-4409-be09-12f55aba273d
73940,00.78852,"Structure Equipment Damages",24977,NULL,EA,NULL,NULL,1,0,00.78852,NULL,NULL,06770e10-27f2-42b4-bae4-c046f858fa9e
73941,00.10020,"Setup Cranes",24978,NULL,EA,NULL,NULL,1,0,00.10020,NULL,NULL,66eb414b-6b7f-4fb9-97ed-9e6578c4f409
73942,00.10805,Mechanic,24978,NULL,EA,NULL,NULL,1,0,00.10805,NULL,NULL,b5b411ca-a77d-4f45-9fa5-ad178a8f212f
73943,00.78855,"Vehicle Damage - Job Charged",24978,NULL," ",NULL,NULL,1,0,00.78855,NULL,NULL,653a15d8-82bd-4ce8-b83d-9668efd275d3
73944,00.78850,"Dirt Equipment Damages",24978,NULL,EA,NULL,NULL,1,0,00.78850,NULL,NULL,39fef83d-1520-4845-aec5-38288fd95616
73945,00.78852,"Structure Equipment Damages",24978,NULL,EA,NULL,NULL,1,0,00.78852,NULL,NULL,a68dde16-5a6e-4a24-926c-aea55eb60f6a
73946,00.10020,"Setup Cranes",24979,NULL,EA,NULL,NULL,1,0,00.10020,NULL,NULL,8393a6a2-6155-473b-b7f6-94b241840990
73947,00.78850,"Dirt Equipment Damages",24979,NULL,EA,NULL,NULL,1,0,00.78850,NULL,NULL,d17c8a52-b327-4eda-b33e-0cb3526f22fb
73948,00.10805,Mechanic,24979,NULL,EA,NULL,NULL,1,0,00.10805,NULL,NULL,03427f3c-d91d-40f3-9f7e-76dcf0578636
73949,00.78852,"Structure Equipment Damages",24979,NULL,EA,NULL,NULL,1,0,00.78852,NULL,NULL,da90229c-65ff-440a-b955-ea3418538f19
73951,00.78855,"Vehicle Damage - Job Charged",24979,NULL," ",NULL,NULL,1,0,00.78855,NULL,NULL,38cad3d5-6c54-47a0-ac77-b41750b4b161
73950,00.10805,Mechanic,24980,NULL,EA,NULL,NULL,1,0,00.10805,NULL,NULL,b7e2e5ca-509e-48b7-9ab5-871e52830b4f
73952,00.78850,"Damaged Equip Repairs",24980,NULL,EA,NULL,NULL,1,0,00.78850,NULL,NULL,9fe04d1f-c64b-489a-9a09-14e085923181
73953,00.78855,"Vehicle Damage - Job Charged",24980,NULL,EA,NULL,NULL,1,0,00.78855,NULL,NULL,ffb5c0d6-b1ac-4632-acb0-7180459a9b37
73954,00.78852,"Structure Equipment Damages",24980,NULL,EA,NULL,NULL,1,0,00.78852,NULL,NULL,4dc6d020-34f5-492e-a7c1-dc422dfc9960
73966,00.10020,"Setup Cranes",24980,NULL,EA,NULL,NULL,1,0,00.10020,NULL,NULL,bea312c8-e058-4319-b0a7-e5ab885fd14c
73964,00.78855,"Vehicle Damage - Job Charged",24981,NULL,EA,NULL,NULL,1,0,00.78855,NULL,NULL,11353e3f-2996-4748-aa44-f0a0894e90b1
73965,00.10805,Mechanic,24981,NULL,EA,NULL,NULL,1,0,00.10805,NULL,NULL,70ddd88e-44c5-414b-b971-7d0ceba5130b
73967,00.78852,"Structure Equipment Damages",24981,NULL,EA,NULL,NULL,1,0,00.78852,NULL,NULL,df774e10-ae96-48e9-89b7-967304f7f3d3
73970,00.78850,"Dirt Equipment Damages",24981,NULL,EA,NULL,NULL,1,0,00.78850,NULL,NULL,02a80cb5-c27a-4612-855e-4c2f0f210709
73968,00.10805,Mechanic,24982,NULL,EA,NULL,NULL,1,0,00.10805,NULL,NULL,51919fb0-bb05-4781-b0b2-0452da396f4c
73969,00.10020,"Setup Cranes",24982,NULL,EA,NULL,NULL,1,0,00.10020,NULL,NULL,4baf88d6-f33e-4d6b-94c2-db63c0470287
73971,00.78850,"Dirt Equipment Damages",24982,NULL,EA,NULL,NULL,1,0,00.78850,NULL,NULL,728ed170-2ca9-403b-bd69-904c9c9b3214
73972,00.78855,"Vehicle Damage - Job Charged",24982,NULL," ",NULL,NULL,1,0,00.78855,NULL,NULL,7ce8463f-6756-4e5e-a1d0-d692be566be3
73975,00.78852,"Structure Equipment Damages",24982,NULL,EA,NULL,NULL,1,0,00.78852,NULL,NULL,89bcec17-15bb-4568-876b-16bc56d28864
73955,00.10020,"Setup Cranes",24983,NULL,EA,NULL,NULL,1,0,00.10020,NULL,NULL,787a9127-a523-4588-bade-ef21ec49a6a8
73956,00.10805,Mechanic,24983,NULL,EA,NULL,NULL,1,0,00.10805,NULL,NULL,353ca158-0a0f-4059-905f-c91b37c53cfc
73957,00.78850,"Dirt Equipment Damages",24983,NULL,EA,NULL,NULL,1,0,00.78850,NULL,NULL,c8b8c97f-bfed-467d-8d39-b0c78f223bad
73958,00.78855,"Vehicle Damage - Job Charged",24983,NULL," ",NULL,NULL,1,0,00.78855,NULL,NULL,c9a1627d-6a04-43ef-bcb1-f57bc5cb6a42
73959,00.78852,"Structure Equipment Damages",24983,NULL,EA,NULL,NULL,1,0,00.78852,NULL,NULL,d5ee2b7e-feb4-48fe-8477-2af07f9058e1
73984,00.10020,"Setup Cranes",24986,NULL,EA,NULL,NULL,1,0,00.10020,NULL,NULL,3392186f-de4c-46e6-af99-b32e2c08d2f1
73985,00.78850,"Dirt Equipment Damages",24986,NULL,EA,NULL,NULL,1,0,00.78850,NULL,NULL,36bd42e6-8da7-4fc6-96a8-0ee957dad520
73986,00.10805,Mechanic,24986,NULL,EA,NULL,NULL,1,0,00.10805,NULL,NULL,1d49e29e-20da-4caf-b18c-c2026ea8fb54
73987,00.78855,"Vehicle Damage - Job Charged",24986,NULL," ",NULL,NULL,1,0,00.78855,NULL,NULL,2efed94f-2184-4dd1-a902-968d27eaa8b8
73988,00.78852,"Structure Equipment Damages",24986,NULL,EA,NULL,NULL,1,0,00.78852,NULL,NULL,b39dace0-9e98-48a3-9083-9f8bd174d76d
74020,00.10805,Mechanic,24987,NULL,EA,NULL,NULL,1,0,00.10805,NULL,NULL,ca0241ca-cdf2-4763-868c-271b5b11f57e
74021,00.10050,"Setup Barges",24987,NULL,EA,NULL,NULL,1,0,00.10050,NULL,NULL,bdf3346c-5035-4c14-91f2-0d527c79b16d
74024,00.78850,"Dirt Equipment Damages",24987,NULL,EA,NULL,NULL,1,0,00.78850,NULL,NULL,2b18dc5c-7433-4497-8cea-a25f86c860bb
74025,00.78855,"Vehicle Damage - Job Charged",24987,NULL," ",NULL,NULL,1,0,00.78855,NULL,NULL,206f2a58-0f2b-4110-89df-e1a755ff969e
74026,00.78852,"Structure Equipment Damages",24987,NULL,EA,NULL,NULL,1,0,00.78852,NULL,NULL,5cbce52d-64c2-4f1d-9bfa-929c27ee8fe7
74027,00.10020,"Setup Cranes",24987,NULL,EA,NULL,NULL,1,0,00.10020,NULL,NULL,412b7e0a-edcb-4fb8-ab55-51c7f18972bf
74028,00.78852,"Structure Equipment Damages",24990,NULL,EA,NULL,NULL,1,0,00.78852,NULL,NULL,1143e311-6493-47bd-b695-7b077501776e
74029,00.78855,"Vehicle Damage - Job Charged",24990,NULL," ",NULL,NULL,1,0,00.78855,NULL,NULL,c546c049-607c-4008-8091-7a455695be43
74030,00.78850,"Dirt Equipment Damages",24990,0.00,EA,NULL,NULL,1,0,00.78850,NULL,NULL,6255425d-5ca5-4623-a9e4-9b02d5457373
74031,00.10805,Mechanic,24990,NULL,EA,NULL,NULL,1,0,00.10805,NULL,NULL,483f6aa2-1139-4263-9b62-8ae2f72bd238
74034,00.10020,"Setup Cranes",24990,NULL,EA,NULL,NULL,1,0,00.10020,NULL,NULL,02bdca28-40ab-44ba-9139-f36c3e9f6be7
74038,00.10805,Mechanic,24994,NULL,EA,NULL,NULL,1,0,00.10805,NULL,NULL,29f07e16-20e1-4bcc-9baa-9e68c04aa1b1
74039,00.78852,"Structure Equipment Damages",24994,NULL,EA,NULL,NULL,1,0,00.78852,NULL,NULL,761493d8-9377-494d-8e15-0b41a2b748ad
74040,00.10020,"Setup Cranes",24994,NULL,EA,NULL,NULL,1,0,00.10020,NULL,NULL,b0dbf05e-4230-483a-855b-7d500ba4b188
74041,00.78850,"Job Damaged Equip Reparis",24994,NULL,EA,NULL,NULL,1,0,00.78850,NULL,NULL,0c5d6e03-d1e8-45d4-9a0c-9d1ced9b5133
74042,00.78855,"Vehicle Damage - Job Charged",24994,NULL," ",NULL,NULL,1,0,00.78855,NULL,NULL,ba114155-82f2-453a-b4e3-63e858bd7a92
74007,00.10805,Mechanic,24996,NULL,EA,NULL,NULL,1,0,00.10805,NULL,NULL,1097dd66-a2c7-4b6a-9ec1-404b531ad33c
74009,00.10020,"Setup Cranes",24996,NULL,EA,NULL,NULL,1,0,00.10020,NULL,NULL,abae1ada-0501-412b-85a0-86faf2be1728
74010,00.78855,"Vehicle Damage - Job Charged",24996,NULL," ",NULL,NULL,1,0,00.78855,NULL,NULL,9fd06992-0df4-4b1f-a6fa-8715799b98a2
74011,00.78852,"Structure Equipment Damages",24996,NULL,EA,NULL,NULL,1,0,00.78852,NULL,NULL,01c772fe-4be8-4062-82be-2bd1b75f56a6
74013,00.78850,"Dirt Equipment Damages",24996,NULL,EA,NULL,NULL,1,0,00.78850,NULL,NULL,da8f6e23-5e0a-4691-a711-6d5640b0e014
74003,00.10020,"Setup Cranes",24997,NULL,EA,NULL,NULL,1,0,00.10020,NULL,NULL,b4bcaaf6-f63b-4bf4-86ea-5a248a5825db
74004,00.10805,Mechanic,24997,NULL,EA,NULL,NULL,1,0,00.10805,NULL,NULL,6ea80507-0b83-4bff-8af6-6f4f1bffd179
74005,00.78852,"Structure Equipment Damages",24997,NULL,EA,NULL,NULL,1,0,00.78852,NULL,NULL,19ae15a8-55bf-4aaa-b09e-4022d692a024
74006,00.78850,"Dirt Equipment Damages",24997,NULL,EA,NULL,NULL,1,0,00.78850,NULL,NULL,94abc658-08d4-4289-9cc4-078fa385bd07
74008,00.78855,"Vehicle Damage - Job Charged",24997,NULL," ",NULL,NULL,1,0,00.78855,NULL,NULL,f3802073-a431-41d9-9294-cdfe5e6a1df4
74012,00.10805,Mechanic,24998,NULL,EA,NULL,NULL,1,0,00.10805,NULL,NULL,2c5b7ba4-e74e-4dc5-86e0-3a5b96f2bdd0
74014,00.10020,"Setup Cranes",24998,NULL,EA,NULL,NULL,1,0,00.10020,NULL,NULL,91694284-f56b-4343-9925-bbaed5d984ac
74015,00.78850,"Job Damaged Equip Reparis",24998,NULL,EA,NULL,NULL,1,0,00.78850,NULL,NULL,8f54a3f3-f2c2-45d6-af12-faf4c96c2ff7
74017,00.78855,"Vehicle Damage - Job Charged",24998,NULL," ",NULL,NULL,1,0,00.78855,NULL,NULL,75ba40ac-25aa-43eb-9645-887e35814853
74016,00.10020,"Setup Cranes",24999,NULL,EA,NULL,NULL,1,0,00.10020,NULL,NULL,3bad3e43-ce3d-45fa-9579-0b4110e7072a
74018,00.10805,Mechanic,24999,NULL,EA,NULL,NULL,1,0,00.10805,NULL,NULL,05e5e8fa-ac99-4444-a495-bfc141519b2b
74019,00.78850,"Dirt Equipment Damages",24999,NULL,EA,NULL,NULL,1,0,00.78850,NULL,NULL,ba8823d1-1293-40c6-b957-08ae04efb3f9
74022,00.78855,"Vehicle Damage - Job Charged",24999,NULL," ",NULL,NULL,1,0,00.78855,NULL,NULL,4ecabf36-e39d-4045-a607-29e3f1c7864e
74023,00.78852,"Structure Equipment Damages",24999,NULL,EA,NULL,NULL,1,0,00.78852,NULL,NULL,75fef754-5fd8-428d-af48-8e007453b7ca
74050,00.10020,"Setup Cranes",25001,NULL,EA,NULL,NULL,1,0,00.10020,NULL,NULL,aeafe861-45fd-42a0-9ce8-4f3c90ac40ed
74051,00.10805,Mechanic,25001,NULL,EA,NULL,NULL,1,0,00.10805,NULL,NULL,4dfea8b3-6427-4107-827d-d938e5386140
74052,00.78852,"Structure Equipment Damages",25001,NULL,EA,NULL,NULL,1,0,00.78852,NULL,NULL,93153c21-b56f-4705-83c5-8c8e0e76d480
74053,00.78855,"Vehicle Damage - Job Charged",25001,NULL," ",NULL,NULL,1,0,00.78855,NULL,NULL,f26401ff-e33e-45d6-b34f-0e95f622cc32
74054,00.78850,"Dirt Equipment Damages",25001,NULL,EA,NULL,NULL,1,0,00.78850,NULL,NULL,8db3716e-822d-49e4-8530-0e842fdb2f81
74055,00.10805,Mechanic,25002,NULL,EA,NULL,NULL,1,0,00.10805,NULL,NULL,afed2557-b814-4bff-b2f0-50e33be4a5d0
74056,00.10020,"Setup Cranes",25002,NULL,EA,NULL,NULL,1,0,00.10020,NULL,NULL,09da6b0d-acdc-429a-b8bc-ea016f5bb279
74057,00.78850,"Dirt Equipment Damages",25002,NULL,EA,NULL,NULL,1,0,00.78850,NULL,NULL,39ef64b1-eeab-4373-aee7-e7953dcd21ad
74059,00.78852,"Structure Equipment Damages",25002,NULL,EA,NULL,NULL,1,0,00.78852,NULL,NULL,1925d882-76ca-45d9-876a-12d5598ffdcb
74060,00.78855,"Vehicle Damage - Job Charged",25002,NULL," ",NULL,NULL,1,0,00.78855,NULL,NULL,b29ac02b-61e0-4d64-8932-0683a8769302
74061,00.10020,"Setup Cranes",25003,NULL,EA,NULL,NULL,1,0,00.10020,NULL,NULL,43ed0c8c-5f8f-4418-b4f5-2ae0fc6de8fa
74062,00.78850,"Dirt Equipment Damages",25003,NULL,EA,NULL,NULL,1,0,00.78850,NULL,NULL,85be3c85-b51b-4f7e-9dae-f9623b034f2b
74063,00.78852,"Structure Equipment Damages",25003,NULL,EA,NULL,NULL,1,0,00.78852,NULL,NULL,3746cc7d-e8a4-4ba6-887d-cd169b0ca0f5
74064,00.10805,Mechanic,25003,NULL,EA,NULL,NULL,1,0,00.10805,NULL,NULL,29e86ea0-885a-443b-bf0d-0bd32c5b9ef4
74066,00.78855,"Vehicle Damage - Job Charged",25003,NULL," ",NULL,NULL,1,0,00.78855,NULL,NULL,ca848bdd-e220-441f-9329-16cc0c1546e4
74065,00.10805,Mechanic,25005,NULL,EA,NULL,NULL,1,0,00.10805,NULL,NULL,f9c3e548-fecc-4673-b42c-fb2951374923
74067,00.10020,"Setup Cranes",25005,NULL," ",NULL,NULL,1,0,00.10020,NULL,NULL,9f95b62a-6bf9-49e1-811e-bfafc4f4e57f
74068,00.78855,"Vehicle Damage - Job Charged",25005,NULL," ",NULL,NULL,1,0,00.78855,NULL,NULL,5d1f9cf3-bd68-4ce3-8d3b-9b1be425143e
74069,00.78852,"Structure Equipment Damages",25005,NULL," ",NULL,NULL,1,0,00.78852,NULL,NULL,f02888b4-6860-4f88-98ce-df1c422ce9de
74070,00.78850,"Dirt Equipment Damages",25005,NULL," ",NULL,NULL,1,0,00.78850,NULL,NULL,4b3e1813-f2bd-431f-a0fd-2caec5f21644
74083,00.10805,Mechanic,25007,NULL,EA,NULL,NULL,1,0,00.10805,NULL,NULL,638f778f-a9cd-4db6-a5c8-cc8848e9a34d
74126,00.10050,"Setup Barges",25008,NULL,SF,NULL,NULL,1,0,00.10050,NULL,NULL,4264f838-9700-4f8a-9675-ad025c6cd3fd
74127,00.10020,"Setup Cranes",25008,NULL,EA,NULL,NULL,1,0,00.10020,NULL,NULL,e1465f1f-ade0-45fd-b1a4-2624b7b90263
74129,00.10805,Mechanic,25008,NULL,DY,NULL,NULL,1,0,00.10805,NULL,NULL,d7ea45d4-f783-45e8-b0f9-9842392bb518
74130,00.78850,"Job Damaged Dirt Equip Reparis",25008,NULL,EA,NULL,NULL,1,0,00.78850,NULL,NULL,1736646b-a7f3-479a-a2b1-5e448918dcb6
74132,00.78855,"Vehicle Damage - Job Charged",25008,NULL,EA,NULL,NULL,1,0,00.78855,NULL,NULL,e21e385e-27e5-4a2d-8cb0-39159bb39600
74136,00.78852,"Structure Equipment Damages",25008,NULL,EA,NULL,NULL,1,0,00.78852,NULL,NULL,6e21d2a8-a043-42eb-af0b-dbcc4d921efa
74079,00.78850,"Job Damaged Equip Repairs",25009,NULL,EA,NULL,NULL,1,0,00.78850,NULL,NULL,84b86c3d-ae0a-4929-92a0-706aa17e2275
74080,00.78852,"Structure Equipment Damages",25009,NULL,EA,NULL,NULL,1,0,00.78852,NULL,NULL,850b4f24-9532-4a58-b13f-fe55a4fcfa1c
74081,00.78855,"Vehicle Damage - Job Charged",25009,NULL,EA,NULL,NULL,1,0,00.78855,NULL,NULL,694f54ac-2d94-4397-9767-a3a51181f37f
74077,00.10805,Mechanic,25010,NULL,EA,NULL,NULL,1,0,00.10805,NULL,NULL,beba4a9d-d259-4b55-8336-cf639e725d86
74078,00.78850,"Job Damaged Equip Repairs",25010,NULL,EA,NULL,NULL,1,0,00.78850,NULL,NULL,fb6a26ee-5733-493e-815a-d5988486245b
74092,00.10020,"Setup Cranes",25011,NULL,EA,NULL,NULL,1,0,00.10020,NULL,NULL,b59c83eb-c0db-4da2-b444-b930ba977fb6
74093,00.10805,Mechanic,25011,NULL,EA,NULL,NULL,1,0,00.10805,NULL,NULL,967a9abc-70a5-4c4a-bddd-659dfbcd8240
74095,00.78855,"Vehicle Damage - Job Charged",25011,NULL," ",NULL,NULL,1,0,00.78855,NULL,NULL,3c78187c-de3a-4dbe-894d-ce02e03f6d02
74096,00.78852,"Structure Equipment Damages",25011,NULL,EA,NULL,NULL,1,0,00.78852,NULL,NULL,ea496018-f647-4a52-a3ec-1b117dc9e596
74097,00.78850,"Dirt Equipment Damages",25011,NULL,EA,NULL,NULL,1,0,00.78850,NULL,NULL,dbbe9e94-a0db-4b72-ba5a-11c394feec10
74087,00.10805,Mechanic,25012,NULL,EA,NULL,NULL,1,0,00.10805,NULL,NULL,f4b85703-77c6-4920-b55b-a18c75297b04
74089,00.10020,"Setup Cranes",25012,NULL,EA,NULL,NULL,1,0,00.10020,NULL,NULL,e09e30f9-4d09-429b-8c33-68649d81f806
74090,00.78852,"Structure Equipment Damages",25012,NULL,EA,NULL,NULL,1,0,00.78852,NULL,NULL,191758e5-b0a7-4ff0-b277-f0cb6468e42a
74091,00.78855,"Vehicle Damage - Job Charged",25012,NULL," ",NULL,NULL,1,0,00.78855,NULL,NULL,ac84592b-5b23-4fd8-9b9a-edc6c396fd69
74094,00.78850,"Dirt Equipment Damages",25012,NULL,EA,NULL,NULL,1,0,00.78850,NULL,NULL,7040f46d-56f8-41a0-b7a3-3e109c6cacba
74111,00.10020,"Setup Cranes",25013,NULL,EA,NULL,NULL,1,0,00.10020,NULL,NULL,e39d69c1-1594-480b-802e-b234dfa6a4bf
74113,00.78852,"Structure Equipment Damages",25013,NULL,EA,NULL,NULL,1,0,00.78852,NULL,NULL,a7b3ee9f-f6d7-48b7-b14a-f4ce74eef25a
74114,00.78850,"Dirt Equipment Damages",25013,NULL,EA,NULL,NULL,1,0,00.78850,NULL,NULL,7828d1d6-cda5-4122-b25c-413f6edf0467
74116,00.78855,"Vehicle Damage - Job Charged",25013,NULL," ",NULL,NULL,1,0,00.78855,NULL,NULL,af783d11-4d7c-465a-b147-701b2d046ea2
74121,00.10805,Mechanic,25013,NULL,EA,NULL,NULL,1,0,00.10805,NULL,NULL,3c8435e7-5941-4c61-9ee7-d5bdd5d2be78
74122,00.10805,Mechanic,25017,NULL,EA,NULL,NULL,1,0,00.10805,NULL,NULL,4cf8d742-d830-46f3-92a4-bedd4a5ba502
74123,00.78850,"Dirt Equipment Damages",25017,NULL,EA,NULL,NULL,1,0,00.78850,NULL,NULL,55d447b6-5418-44d4-979b-f806fbb572ae
74124,00.10020,"Setup Cranes",25017,NULL,EA,NULL,NULL,1,0,00.10020,NULL,NULL,bd281095-e75b-44b1-8479-d44c9bf28b86
74125,00.78852,"Structure Equipment Damages",25017,NULL,EA,NULL,NULL,1,0,00.78852,NULL,NULL,be4e7969-96dd-4942-8076-5fbcf35024b8
74128,00.78855,"Vehicle Damage - Job Charged",25017,NULL," ",NULL,NULL,1,0,00.78855,NULL,NULL,3178c87a-eb4d-4986-8509-c0a8310fb288
74140,00.78850,"Dirt Equipment Damages",25018,NULL,EA,NULL,NULL,1,0,00.78850,NULL,NULL,f62a840d-290b-4e25-8241-5e7643f8522a
74141,00.78855,"Vehicle Damage - Job Charged",25018,NULL,EA,NULL,NULL,1,0,00.78855,NULL,NULL,b5b37555-69ab-4ea9-9705-b4525b3fdb4d
74142,00.78852,"Structure Equipment Damages",25018,NULL,EA,NULL,NULL,1,0,00.78852,NULL,NULL,2a2a794a-f9f8-41ad-b17d-aa9bc2bfd9f6
74148,00.10805,Mechanic,25018,NULL,EA,NULL,NULL,1,0,00.10805,NULL,NULL,c327beab-1331-452f-b202-f072704fe7b2
74103,00.10020,"Setup Cranes",25019,NULL,EA,NULL,NULL,1,0,00.10020,NULL,NULL,e3f0aa9b-ef73-4dab-8bdf-d8ead3d318ce
74104,00.10805,Mechanic,25019,NULL,EA,NULL,NULL,1,0,00.10805,NULL,NULL,91800334-2828-4781-889f-28c5287169c4
74105,00.78850,"Job Damaged Dirt Equip Reparis",25019,NULL,EA,NULL,NULL,1,0,00.78850,NULL,NULL,0b6b14cd-0e83-4879-ba20-830dbe4c9362
74106,00.78852,"Structure Equipment Damages",25019,NULL,EA,NULL,NULL,1,0,00.78852,NULL,NULL,d8aae3fe-e612-4670-b81f-890a4c9f2543
74115,00.78855,"Vehicle Damage - Job Charged",25019,NULL,EA,NULL,NULL,1,0,00.78855,NULL,NULL,56e9212f-a785-43b4-965f-56507f4a5c41
74157,00.10020,"Setup Cranes",25025,NULL,EA,NULL,NULL,1,0,00.10020,NULL,NULL,ab5a0180-4ae5-43ce-8730-1a44f2288786
74158,00.10050,"Setup Barges",25025,NULL,SF,NULL,NULL,1,0,00.10050,NULL,NULL,ef6ba8e0-06fa-4d3f-970b-f649c053235f
74159,00.10805,Mechanic,25025,NULL,DY,NULL,NULL,1,0,00.10805,NULL,NULL,4af2f01b-5c13-4947-982f-74e658e301ed
74161,00.78850,"Job Damaged Dirt Equip Reparis",25025,NULL,EA,NULL,NULL,1,0,00.78850,NULL,NULL,91a04533-008d-4f0c-aad3-e72f50a4f7a1
74162,00.78852,"Structure Equipment Damages",25025,NULL,EA,NULL,NULL,1,0,00.78852,NULL,NULL,734f9dbf-d076-4e89-acbb-49d4372197da
74163,00.78855,"Vehicle Damage - Job Charged",25025,NULL,EA,NULL,NULL,1,0,00.78855,NULL,NULL,59639070-8520-4115-b8b1-cbe140cb87c9
74173,00.10020,"Setup Cranes",25026,NULL,EA,NULL,NULL,1,0,00.10020,NULL,NULL,93648ffb-a577-4845-b82f-4b673c2d7d52
74174,00.10805,Mechanic,25026,NULL,EA,NULL,NULL,1,0,00.10805,NULL,NULL,1d73a4c1-bebb-4bc5-8287-1751f1a9bd72
74175,00.78850,"Job Damaged Dirt Equip Reparis",25026,NULL,EA,NULL,NULL,1,0,00.78850,NULL,NULL,c88ed467-0c1b-4b04-b3ff-05515b4af29a
74176,00.78855,"Vehicle Damage - Job Charged",25026,NULL,EA,NULL,NULL,1,0,00.78855,NULL,NULL,e2b6b7e3-1ac9-4f0d-bde6-06b2118e928b
74177,00.78852,"Structure Equipment Damages",25026,NULL,EA,NULL,NULL,1,0,00.78852,NULL,NULL,d8bc3c59-6091-498e-b0c1-7b283bdf1f26
74151,00.10020,"Setup Cranes",25028,NULL,EA,NULL,NULL,1,0,00.10020,NULL,NULL,a429cdf7-eb7e-44a7-8db2-d99e284c81a8
74153,00.78850,"Dirt Equipment Damages",25028,NULL,EA,NULL,NULL,1,0,00.78850,NULL,NULL,de2e420b-c156-4381-9fc9-09a81097081c
74155,00.10805,Mechanic,25028,NULL,EA,NULL,NULL,1,0,00.10805,NULL,NULL,eeb639fb-0d69-4f20-8561-53eb1d63ae8c
74156,00.78852,"Structure Equipment Damages",25028,NULL,EA,NULL,NULL,1,0,00.78852,NULL,NULL,c509a295-c638-4397-9d1e-61507239897b
74160,00.78855,"Vehicle Damage - Job Charged",25028,NULL," ",NULL,NULL,1,0,00.78855,NULL,NULL,2bb8b628-4cf7-4ad3-9d27-2e5be5cdce1c
74168,00.10020,"Setup Cranes",25029,NULL,EA,NULL,NULL,1,0,00.10020,NULL,NULL,6cfbf528-de52-49f0-a2cc-fd21fdcb5e6d
74169,00.78850,"Job Damaged Dirt Equip Reparis",25029,NULL,EA,NULL,NULL,1,0,00.78850,NULL,NULL,4faf7757-0b83-4d09-a9e7-9eda8ad1c5d1
74170,00.10805,Mechanic,25029,NULL,EA,NULL,NULL,1,0,00.10805,NULL,NULL,b7306a06-ddb6-4750-977e-cf8b568a3ba0
74171,00.78855,"Vehicle Damage - Job Charged",25029,NULL,EA,NULL,NULL,1,0,00.78855,NULL,NULL,cab3ef4d-d787-4fab-8ac7-dd5ebf900a21
74172,00.78852,"Structure Equipment Damages",25029,NULL,EA,NULL,NULL,1,0,00.78852,NULL,NULL,4a9d2199-d51d-4fd7-aad0-a6db8c0877d4
74226,00.10805,Mechanic,25031,NULL,EA,NULL,NULL,1,0,00.10805,NULL,NULL,425e4356-28e6-46a3-8703-d10bb4f58e81
74227,00.78850,"Job Damaged Equip Repairs",25031,NULL,EA,NULL,NULL,1,0,00.78850,NULL,NULL,aca9abc5-f332-4bba-8c13-1a858f0dc85b
74228,00.78855,"Vehicle Damage - Job Charged",25031,NULL,EA,NULL,NULL,1,0,00.78855,NULL,NULL,01a8b229-800d-45cf-a170-ecd1f4a8e81a
74230,00.78852,"Structure Equipment Damages",25031,NULL,EA,NULL,NULL,1,0,00.78852,NULL,NULL,18cbffd7-dc9d-4b45-9f5f-71ffd41c7cff
74248,00.10020,"Setup Cranes",25032,NULL,EA,NULL,NULL,1,0,00.10020,NULL,NULL,024f4c6c-819e-48cb-85e7-cf34ff414e10
74249,00.10805,Mechanic,25032,NULL,EA,NULL,NULL,1,0,00.10805,NULL,NULL,5720bc25-b6c7-46b9-bd15-3168929e63f6
74250,00.78852,"Structure Equipment Damages",25032,NULL,EA,NULL,NULL,1,0,00.78852,NULL,NULL,9ececa0e-c7f6-4112-bae0-065205721489
74251,00.78855,"Vehicle Damage - Job Charged",25032,NULL,EA,NULL,NULL,1,0,00.78855,NULL,NULL,3a43f3b7-2108-4915-848c-0e3fdb3c2729
74253,00.78850,"Job Damaged Dirt Equip Reparis",25032,NULL,EA,NULL,NULL,1,0,00.78850,NULL,NULL,fedbe8e2-2e3e-4df4-a065-9fb2c7de62da
74178,00.10020,"Setup Cranes",25033,NULL,EA,NULL,NULL,1,0,00.10020,NULL,NULL,48e66cb2-b3ef-45eb-b942-01ee247766fc
74179,00.10805,Mechanic,25033,NULL,EA,NULL,NULL,1,0,00.10805,NULL,NULL,ec608c51-f53b-4fb3-b924-da52b1995475
74180,00.78852,"Structure Equipment Damages",25033,NULL,EA,NULL,NULL,1,0,00.78852,NULL,NULL,2e405f6f-206e-4255-b1d2-76735cf180e8
74182,00.78855,"Vehicle Damage - Job Charged",25033,NULL," ",NULL,NULL,1,0,00.78855,NULL,NULL,78f9051a-4a20-4131-8dca-d2bca04ae000
74183,00.78850,"Dirt Equipment Damages",25033,NULL,EA,NULL,NULL,1,0,00.78850,NULL,NULL,0d658abc-fd87-4cfb-b782-664eddbd8c7b
74240,00.10020,"Setup Cranes",25035,NULL,EA,NULL,NULL,1,0,00.10020,NULL,NULL,2e3d0b66-ce42-4b30-ab64-7df356837c3a
74241,00.78850,"Dirt Equipment Damages",25035,NULL,EA,NULL,NULL,1,0,00.78850,NULL,NULL,4c74b926-2f10-4037-9d1c-19490add234a
74242,00.78855,"Vehicle Damage - Job Charged",25035,NULL," ",NULL,NULL,1,0,00.78855,NULL,NULL,be0e86bc-ff3c-4784-96dc-fd79d9d548d3
74243,00.10805,Mechanic,25035,NULL,EA,NULL,NULL,1,0,00.10805,NULL,NULL,d9998b14-9fed-4d0b-b435-e2e06501344e
74244,00.78852,"Structure Equipment Damages",25035,NULL,EA,NULL,NULL,1,0,00.78852,NULL,NULL,8e9b7370-e957-49c1-8063-c52a09b1df6e
74191,00.10020,"Setup Cranes",25039,NULL,EA,NULL,NULL,1,0,00.10020,NULL,NULL,6e672d9f-7852-40e9-9741-ade5ba808b77
74192,00.10805,Mechanic,25039,NULL,DY,NULL,NULL,1,0,00.10805,NULL,NULL,2e867bfd-c8de-4be4-9035-8d29fd77336d
74194,00.78852,"Structure Equipment Damages",25039,NULL,EA,NULL,NULL,1,0,00.78852,NULL,NULL,21955f00-ac68-4bd4-bd23-c9e2d5fbc40b
74195,00.78855,"Vehicle Damage - Job Charged",25039,NULL," ",NULL,NULL,1,0,00.78855,NULL,NULL,7cf39b0b-ede9-4f79-a95b-ba75d04e1535
74197,00.78850,"Dirt Equipment Damages",25039,NULL,EA,NULL,NULL,1,0,00.78850,NULL,NULL,157c9ab2-f2de-4e65-8337-cf889ff8cfbb
74210,00.10050,"Setup Barges",25042,NULL,SF,NULL,NULL,1,0,00.10050,NULL,NULL,1bb67f8e-a3d3-450b-8709-4de0a8b44d81
74211,00.10805,Mechanic,25042,NULL,DY,NULL,NULL,1,0,00.10805,NULL,NULL,5dbd3640-b73d-4f4a-95e3-4447fbf5dc76
74212,00.10020,"Setup Cranes",25042,NULL,EA,NULL,NULL,1,0,00.10020,NULL,NULL,5543f5f6-7a12-4a21-a754-d10e9bfff9b4
74213,00.78850,"Job Damaged Dirt Equip Reparis",25042,NULL,EA,NULL,NULL,1,0,00.78850,NULL,NULL,a0129d0e-f12b-4589-9beb-f4a8d8fd9298
74214,00.78855,"Vehicle Damage - Job Charged",25042,NULL,EA,NULL,NULL,1,0,00.78855,NULL,NULL,7131eeb0-0b85-49ce-9a27-44a6055c6e66
74218,00.78852,"Structure Equipment Damages",25042,NULL,EA,NULL,NULL,1,0,00.78852,NULL,NULL,68950a68-c495-4a16-889f-033a4cf0ec77
74201,00.10020,"Setup Cranes",25044,NULL,EA,NULL,NULL,1,0,00.10020,NULL,NULL,4fe727ec-2ede-4bb8-8468-f63b2721a966
74202,00.78850,"Dirt Equipment Damages",25044,NULL,EA,NULL,NULL,1,0,00.78850,NULL,NULL,9ef784a3-57eb-4f11-bea2-09fcc6b0923c
74203,00.10805,Mechanic,25044,NULL,EA,NULL,NULL,1,0,00.10805,NULL,NULL,f7ef0603-f975-492b-a24a-2efa6cec2d39
74204,00.78855,"Vehicle Damage - Job Charged",25044,NULL," ",NULL,NULL,1,0,00.78855,NULL,NULL,44291a20-2f7c-4772-9eef-2cefc1978146
74208,00.78852,"Structure Equipment Damages",25044,NULL,EA,NULL,NULL,1,0,00.78852,NULL,NULL,58250f45-efd5-44a5-ab47-d0a2c6f8d57f
74236,00.10805,Mechanic,25045,NULL,EA,NULL,NULL,1,0,00.10805,NULL,NULL,5aef0990-e0a6-426e-890c-5176920be94c
74237,00.78850,"Dirt Equipment Damages",25045,NULL,EA,NULL,NULL,1,0,00.78850,NULL,NULL,7775e1a4-9244-4ff1-b600-ce76bd90c4cb
74238,00.78855,"Vehicle Damage - Job Charged",25045,NULL,EA,NULL,NULL,1,0,00.78855,NULL,NULL,e2538949-5dc7-40de-9ae8-ead429f3c5a9
74239,00.78852,"Structure Equipment Damages",25045,NULL,EA,NULL,NULL,1,0,00.78852,NULL,NULL,97c43b24-c16b-4557-b061-3559b7a36447
74257,00.10020,"Setup Cranes",25046,NULL,EA,NULL,NULL,1,0,00.10020,NULL,NULL,13c668dd-941e-4a4b-99f7-d6e0b89381f0
74259,00.10805,Mechanic,25046,NULL,EA,NULL,NULL,1,0,00.10805,NULL,NULL,4b560448-863a-4bc2-be00-9e9e38461116
74260,00.78855,"Vehicle Damage - Job Charged",25046,NULL," ",NULL,NULL,1,0,00.78855,NULL,NULL,c0081d4d-2b6b-4a30-b692-b6260525041d
74261,00.78852,"Structure Equipment Damages",25046,NULL,EA,NULL,NULL,1,0,00.78852,NULL,NULL,0745b93f-63a7-4412-8607-173804b54ca8
74262,00.78850,"Dirt Equipment Damages",25046,NULL,EA,NULL,NULL,1,0,00.78850,NULL,NULL,4bf93338-8ba8-4736-a1d4-8e9fb8488b35
74283,00.10805,Mechanic,25050,NULL,EA,NULL,NULL,1,0,00.10805,NULL,NULL,53f1455b-dca7-4cf0-b7eb-263cd9cd71cd
74271,00.10805,Mechanic,25052,NULL,EA,NULL,NULL,1,0,00.10805,NULL,NULL,f4d1a9c4-af06-4a4f-828f-5c7f6747cc2a
74272,00.10020,"Setup Cranes",25052,NULL,EA,NULL,NULL,1,0,00.10020,NULL,NULL,806efbeb-9d26-4c02-81f7-35a12fbbb420
74273,00.78855,"Vehicle Damage - Job Charged",25052,NULL," ",NULL,NULL,1,0,00.78855,NULL,NULL,f8cf2074-db7b-47cb-95fe-0f06c6ed07af
74274,00.78852,"Structure Equipment Damages",25052,NULL,EA,NULL,NULL,1,0,00.78852,NULL,NULL,88607b19-30c3-469d-8eca-708a26e53b85
74275,00.78850,"Dirt Equipment Damages",25052,NULL," ",NULL,NULL,1,0,00.78850,NULL,NULL,26270019-d345-4f06-b959-928030020160
74289,00.78852,"Structure Equipment Damages",25055,NULL,EA,NULL,NULL,1,0,00.78852,NULL,NULL,0848bbc4-b6ee-4b3e-8d28-f050357e7328
74291,00.78855,"Vehicle Damage - Job Charged",25055,NULL,EA,NULL,NULL,1,0,00.78855,NULL,NULL,f3012004-a8f0-45dc-b35e-d070c7a2a0d4
74293,00.78850,"Dirt Equipment Damages",25055,NULL,EA,NULL,NULL,1,0,00.78850,NULL,NULL,e85efca4-68ae-48c5-8f51-8eef2a85fc21
74329,00.10020,"Setup Cranes",25058,NULL,EA,NULL,NULL,1,0,00.10020,NULL,NULL,09561798-2c57-40f5-b620-ba333b6c6f69
74331,00.10805,Mechanic,25058,NULL,MH,NULL,NULL,1,0,00.10805,NULL,NULL,7b504df1-aba4-40de-89f4-cce2f698a8cf
74332,00.78855,"Vehicle Damage - Job Charged",25058,NULL," ",NULL,NULL,1,0,00.78855,NULL,NULL,601aa8b0-c874-4e5a-8197-b010601443fd
74333,00.78852,"Structure Equipment Damages",25058,NULL,EA,NULL,NULL,1,0,00.78852,NULL,NULL,048784ad-4266-4b35-aaca-a69768d80df8
74334,00.78850,"Job Damage Equipment Repairs",25058,NULL," ",NULL,NULL,1,0,00.78850,NULL,NULL,7b108aba-da17-493a-b7fa-310a38589d08
74284,00.10020,"Setup Cranes",25060,NULL,EA,NULL,NULL,1,0,00.10020,NULL,NULL,17a100af-0ecf-403e-8299-31d9c4439262
74286,00.10805,Mechanic,25060,NULL,EA,NULL,NULL,1,0,00.10805,NULL,NULL,68c3c607-b40e-49a0-883d-60fcba2e729e
74287,00.78852,"Structure Equipment Damages",25060,NULL,EA,NULL,NULL,1,0,00.78852,NULL,NULL,d9448350-feb3-4d8d-b2ef-79a883189540
74288,00.78850,"Dirt Equipment Damages",25060,NULL,EA,NULL,NULL,1,0,00.78850,NULL,NULL,fabb8e57-331b-4fc5-a16f-494e0e57c609
74290,00.78855,"Vehicle Damage - Job Charged",25060,NULL," ",NULL,NULL,1,0,00.78855,NULL,NULL,d278dd39-7c1b-43be-a13e-c30bb91b5f6d
74326,00.10805,Mechanic,25062,NULL,EA,NULL,NULL,1,0,00.10805,NULL,NULL,3de073a1-e566-4988-bf84-7732bf689983
74327,00.10020,"Setup Cranes",25062,NULL,EA,NULL,NULL,1,0,00.10020,NULL,NULL,65d17a72-f985-4110-9257-5a917d9b0eb3
74328,00.78850,"Job Damaged Dirt Equip Reparis",25062,NULL,EA,NULL,NULL,1,0,00.78850,NULL,NULL,e81cb9c0-ad80-4776-ab85-93fd1fa2c235
74330,00.78855,"Vehicle Damage - Job Charged",25062,NULL,EA,NULL,NULL,1,0,00.78855,NULL,NULL,fc91e6cf-9bd0-4f47-8f64-748b4f2fdc7c
74335,00.78852,"Structure Equipment Damages",25062,NULL,EA,NULL,NULL,1,0,00.78852,NULL,NULL,969b6951-dc70-4d4a-a000-9e8bfc68fbea
74344,00.10020,"Setup Cranes",25064,NULL,EA,NULL,NULL,1,0,00.10020,NULL,NULL,186e97d8-47a0-4096-a2af-72e5d574ce6c
74348,00.78852,"Structure Equipment Damages",25064,NULL,EA,NULL,NULL,1,0,00.78852,NULL,NULL,febc994b-3def-4eed-acd1-80e2444a586c
74351,00.78855,"Vehicle Damage - Job Charged",25064,NULL,EA,NULL,NULL,1,0,00.78855,NULL,NULL,bb3cac38-e924-4eac-86d1-4f239270d754
74353,00.10805,Mechanic,25064,NULL,EA,NULL,NULL,1,0,00.10805,NULL,NULL,be67f0d7-bcbb-44ee-b07c-6f8d920ee6dc
74356,00.78850,"Job Damaged Dirt Equip Reparis",25064,NULL,EA,NULL,NULL,1,0,00.78850,NULL,NULL,15861b7b-754f-483f-ac0a-75e09dca51df
74341,00.10020,"Setup Cranes",25067,NULL,EA,NULL,NULL,1,0,00.10020,NULL,NULL,71c3a386-ef51-4b47-82e8-3af66ac4f703
74342,00.10805,Mechanic,25067,NULL,EA,NULL,NULL,1,0,00.10805,NULL,NULL,b47c4617-66c4-4c91-9097-36e6cdf1fad7
74343,00.78850,"Dirt Equipment Damages",25067,NULL,EA,NULL,NULL,1,0,00.78850,NULL,NULL,731f29ac-9ac5-4196-a238-199618632393
74345,00.78855,"Vehicle Damage - Job Charged",25067,NULL," ",NULL,NULL,1,0,00.78855,NULL,NULL,bf85b593-7383-45c0-9b82-f6f521fdb903
74346,00.78852,"Structure Equipment Damages",25067,NULL,EA,NULL,NULL,1,0,00.78852,NULL,NULL,b3d698f5-25a6-47db-b5c2-45675bf64a01
74315,00.10805,Mechanic,25069,NULL,EA,NULL,NULL,1,0,00.10805,NULL,NULL,e4778851-66db-4deb-9771-fe12c9c14bba
74316,00.10020,"Setup Cranes",25069,NULL,EA,NULL,NULL,1,0,00.10020,NULL,NULL,ce43658e-662f-4397-abd2-3229aac4f410
74317,00.78850,"Dirt Equipment Damages",25069,NULL,EA,NULL,NULL,1,0,00.78850,NULL,NULL,a4b7229f-7e8f-4326-83ef-e4f484eca35f
74320,00.78855,"Vehicle Damage - Job Charged",25069,NULL," ",NULL,NULL,1,0,00.78855,NULL,NULL,0a3b441b-9d41-46cc-8111-a4c58cb1cf84
74321,00.78852,"Structure Equipment Damages",25069,NULL,EA,NULL,NULL,1,0,00.78852,NULL,NULL,a0187591-a32e-4869-88da-2a1234f920f9
74369,00.10805,Mechanic,25071,NULL,DY,NULL,NULL,1,0,00.10805,NULL,NULL,d2ac9eae-d458-4889-8618-9ccb3641d357
74371,00.10020,"Setup Cranes",25071,NULL,EA,NULL,NULL,1,0,00.10020,NULL,NULL,63dcda16-2f39-45e4-ae7c-742deee0cb6b
74372,00.10050,"Setup Barges",25071,NULL,SF,NULL,NULL,1,0,00.10050,NULL,NULL,729135ba-4f57-43f9-b02e-07020a859c19
74373,00.78855,"Vehicle Damage - Job Charged",25071,NULL," ",NULL,NULL,1,0,00.78855,NULL,NULL,4ead5fe3-003c-4946-af04-2456639f5949
74374,00.78852,"Structure Equipment Damages",25071,NULL,EA,NULL,NULL,1,0,00.78852,NULL,NULL,8daf0cd0-5ce7-4b52-877f-324b553002c7
74393,00.78850,"Dirt Equipment Damages",25071,NULL,EA,NULL,NULL,1,0,00.78850,NULL,NULL,feea873e-ce2e-4e74-80ca-aeada7213e15
74359,00.10020,"Setup Cranes",25073,NULL," ",NULL,NULL,1,0,00.10020,NULL,NULL,a4425c64-44b0-4c41-a482-e6f67242e72c
74362,00.10805,Mechanic,25073,NULL," ",NULL,NULL,1,0,00.10805,NULL,NULL,4e0e7264-7150-47e1-b0d5-0bb4ea8fd14c
74363,00.78855,"Vehicle Damage - Job Charged",25073,NULL," ",NULL,NULL,1,0,00.78855,NULL,NULL,a6170dc2-e824-4087-83bb-2ecb5fb32664
74364,00.78850,"Dirt Equipment Damages",25073,NULL,EA,NULL,NULL,1,0,00.78850,NULL,NULL,f076741d-3665-496f-a1f0-e59ed737c343
74366,00.78852,"Structure Equipment Damages",25073,NULL,EA,NULL,NULL,1,0,00.78852,NULL,NULL,6725b08f-b9a7-4466-9492-d8afda9db5c5
74375,00.10805,Mechanic,25074,NULL,EA,NULL,NULL,1,0,00.10805,NULL,NULL,d1aac344-02e0-4883-b41c-769c0986e550
74376,00.10020,"Setup Cranes",25074,NULL,EA,NULL,NULL,1,0,00.10020,NULL,NULL,6da7f1c1-fbd9-4633-be30-046791af1cc4
74377,00.78850,"Dirt Equipment Damages",25074,NULL,EA,NULL,NULL,1,0,00.78850,NULL,NULL,c1174506-41d5-486c-bb47-79ac1d8a07cd
74378,00.78852,"Structure Equipment Damages",25074,NULL,EA,NULL,NULL,1,0,00.78852,NULL,NULL,bb3d3a34-0b71-43fc-b2c4-d331f2726b37
74381,00.78855,"Vehicle Damage - Job Charged",25074,NULL," ",NULL,NULL,1,0,00.78855,NULL,NULL,0b1053c7-6fcd-47f0-a883-6e87ebb5fa7d
74394,00.10020,"Setup Cranes",25079,NULL,EA,NULL,NULL,1,0,00.10020,NULL,NULL,94f91b82-2a78-4575-a28c-25c7aa32006d
74395,00.78850,"Dirt Equipment Damages",25079,NULL,EA,NULL,NULL,1,0,00.78850,NULL,NULL,e58258ca-e7d8-4032-b943-88a37b4e03e9
74397,00.10805,Mechanic,25079,NULL,EA,NULL,NULL,1,0,00.10805,NULL,NULL,d28693d8-1e08-437f-b0f4-f882e764a67b
74398,00.78852,"Structure Equipment Damages",25079,NULL,EA,NULL,NULL,1,0,00.78852,NULL,NULL,6cfd80ac-b88e-43c1-af09-b2ca020e4c16
74401,00.78855,"Vehicle Damage - Job Charged",25079,NULL," ",NULL,NULL,1,0,00.78855,NULL,NULL,389ce14a-e159-468e-b252-e0d84e53ea69
74399,00.10805,Mechanic,25080,NULL,EA,NULL,NULL,1,0,00.10805,NULL,NULL,733c62fa-9f16-4e6b-84b5-8700b83e2a38
74400,00.10020,"Setup Cranes",25080,NULL,EA,NULL,NULL,1,0,00.10020,NULL,NULL,86481e17-b8ca-4c5f-85f0-e6cf1d4b454a
74402,00.78852,"Structure Equipment Damages",25080,NULL,EA,NULL,NULL,1,0,00.78852,NULL,NULL,9594b2a4-54fe-4715-ab15-5369bb204376
74405,00.78855,"Vehicle Damage - Job Charged",25080,NULL," ",NULL,NULL,1,0,00.78855,NULL,NULL,c4bc8b62-edc2-4d84-80f4-44f6da410181
74406,00.78850,"Dirt Equipment Damages",25080,NULL,EA,NULL,NULL,1,0,00.78850,NULL,NULL,2d87ffdc-6b15-4088-a22d-14ead2bbcae3
74407,00.10020,"Setup Cranes",25082,NULL,EA,NULL,NULL,1,0,00.10020,NULL,NULL,6b0be0a7-7733-4e14-8882-8741c5fd32e8
74409,00.10805,Mechanic,25082,NULL,EA,NULL,NULL,1,0,00.10805,NULL,NULL,549e59fa-e08a-433d-acef-e0501cc2f8bb
74411,00.78852,"Structure Equipment Damages",25082,NULL,EA,NULL,NULL,1,0,00.78852,NULL,NULL,74eb4777-a76d-4165-8e8b-f6f8e097d528
74412,00.78855,"Vehicle Damage - Job Charged",25082,NULL,EA,NULL,NULL,1,0,00.78855,NULL,NULL,bb52c601-7f54-4e8e-81dc-2257bcfe591a
74413,00.78850,"Dirt Equipment Damages",25082,NULL,EA,NULL,NULL,1,0,00.78850,NULL,NULL,253cc96e-ad6f-4a51-9b00-ae14cf6dacb2
74423,00.10805,Mechanic,25084,NULL,EA,NULL,NULL,1,0,00.10805,NULL,NULL,a95f40c1-3120-41b4-a832-94cc77b6b391
74414,00.10805,Mechanic,25085,NULL,EA,NULL,NULL,1,0,00.10805,NULL,NULL,380d5fec-bc8a-488d-91fc-f4911e806a7d
74415,00.78852,"Structure Equipment Damages",25085,NULL,EA,NULL,NULL,1,0,00.78852,NULL,NULL,068b8a46-086a-4535-96f1-53d8bb928137
74416,00.10020,"Setup Cranes",25085,NULL,EA,NULL,NULL,1,0,00.10020,NULL,NULL,8b5d6762-c16c-4aee-9990-07cc1ccbdeaa
74417,00.78855,"Vehicle Damage - Job Charged",25085,NULL," ",NULL,NULL,1,0,00.78855,NULL,NULL,1efe764f-a5f7-41ad-a4de-d4d9ee209a0c
74418,00.78850,"Dirt Equipment Damages",25085,NULL,EA,NULL,NULL,1,0,00.78850,NULL,NULL,bb6444bd-7150-43bd-a0b1-35105779dda4
74460,00.10020,"Setup Cranes",25089,NULL,EA,NULL,NULL,1,0,00.10020,NULL,NULL,8966be63-78de-4003-b640-de5f4e7feaf5
74461,00.10805,Mechanic,25089,NULL,EA,NULL,NULL,1,0,00.10805,NULL,NULL,1a25ef8c-926c-4929-8fa3-7e8ea6e5d725
74464,00.78852,"Structure Equipment Damages",25089,NULL,EA,NULL,NULL,1,0,00.78852,NULL,NULL,b5f3c11f-fd23-44ae-bf45-559216ec43fb
74465,00.78850,"Dirt Equipment Damages",25089,NULL,EA,NULL,NULL,1,0,00.78850,NULL,NULL,4b1bb6a7-1370-45c1-9449-a3e6c5ed7678
74466,00.78855,"Vehicle Damage - Job Charged",25089,NULL," ",NULL,NULL,1,0,00.78855,NULL,NULL,262e7cf2-b154-49b9-a4eb-a3c4437b16ce
74476,00.10020,"Setup Cranes",25093,NULL,EA,NULL,NULL,1,0,00.10020,NULL,NULL,64dbdc38-af9c-4a88-bb81-bbe903b03d49
74478,00.78852,"Structure Equipment Damages",25093,NULL,EA,NULL,NULL,1,0,00.78852,NULL,NULL,2b9931ad-44dc-4115-8a89-6a06acf8a1db
74479,00.10805,Mechanic,25093,NULL,EA,NULL,NULL,1,0,00.10805,NULL,NULL,d87e7e37-080d-467a-9a11-15003936511f
74480,00.78855,"Vehicle Damage - Job Charged",25093,NULL," ",NULL,NULL,1,0,00.78855,NULL,NULL,814b8add-5afd-4b87-b66a-c58618178ded
74481,00.78850,"Dirt Equipment Damages",25093,NULL,EA,NULL,NULL,1,0,00.78850,NULL,NULL,7cd28130-0f44-4258-9181-a4889c8975e1
74472,00.10020,"Setup Cranes",25094,NULL,EA,NULL,NULL,1,0,00.10020,NULL,NULL,cc1e1cfa-73e5-4386-a6f0-725b295d5479
74473,00.78852,"Structure Equipment Damages",25094,NULL,EA,NULL,NULL,1,0,00.78852,NULL,NULL,4f4c9568-8906-4cef-b6eb-e4593a35478a
74474,00.10805,Mechanic,25094,NULL,EA,NULL,NULL,1,0,00.10805,NULL,NULL,81639b66-12e9-40e8-bd04-17fb73b0c28d
74475,00.78850,"Dirt Equipment Damages",25094,NULL,EA,NULL,NULL,1,0,00.78850,NULL,NULL,a794af75-e661-4552-9b3e-368ea98eedd7
74477,00.78855,"Vehicle Damage - Job Charged",25094,NULL," ",NULL,NULL,1,0,00.78855,NULL,NULL,f18caa47-cd39-4d0c-8dd7-84108da56e56
74435,00.78852,"Structure Equipment Damages",25097,NULL,EA,NULL,NULL,1,0,00.78852,NULL,NULL,637e784e-4e9e-4055-92ad-a25217ea44b9
74436,00.78855,"Vehicle Damage - Job Charged",25097,NULL," ",NULL,NULL,1,0,00.78855,NULL,NULL,e84a8f7f-8d64-4d54-9155-3b12ae534205
74439,00.10020,"Setup Cranes",25097,NULL,EA,NULL,NULL,1,0,00.10020,NULL,NULL,84377a39-dfdb-4aea-8aca-4c3925d18b12
74441,00.10805,Mechanic,25097,NULL,EA,NULL,NULL,1,0,00.10805,NULL,NULL,e9cdc1bc-f9d0-4e8a-a392-900ced0e657b
74443,00.78850,"Dirt Equipment Damages",25097,NULL,EA,NULL,NULL,1,0,00.78850,NULL,NULL,fce2cdf9-c94c-4421-bf3b-c28333a633c3
74482,00.10805,Mechanic,25098,NULL,EA,NULL,NULL,1,0,00.10805,NULL,NULL,f4f5a266-9411-4f99-8155-d515fce770ee
74483,00.78855,"Vehicle Damage - Job Charged",25098,NULL," ",NULL,NULL,1,0,00.78855,NULL,NULL,eb686340-b406-4a31-b0e1-9030fab6e736
74484,00.78850,"Dirt Equipment Damages",25098,NULL,EA,NULL,NULL,1,0,00.78850,NULL,NULL,b00869e2-9bc1-42c8-889a-6ffb89b7daf3
74485,00.78852,"Structure Equipment Damages",25098,NULL,EA,NULL,NULL,1,0,00.78852,NULL,NULL,d1964a96-5ac6-4ae7-84eb-3376ab4598e4
74488,00.10020,"Setup Cranes",25098,NULL,EA,NULL,NULL,1,0,00.10020,NULL,NULL,1875a7f9-8576-4f74-8dd4-d5bff58a0a55
74490,00.10805,Mechanic,25101,NULL,EA,NULL,NULL,1,0,00.10805,NULL,NULL,7c2a861b-1220-4386-b449-3824af3d2585
74486,00.10020,"Setup Cranes",25103,NULL,EA,NULL,NULL,1,0,00.10020,NULL,NULL,5f943aa7-f771-41d0-9dc8-51c67a2c718c
74487,00.10805,Mechanic,25103,NULL,EA,NULL,NULL,1,0,00.10805,NULL,NULL,41d707c9-b56d-4071-9822-1da4547b129c
74489,00.78850,"Dirt Equipment Damages",25103,NULL,EA,NULL,NULL,1,0,00.78850,NULL,NULL,749792ce-4b31-4dc5-a41f-517e1e089287
74491,00.78855,"Vehicle Damage - Job Charged",25103,NULL," ",NULL,NULL,1,0,00.78855,NULL,NULL,47f3f417-bc36-4372-9ec1-df3f192fe75b
74492,00.78852,"Structure Equipment Damages",25103,NULL,EA,NULL,NULL,1,0,00.78852,NULL,NULL,4d04d543-4f0a-45f2-8bb7-d44a19d079ab
74504,00.10805,Mechanic,25104,NULL,DY,NULL,NULL,1,0,00.10805,NULL,NULL,2c9386d2-a1af-42de-9144-8ff3fc397ed0
74506,00.10050,"Setup Barges",25104,NULL,SF,NULL,NULL,1,0,00.10050,NULL,NULL,d60887a8-6632-4cc8-8e7f-9a5f438996a6
74507,00.10020,"Setup Cranes",25104,NULL,EA,NULL,NULL,1,0,00.10020,NULL,NULL,d2dbfa93-0b26-437e-bd0b-6976ccb7cc1a
74508,00.78850,"Dirt Equipment Damages",25104,NULL,EA,NULL,NULL,1,0,00.78850,NULL,NULL,537de229-44c0-4a0f-afa9-fa20addfd753
74509,00.78852,"Structure Equipment Damages",25104,NULL,EA,NULL,NULL,1,0,00.78852,NULL,NULL,4453202b-e4f4-4946-8634-0bcb5db06288
74514,00.78855,"Vehicle Damage - Job Charged",25104,NULL," ",NULL,NULL,1,0,00.78855,NULL,NULL,e1fac0c2-db75-47c1-855e-5014dbabc058
74512,00.10020,"Setup Cranes",25105,NULL,EA,NULL,NULL,1,0,00.10020,NULL,NULL,16b4a3f9-bace-4b00-9359-1643bde1e9ff
74516,00.10805,Mechanic,25105,NULL,EA,NULL,NULL,1,0,00.10805,NULL,NULL,6f6f168e-8bfc-4255-9214-611d397fa108
74517,00.78855,"Vehicle Damage - Job Charged",25105,NULL,EA,NULL,NULL,1,0,00.78855,NULL,NULL,a304f066-619c-478d-b535-7adf1e07c3be
74518,00.78852,"Structure Equipment Damages",25105,NULL,EA,NULL,NULL,1,0,00.78852,NULL,NULL,5b717410-afdd-4e6b-a637-24c3431fc2da
74532,00.78850,"Job Damaged Dirt Equip Reparis",25105,NULL,EA,NULL,NULL,1,0,00.78850,NULL,NULL,1a7250a5-c1b0-405b-a3a6-8873ff51d52b
74496,00.78850,"Dirt Equipment Damages",25106,NULL,EA,NULL,NULL,1,0,00.78850,NULL,NULL,f8ea1f10-b7c1-443d-aca5-e51ded0e41c5
74497,00.10020,"Setup Cranes",25106,NULL,LS,NULL,NULL,1,0,00.10020,NULL,NULL,ed44b92f-f4f8-48ac-aa41-880df32825e8
74498,00.78852,"Structure Equipment Damages",25106,NULL,EA,NULL,NULL,1,0,00.78852,NULL,NULL,74e2d9c1-1c82-48b1-b94a-76a300419bad
74499,00.10805,Mechanic,25106,NULL,EA,NULL,NULL,1,0,00.10805,NULL,NULL,c6da159d-0174-4a6d-96d7-17f045fd283d
74500,00.78855,"Vehicle Damage - Job Charged",25106,NULL," ",NULL,NULL,1,0,00.78855,NULL,NULL,e785577a-3654-4048-bb6c-add94bf36034
74519,00.78855,"Vehicle Damage - Job Charged",25107,NULL," ",NULL,NULL,1,0,00.78855,NULL,NULL,d0197859-a36f-4308-bab9-adcc24b36c68
74520,00.10020,"Setup Cranes",25107,NULL,EA,NULL,NULL,1,0,00.10020,NULL,NULL,efb0a653-12aa-45ec-bea5-e809cfccba8d
74521,00.10805,Mechanic,25107,NULL,EA,NULL,NULL,1,0,00.10805,NULL,NULL,e1932205-09f8-479f-be22-81542f633851
74522,00.78852,"Structure Equipment Damages",25107,NULL,EA,NULL,NULL,1,0,00.78852,NULL,NULL,8097192a-29b4-4efd-869c-44fab1aaba31
74524,00.78850,"Dirt Equipment Damages",25107,NULL,EA,NULL,NULL,1,0,00.78850,NULL,NULL,488a6edb-9b6b-4cb8-b8ac-a88992390a83
74539,00.10805,Mechanic,25110,NULL,EA,NULL,NULL,1,0,00.10805,NULL,NULL,98119295-164c-4542-9acc-f444137f30ac
74540,00.78850,"Job Damaged Equip Repairs",25110,NULL,EA,NULL,NULL,1,0,00.78850,NULL,NULL,3da8700c-0d3c-427d-99c1-ec7afcd16c7d
74542,00.78852,"Structure Equipment Damages",25110,NULL,EA,NULL,NULL,1,0,00.78852,NULL,NULL,2e3805ac-9fa4-4c93-9d2b-6798a7ffa714
74543,00.78855,"Vehicle Damage - Job Charged",25110,NULL,EA,NULL,NULL,1,0,00.78855,NULL,NULL,e89cd423-4890-40a2-bfd3-e3e714ed2b7a
74528,00.10805,Mechanic,25111,NULL,EA,NULL,NULL,1,0,00.10805,NULL,NULL,4377018b-f020-45a9-80aa-2b2ce09911e8
74529,00.10020,"Setup Cranes",25111,NULL,EA,NULL,NULL,1,0,00.10020,NULL,NULL,79f0e0ad-939e-43c1-8c53-b98a73b471dd
74531,00.78850,"Dirt Equipment Damages",25111,NULL,EA,NULL,NULL,1,0,00.78850,NULL,NULL,ac36d946-9999-4652-9761-cc5cc7e86e33
74533,00.78852,"Structure Equipment Damages",25111,NULL,EA,NULL,NULL,1,0,00.78852,NULL,NULL,8a765322-eb0a-4f74-9d88-9205f08e70b1
74534,00.78855,"Vehicle Damage - Job Charged",25111,NULL," ",NULL,NULL,1,0,00.78855,NULL,NULL,54317043-4f64-4eac-8927-0c8f5c44d9ef
74523,00.10020,"Setup Cranes",25112,NULL,EA,NULL,NULL,1,0,00.10020,NULL,NULL,fed8a34b-760d-4ac1-a73a-3bd5692577b2
74525,00.10805,Mechanic,25112,NULL,EA,NULL,NULL,1,0,00.10805,NULL,NULL,017a7e9a-cdb6-4758-b6c1-e40a11f47459
74526,00.78850,"Dirt Equipment Damages",25112,NULL,EA,NULL,NULL,1,0,00.78850,NULL,NULL,f03c7999-70e4-4800-b367-bd1be0c63c4d
74527,00.78855,"Vehicle Damage - Job Charged",25112,NULL," ",NULL,NULL,1,0,00.78855,NULL,NULL,2443e87f-1a5d-4e58-af15-ad84fed57f33
74530,00.78852,"Structure Equipment Damages",25112,NULL,EA,NULL,NULL,1,0,00.78852,NULL,NULL,6e64ca46-025b-4979-8ec0-77b017752efd
74561,00.10020,"Setup Cranes",25118,NULL,EA,NULL,NULL,1,0,00.10020,NULL,NULL,449af776-cd5f-43d7-9715-f4f167ec29c0
74562,00.10050,"SETUP BARGES",25118,NULL,SF,NULL,NULL,1,0,00.10050,NULL,NULL,5ba5ac2c-ce52-453e-90cc-0a206c857d9e
74563,00.10805,Mechanic,25118,NULL,EA,NULL,NULL,1,0,00.10805,NULL,NULL,1e32a4cd-7c32-4e7d-8af3-8647057f1d33
74564,00.78855,"Vehicle Damage - Job Charged",25118,NULL," ",NULL,NULL,1,0,00.78855,NULL,NULL,d12239a1-9289-4fb1-a90c-5f8e310ba530
74565,00.78850,"Dirt Equipment Damages",25118,NULL,EA,NULL,NULL,1,0,00.78850,NULL,NULL,052ba2de-eee5-46b0-a394-7345c28ad545
74567,00.78852,"Structure Equipment Damages",25118,NULL,EA,NULL,NULL,1,0,00.78852,NULL,NULL,2182d108-624c-4a42-b072-2246100b486c
74551,00.10020,"Setup Cranes",25119,NULL,EA,NULL,NULL,1,0,00.10020,NULL,NULL,bf782f87-93b3-43af-8b48-da24006f0b63
74552,00.10805,Mechanic,25119,NULL,EA,NULL,NULL,1,0,00.10805,NULL,NULL,a4753d8a-53d8-4179-81e8-a101746adb97
74553,00.78850,"Dirt Equipment Damages",25119,NULL,EA,NULL,NULL,1,0,00.78850,NULL,NULL,abcf6158-62f6-495c-b4c9-3bb42960134d
74555,00.78855,"Vehicle Damage - Job Charged",25119,NULL," ",NULL,NULL,1,0,00.78855,NULL,NULL,d36b1e1e-d9fb-402a-8e8a-d5db17bfc9b0
74559,00.78852,"Structure Equipment Damages",25119,NULL,EA,NULL,NULL,1,0,00.78852,NULL,NULL,ebcb40f3-a690-42cd-be9b-462085e7c26c
74577,00.10805,Mechanic,25120,NULL,EA,NULL,NULL,1,0,00.10805,NULL,NULL,13b3fe5e-b73b-4637-9db4-c4ae60c51c11
74579,00.10020,"Setup Cranes",25120,NULL,EA,NULL,NULL,1,0,00.10020,NULL,NULL,a1e853ea-ebac-4e00-bfe6-c094c5394ade
74580,00.78855,"Vehicle Damage - Job Charged",25120,NULL," ",NULL,NULL,1,0,00.78855,NULL,NULL,f0738272-b363-456b-b9ba-7e41598c9ee7
74581,00.78852,"Structure Equipment Damages",25120,NULL,EA,NULL,NULL,1,0,00.78852,NULL,NULL,b0067e1f-f8cf-4ad6-9de5-91fbb5340ad1
74582,00.78850,"Dirt Equipment Damages",25120,NULL,EA,NULL,NULL,1,0,00.78850,NULL,NULL,26a20cf5-c805-4d25-b9df-d785147bde4f
74592,00.10805,Mechanic,25122,NULL,EA,NULL,NULL,1,0,00.10805,NULL,NULL,687fb3a5-22e7-42ba-9071-79c01a8adf97
74593,00.78855,"Vehicle Damage - Job Charged",25122,NULL,EA,NULL,NULL,1,0,00.78855,NULL,NULL,f6917f12-5a67-4843-b802-50d61d94abd8
74595,00.78850,"Dirt Equipment Damages",25122,NULL,EA,NULL,NULL,1,0,00.78850,NULL,NULL,dd563eea-0ce6-4946-90b2-1ef40bbdd0de
74596,00.78852,"Structure Equipment Damages",25122,NULL,EA,NULL,NULL,1,0,00.78852,NULL,NULL,0126182b-7fa5-40e4-acb4-592597515d04
74573,00.10020,"Setup Cranes",25124,NULL,EA,NULL,NULL,1,0,00.10020,NULL,NULL,6931d4c0-e9d9-49d2-a137-474ee5c3db00
74574,00.10805,Mechanic,25124,NULL,EA,NULL,NULL,1,0,00.10805,NULL,NULL,38d7263f-428e-4be5-b841-56ddc52053bf
74575,00.78855,"Vehicle Damage - Job Charged",25124,NULL," ",NULL,NULL,1,0,00.78855,NULL,NULL,08418f57-28f0-4ea5-9734-116f14794f25
74576,00.78852,"Structure Equipment Damages",25124,NULL,EA,NULL,NULL,1,0,00.78852,NULL,NULL,01fd422e-df90-433d-ac84-b478353592f6
74578,00.78850,"Dirt Equipment Damages",25124,NULL,EA,NULL,NULL,1,0,00.78850,NULL,NULL,194cd274-dcdf-4c71-ae3e-75609c2523cb
74594,00.10020,"Setup Cranes",25125,NULL,EA,NULL,NULL,1,0,00.10020,NULL,NULL,3d9619d6-34b6-4f6e-ac3e-e0824834ef83
74597,00.78852,"Structure Equipment Damages",25125,NULL,EA,NULL,NULL,1,0,00.78852,NULL,NULL,2a9945be-560f-44b3-90f1-8c17d6ab1958
74598,00.10805,Mechanic,25125,NULL,EA,NULL,NULL,1,0,00.10805,NULL,NULL,7067513e-55c1-4618-9f3c-c98cefe8d48b
74599,00.78850,"Dirt Equipment Damages",25125,NULL,EA,NULL,NULL,1,0,00.78850,NULL,NULL,a326ee9c-ca9b-4c93-83c8-fa739eb6aaec
74602,00.78855,"Vehicle Damage - Job Charged",25125,NULL," ",NULL,NULL,1,0,00.78855,NULL,NULL,56f9310c-1a18-43dc-a684-1466e52de7a7
74600,00.10805,Mechanic,25127,NULL,EA,NULL,NULL,1,0,00.10805,NULL,NULL,59b4543d-feb9-4a5d-8df1-b8dae8ec9a5a
74601,00.10020,"Setup Cranes",25127,NULL,EA,NULL,NULL,1,0,00.10020,NULL,NULL,46366ba9-deb5-4bfa-8e17-98a87fd0d53b
74603,00.78850,"Dirt Equipment Damages",25127,NULL,EA,NULL,NULL,1,0,00.78850,NULL,NULL,320f2c52-410a-419d-b130-9e87ff268157
74604,00.78855,"Vehicle Damage - Job Charged",25127,NULL," ",NULL,NULL,1,0,00.78855,NULL,NULL,664ca9ed-ad89-415e-b2b0-83cb3281470f
74605,00.78852,"Structure Equipment Damages",25127,NULL,EA,NULL,NULL,1,0,00.78852,NULL,NULL,08988bc2-b8d5-4552-a67c-e3ef89b30476
74606,00.10020,"Setup Cranes",25128,NULL,EA,NULL,NULL,1,0,00.10020,NULL,NULL,250caa69-51f1-4acd-beee-6f6b707f12a7
74607,00.10805,Mechanic,25128,NULL,EA,NULL,NULL,1,0,00.10805,NULL,NULL,4ce89fc8-ed11-479c-bdd2-4ccd1251832e
74608,00.78855,"Vehicle Damage - Job Charged",25128,NULL," ",NULL,NULL,1,0,00.78855,NULL,NULL,bb59f7e7-2801-4d3f-a8cc-8e02018190e2
74609,00.78852,"Structure Equipment Damages",25128,NULL,EA,NULL,NULL,1,0,00.78852,NULL,NULL,c89c2303-9784-4419-b92b-0656d8641456
74610,00.78850,"Dirt Equipment Damages",25128,NULL,EA,NULL,NULL,1,0,00.78850,NULL,NULL,c2a87e7d-83ab-4a94-9516-710743c186ae
74611,00.10020,"Setup Cranes",25129,NULL,EA,NULL,NULL,1,0,00.10020,NULL,NULL,fd52b6f1-cea2-4d2c-b0cb-e912e5215149
74612,00.10805,Mechanic,25129,NULL,EA,NULL,NULL,1,0,00.10805,NULL,NULL,433550c5-a968-41cb-ac64-f63413a21cc9
74613,00.78850,"Job Damaged Dirt Equip Reparis",25129,NULL,EA,NULL,NULL,1,0,00.78850,NULL,NULL,09ad3d78-3c03-4341-81a4-7cb55b28f5a2
74614,00.78852,"Structure Equipment Damages",25129,NULL,EA,NULL,NULL,1,0,00.78852,NULL,NULL,9758fb26-f286-4bda-8416-c9ef7a023c1a
74615,00.78855,"Vehicle Damage - Job Charged",25129,NULL,EA,NULL,NULL,1,0,00.78855,NULL,NULL,90449b28-5059-4fb2-87d9-c671f4241497
74621,00.10020,"Setup Cranes",25132,NULL,EA,NULL,NULL,1,0,00.10020,NULL,NULL,24b54109-4252-4d82-9783-f9f997d02d14
74622,00.10805,Mechanic,25132,NULL,EA,NULL,NULL,1,0,00.10805,NULL,NULL,1de4634e-12f8-4f88-a010-4967954858b1
74623,00.78850,"Job Damaged Dirt Equip Reparis",25132,NULL,EA,NULL,NULL,1,0,00.78850,NULL,NULL,1faf7ea7-a3e2-4b09-95ac-5819c4163cb5
74624,00.78852,"Structure Equipment Damages",25132,NULL,EA,NULL,NULL,1,0,00.78852,NULL,NULL,6e145329-d466-47c4-ab57-9cfb64be9a42
74625,00.78855,"Vehicle Damage - Job Charged",25132,NULL,EA,NULL,NULL,1,0,00.78855,NULL,NULL,b1ff57ab-878b-4468-aeb0-8be27b321ce1
74630,00.10020,"Setup Cranes",25134,NULL,EA,NULL,NULL,1,0,00.10020,NULL,NULL,ac31b79f-001c-4c96-b6b8-129473be4269
74632,00.10805,Mechanic,25134,NULL,EA,NULL,NULL,1,0,00.10805,NULL,NULL,a6018d65-679c-4643-a528-e6faefaa5e1b
74633,00.78850,"Dirt Equipment Damages",25134,NULL,EA,NULL,NULL,1,0,00.78850,NULL,NULL,ba35c6a5-da8f-477e-8ac7-a010c00f3057
74634,00.78855,"Vehicle Damage - Job Charged",25134,NULL," ",NULL,NULL,1,0,00.78855,NULL,NULL,408f6137-704c-45ff-ab6d-a56573cf91f2
74636,00.78852,"Structure Equipment Damages",25134,NULL,EA,NULL,NULL,1,0,00.78852,NULL,NULL,d2f25468-541a-496b-89f6-a2117b02011e
74635,00.10020,"Setup Cranes",25135,NULL,EA,NULL,NULL,1,0,00.10020,NULL,NULL,37bcacbb-98e7-48c2-9221-dcb7fbd86675
74637,00.10805,Mechanic,25135,NULL,EA,NULL,NULL,1,0,00.10805,NULL,NULL,8f793110-f0d4-4d74-b0f7-61d4c25310f6
74638,00.78855,"Vehicle Damage - Job Charged",25135,NULL," ",NULL,NULL,1,0,00.78855,NULL,NULL,7d83b293-0cfe-4370-8210-9dbc0ee78202
74639,00.78850,"Dirt Equipment Damages",25135,NULL,EA,NULL,NULL,1,0,00.78850,NULL,NULL,30dcb906-213c-4fc8-8640-6b1e1a0c225a
74640,00.78852,"Structure Equipment Damages",25135,NULL,EA,NULL,NULL,1,0,00.78852,NULL,NULL,27d7b70e-6eea-4afc-9e99-288cfd0d1a80
74641,00.10020,"Setup Cranes",25136,NULL,EA,NULL,NULL,1,0,00.10020,NULL,NULL,e6aab815-a9e5-4e50-8871-48c11bd64774
74642,00.78850,"Job Damaged Equip Reparis",25136,NULL,EA,NULL,NULL,1,0,00.78850,NULL,NULL,7f1264bc-26da-4086-8076-839428c1ee50
74643,00.10805,Mechanic,25136,NULL,EA,NULL,NULL,1,0,00.10805,NULL,NULL,bf83efd7-f5e2-4818-a119-461c7e537399
74644,00.78855,"Vehicle Damage - Job Charged",25136,NULL," ",NULL,NULL,1,0,00.78855,NULL,NULL,24472902-48c7-4c37-aae6-a7b93a297f9c
74649,00.78852,"Structure Equipment Damages",25136,NULL,EA,NULL,NULL,1,0,00.78852,NULL,NULL,665d9b12-ee9d-4291-adbd-aa5d4837e768
73841,1002,Engines/Cooling/Exhaust/Fuel,25142,NULL,HR,"Inclues Fuel System, Anti2Block","2026-07-20 15:02:32",1,0,1002,NULL,NULL,e1b118d4-4a16-4b3f-90e0-dc2bad1f4439
73843,1010,"Steering (Wheeled Equip)",25142,NULL,HR,NULL,"2026-07-20 16:54:55",1,0,1010,NULL,NULL,9257d692-3566-49b3-b2c2-0279467d6445
73844,1009,"Brakes/Seals/Axle (Wheeled Eq)",25142,NULL,HR,NULL,"2026-07-20 16:54:55",1,0,1009,NULL,NULL,8cb9d559-1922-4655-879e-d7a5d63afcfc
73845,1004,"Clutches and Brakes",25142,NULL,HR,NULL,"2026-07-20 16:54:55",1,0,1004,NULL,NULL,f20c3b62-2f14-4086-993a-7c05ae9f2dbd
73846,1005,Transmissions,25142,NULL,HR,NULL,"2026-07-20 16:54:55",1,0,1005,NULL,NULL,03a990ba-e672-44da-b6d5-b319d6ebb287
73847,1007,"Differentials / Transfer Case",25142,NULL,HR,NULL,"2026-07-20 16:54:55",1,0,1007,NULL,NULL,5fec1cf7-b828-48cc-98df-cb40529ac430
73848,1006,"Torque Converters",25142,NULL,HR,NULL,"2026-07-20 16:54:55",1,0,1006,NULL,NULL,e3486c4f-8c36-42f8-a9a9-6c1b898901f6
73849,1012,"Hyd Pumps, Motors, Cylinders..",25142,NULL,HR,NULL,"2026-07-20 16:56:16",1,0,1012,NULL,NULL,0998fe03-786c-4242-a1fb-ebe219c8d028
73850,1013,"Tires (New and Repairs)",25142,NULL,HR,NULL,"2026-07-20 16:56:16",1,0,1013,NULL,NULL,d7847996-b26b-4c2f-bb8e-b072da038d7d
73851,1011,Electrical,25142,NULL,HR,"Includes Starter and Alternator","2026-07-20 16:56:16",1,0,1011,NULL,NULL,5312c5a1-3844-482c-9945-f873c87cee64
73852,1014,"Track / Under Carriage Repair",25142,NULL,HR,NULL,"2026-07-20 16:56:17",1,0,1014,NULL,NULL,88969977-e7b7-40a0-b05f-175751f87567
73853,1017,"Hydraulic Hose Fab & Repair",25142,NULL,HR,NULL,"2026-07-20 16:57:46",1,0,1017,NULL,NULL,8619beda-5d9b-479e-8893-95fbeda7f1c0
73854,1016,"Cab/Window/Door/Frame Repair",25142,NULL,HR,"Includes AC, Heater, Wipers, Etc.","2026-07-20 16:57:46",1,0,1016,NULL,NULL,41734b71-e225-40af-8644-281ed85c6940
73855,1015,"Protective Guards/Fall Protect",25142,NULL,HR,"Safety Items Only","2026-07-20 16:57:46",1,0,1015,NULL,NULL,b9a68da8-b579-42be-971c-d203e947d23c
73856,1019,"Outriggers / Stabilizer Compon",25142,NULL,HR,NULL,"2026-07-20 17:03:06",1,0,1019,NULL,NULL,ca748d30-e6bd-4751-9040-18b7294cacd9
73857,1018,"Controls - Heavy Equipment",25142,NULL,HR,NULL,"2026-07-20 17:03:06",1,0,1018,NULL,NULL,aad53b94-e760-4787-8603-98aa9140396a
73858,1020,"Inspections-Annual (DOT/Crane)",25142,NULL,HR,NULL,"2026-07-20 17:03:06",1,0,1020,NULL,NULL,d96a500f-2866-4303-ba53-806b6619c9ea
73859,1026,"Ground Engaging Tools",25142,NULL,HR,"Cutting Edges, etc.","2026-07-20 17:56:34",1,0,1026,NULL,NULL,93f7008d-4e96-43e8-8422-12ddadf8d93d
73860,1024,"Crane-Headache Balls, Straddle",25142,NULL,HR,"Straddle Chain and Counterweights","2026-07-20 17:56:34",1,0,1024,NULL,NULL,59357456-41db-4504-91c2-9b104f1cca5c
73861,1035,"Pile Hammer Fuel/Lube Pump",25142,NULL,HR,NULL,"2026-07-20 17:56:34",1,0,1035,NULL,NULL,151abacf-23dc-432d-9799-178094f55fa6
73862,1025,"Attachment Repairs",25142,NULL,HR,"Hammers, Broom, Buckets, Etc.","2026-07-20 17:56:34",1,0,1025,NULL,NULL,b946ff03-5f88-457f-ac68-01c1a5cc989f
73863,1034,"Load/Unload Trucks",25142,NULL,HR,NULL,"2026-07-20 17:56:34",1,0,1034,NULL,NULL,6083fd42-2cba-43cf-9861-7ed90c40cf45
73864,1028,"Welding Repairs",25142,NULL,HR,NULL,"2026-07-20 17:56:34",1,0,1028,NULL,NULL,bdc27b1f-8491-423d-9841-8dd735f7562b
73865,1033,"Small Engine Pumps & Generator",25142,NULL,HR,NULL,"2026-07-20 17:56:34",1,0,1033,NULL,NULL,a600b08a-f6d4-44c5-b05d-c4585a913cc9
73866,1030,"Delivery/Pickup-Parts & Other",25142,NULL,HR,NULL,"2026-07-20 17:56:34",1,0,1030,NULL,NULL,5f68ad61-5e10-4c75-93ee-b1c65fbbe7e7
73867,1036,"Pile Hammer-Rings & Cushion",25142,NULL,HR,Materials,"2026-07-20 17:56:34",1,0,1036,NULL,NULL,9b872114-e9fb-4737-8dce-9a0b4298236c
73868,1038,Boom-Repair/Replace,25142,NULL,HR,"Lacing, etc.","2026-07-20 17:59:09",1,0,1038,NULL,NULL,c2e431d5-bb68-4be7-a810-019b21ce4586
73869,1040,"Boom-Bail & Tip Sheave Repair",25142,NULL,HR,NULL,"2026-07-20 17:59:09",1,0,1040,NULL,NULL,03443ee7-4eb5-4005-914c-b41dfa05e9d7
73870,1039,"Gears and Shafts",25142,NULL,HR,NULL,"2026-07-20 17:59:09",1,0,1039,NULL,NULL,6cd535e4-c068-455d-9db6-964b96b1f7f8
73871,1041,"Boom Cable Replace (AltLay)",25142,NULL,HR,"Boom Cable (Alt Lay) = Unit Charge; Main Drum (Hoist & Auxillary) Cable (RRL or RAL) is Job Charge","2026-07-20 17:59:09",1,0,1041,NULL,NULL,7dc7df86-1f14-4bc1-be78-8df75408acc9
73872,1049,"Training/DOT Physicals",25142,NULL,HR,NULL,"2026-07-20 18:01:23",1,0,1049,NULL,NULL,be1f8836-bf33-45ea-b89a-0c5e908405f9
73873,1045,"Crane-Tagline Repair",25142,NULL,HR,NULL,"2026-07-20 18:01:23",1,0,1045,NULL,NULL,9af5a082-d6e4-4668-b729-1f27f01df816
73874,1053,"Vibro Jaw Repairs",25142,NULL,HR,NULL,"2026-07-20 18:01:23",1,0,1053,NULL,NULL,58b834c8-91c8-448c-8477-952509fd66e5
73875,1052,"Vibro Exciter Repairs",25142,NULL,HR,NULL,"2026-07-20 18:01:23",1,0,1052,NULL,NULL,0dc54f53-4a79-429e-b432-59cbdbc50445
73876,1042,"Finish Machine-Carriage Repair",25142,NULL,HR,NULL,"2026-07-20 18:01:23",1,0,1042,NULL,NULL,ae19492b-ea8a-4b09-a1d4-4c573a108886
73877,1044,"Rail Gear Repair",25142,NULL,HR,NULL,"2026-07-20 18:01:24",1,0,1044,NULL,NULL,f0320775-4388-4094-8e44-41bff163a114
73878,1050,"Miscellaneous Labor/Expenses",25142,NULL,HR,"Use only if no other code available","2026-07-20 18:01:24",1,0,1050,NULL,NULL,eb67fe6e-75e8-4979-a4b1-472ce62da164
73879,1043,"Finish Machine-Truss Repair",25142,NULL,HR,NULL,"2026-07-20 18:01:24",1,0,1043,NULL,NULL,fd946f24-ed77-4c84-8785-33d293e71476
73880,1048,"Travel Time Direct",25142,NULL,HR,NULL,"2026-07-20 18:01:24",1,0,1048,NULL,NULL,70373fc1-c941-4b84-bef4-80401dff95db
73881,1051,"Shop and Yard Maintenance",25142,NULL,HR,NULL,"2026-07-20 18:01:24",1,0,1051,NULL,NULL,dd9f0e70-0c0e-4de8-a073-80e9eb2667f8
73882,1088,"Auction/Sale/Scrap  Prep",25142,NULL,HR,NULL,"2026-07-20 18:04:06",1,0,1088,NULL,NULL,db9bafcc-937e-4d21-a408-dd33b53bb3b5
73883,1060,"Routine Service (Oil, Filters)",25142,NULL,HR,"Includes Checking Over/Prep for Job","2026-07-20 18:04:06",1,0,1060,NULL,NULL,15a2a76c-dad5-471e-9db7-3f9e95d6fd83
73884,1075,"Painting and Sandblasting",25142,NULL,HR,NULL,"2026-07-20 18:04:06",1,0,1075,NULL,NULL,0684af60-c982-47f6-ae80-e8e4cb95d5eb
73885,1059,"Fueling Dirt Equipment",25142,NULL,HR,"Only use for Dirt Work Equipment Fueling","2026-07-20 18:04:06",1,0,1059,NULL,NULL,5e356d91-17f3-42fe-b8bb-ccc8bec3cd1d
73886,1087,"Stripping Platforms",25142,NULL,HR,NULL,"2026-07-20 18:04:06",1,0,1087,NULL,NULL,0af4b787-194b-43d8-9bb5-1fa708e69594
73887,1063,"Repair/Paint Work (Carpenter)",25142,NULL,HR,"Office, Tool Vans, Huese Houses, etc.","2026-07-20 18:04:06",1,0,1063,NULL,NULL,77974855-ea4b-4e99-8036-d0e8718fd1dc
73888,1068,"Wash/Detail/Organize Tools/Etc",25142,NULL,HR,NULL,"2026-07-20 18:04:06",1,0,1068,NULL,NULL,23b5e676-4297-4c3d-a3f2-758074dc5cab
73889,1090,Supervisory,25142,NULL,HR,NULL,"2026-07-20 18:04:06",1,0,1090,NULL,NULL,b3de7059-47d1-45e9-a442-d94d6c49baec
73890,1080,Vacation/Sick/Holiday,25142,NULL,HR,NULL,"2026-07-20 18:04:06",1,0,1080,NULL,NULL,f84f60fb-4b85-4ea8-81fa-2efc86a22283
73891,1057,"New Eqiupment Setup",25142,NULL,HR,"Pickups, Trailer, Etc.","2026-07-20 18:04:06",1,0,1057,NULL,NULL,d3d7814b-3e66-4c51-b110-03df2a5b7e75
