jobId,jobNumber,jobShortName,jobLongName,jobDescription,jobColor,divisionId,divisionDisplayName,jobTypeId,jobTypeDisplayName,jobDisplayNameWithJobNumber,jobDisplayName,isActive,emergencyHospitalName,emergencyHospitalAddress,emergencyHospitalPhone,uuid,accountingCode,estimatingCode,organizations
24976,482304,"Confluence Parkway - JV Share","Harry S Truman Parkway","Confluence Parkway - JV Share",#000000,634,NULL,NULL,NULL,NULL,NULL,0,,,,bc5a105f-b1fb-49fa-acbe-d6f262646673,NULL,NULL,[]
24984,242304,"North Creek Greenway Trail","173rd St in Lakeville to 189th St in Farmington","North Creek Greenway Trail",#000000,634,NULL,NULL,NULL,NULL,NULL,0,,,,5480c149-c439-4e65-b5cb-de45d504954e,NULL,NULL,[]
24985,062404,"On-Call Community Network Bike Facilities Package 2","On-Call Community Network Bike Facilities Package 2","On-Call Community Network Bike Facilities Package 2",Green,721,NULL,NULL,NULL,NULL,NULL,0,,,,5035cb85-b069-41f5-a041-123ff5ebd734,NULL,NULL,[]
24988,242409,"Wright County Eastwood Avenue","Wright County Eastwood Avenue","Wright County Eastwood Avenue",#000000,634,NULL,NULL,NULL,NULL,NULL,0,,,,cd193456-d0ed-4f5c-969d-0802d3334765,NULL,NULL,[]
24989,242413,"Broadway Ave N Reconstruction","Broadway Avenue North - Silver Lake Bridge/14th St.","Broadway Ave N Reconstruction",#000000,634,NULL,NULL,NULL,NULL,NULL,0,,,,e88a8c34-756c-4298-a253-94e29eab9aaa,NULL,NULL,[]
24991,062508,"E-470 MM 1 Sign Bridge Replacement","E-470 MM 1 Sign Bridge Replacement","E-470 MM 1 Sign Bridge Replacement",Green,721,NULL,NULL,NULL,NULL,NULL,0,,,,eade74e8-990c-42c9-a4c6-b52e47ed8e7a,NULL,NULL,[]
24992,062412,"On-Call S Monaco Pkwy Bridge over Cherry Creek","S Monaco Pkwy Bridge over Cherry Creek","On-Call S Monaco Pkwy Bridge over Cherry Creek",Green,721,NULL,NULL,NULL,NULL,NULL,0,,,,18d88f29-db8f-463e-8544-40693990ee7d,NULL,NULL,[]
24993,242411,"Bluff Drive Over 169","Bluff Drive TH 169 Overpass","Bluff Drive Over 169",#000000,634,NULL,NULL,NULL,NULL,NULL,0,,,,a6b896bf-1bdf-422e-a56a-2ee2805c4b93,NULL,NULL,[]
24995,061802,"I-25 North KNA Reimbursable Costs","I-25 North KNA Reimbursable Costs","I-25 North KNA Reimbursable Costs",Green,721,NULL,NULL,NULL,NULL,NULL,0,,,,7fbcb616-87c6-4897-83ec-a3b3444df9c2,NULL,NULL,[]
25000,142201,"Houbolt Road Toll Plaza -JV Share","Houbolt Road Toll Plaza -JV Share","Houbolt Road Toll Plaza -JV Share",#000000,634,NULL,NULL,NULL,NULL,NULL,0,,,,325078c8-9e81-4020-bc0c-62fb93578ef3,NULL,NULL,[]
25004,3152,"East Fork Lewis","East Fork Lewis","East Fork Lewis",#000000,634,NULL,NULL,NULL,NULL,NULL,0,,,,f03950ec-7714-4401-ac47-4362c06dc203,NULL,NULL,[]
25006,242313,"Stone Arch Bridge Rehab","St. Anthony Stone Arch Bridge - Hennepin County","Stone Arch Bridge Rehab",#000000,634,NULL,NULL,NULL,NULL,NULL,0,,,,5272fec8-4115-4bdf-a70e-d7827aee74cb,NULL,NULL,[]
25014,242513,"TH 35 Duluth Rehab","TH 35 - St. Louis County","TH 35 Duluth Rehab",#000000,634,NULL,NULL,NULL,NULL,NULL,0,,,,5f4ff785-93f1-464f-9fac-ae6407401700,NULL,NULL,[]
25015,482506,"Confluence Parkway South - JV Share","Confluence Parkway South - JV Share","Confluence Parkway South - JV Share",#000000,634,NULL,NULL,NULL,NULL,NULL,0,,,,55f56376-40bb-42e3-81e5-88b1ec672a04,NULL,NULL,[]
25016,232303,"Bay City Liberty Tolling System - JV Share","Harry S Truman Parkway","Bay City Liberty Tolling System - JV Share",#000000,634,NULL,NULL,NULL,NULL,NULL,0,,,,125b4d31-e3cf-4385-8cfa-ef8ceaeb8fb1,NULL,NULL,[]
25020,242013,"Twin Ports KNA-Ames JV Reimbursable Costs","Twin Ports KNA-Ames JV Reimbursable Costs","Twin Ports KNA-Ames JV Reimbursable Costs",#000000,634,NULL,NULL,NULL,NULL,NULL,0,,,,b22f8af8-2a64-447f-be7b-068887f8df1a,NULL,NULL,[]
25021,141902,"Houbolt Road -JV Share","Houbolt Road -JV Share","Houbolt Road -JV Share",#000000,634,NULL,NULL,NULL,NULL,NULL,0,,,,55b8eac8-f3e0-402d-ac0b-dbd22b69ce62,NULL,NULL,[]
25022,062215,"Broadway Station South Pedestrian Bridge","Broadway Station Bridges - South Pedestrian Bridge","Broadway Station South Pedestrian Bridge",Green,721,NULL,NULL,NULL,NULL,NULL,0,,,,cea2fd63-40a5-4290-b09d-e242ae92120e,NULL,NULL,[]
25023,242514,"Winton MP Substation","Winton MP Substation","Winton MP Substation",#000000,634,NULL,NULL,NULL,NULL,NULL,0,,,,e163f3c2-d4ec-4749-8d1f-a2f36ef814e9,NULL,NULL,[]
25024,392502,"W&LE Bridge 27.79 and 79.64 Span Replacements","W&LE Bridge 27.79 and 79.64 Span Replacements","W&LE Bridge 27.79 and 79.64 Span Replacements",#000000,634,NULL,NULL,NULL,NULL,NULL,0,,,,b7757fee-71dc-4661-9aab-20174b299a11,NULL,NULL,[]
25027,242014,"Twin Ports -KNA-Ames JV Share","Twin Ports -KNA-Ames JV Share","Twin Ports -KNA-Ames JV Share",#000000,634,NULL,NULL,NULL,NULL,NULL,0,,,,fb201bdc-4aae-439e-807c-c44005c5e2b9,NULL,NULL,[]
25034,241911,"I-35 Storm Water Package 1  KNA JV Share","I-35 Storm Water Package 1  KNA JV Share","I-35 Storm Water Package 1  KNA JV Share",#000000,634,NULL,NULL,NULL,NULL,NULL,0,,,,021e85ab-2aad-418b-8672-26944a3cb77b,NULL,NULL,[]
25036,232001,"Bay City Bascule Bridges Pre-Construction - Reimbursable","Bay City Bascule Bridges Pre-Construction - Reimbursable","Bay City Bascule Bridges Pre-Construction - Reimbursable",#000000,634,NULL,NULL,NULL,NULL,NULL,0,,,,65b9c33e-9e89-4700-993a-fb1c8cc7cad8,NULL,NULL,[]
25037,242503,"KMM Misc Works","KMM Misc Works","KMM Misc Works",#000000,634,NULL,NULL,NULL,NULL,NULL,0,,,,239f71db-d69d-4fb2-8009-1894f29f13a3,NULL,NULL,[]
25038,062309,"CVI Pkg. 1","Crystal Valley Interchange","CVI Pkg. 1",Green,721,NULL,NULL,NULL,NULL,NULL,0,,,,4b7f80eb-43e8-40a4-8513-ed2b7921bebe,NULL,NULL,[]
25040,142501,"NB I-39 Kishwaukee River Emergency Repair","NB I-39 Kishwaukee River Emergency Repair","NB I-39 Kishwaukee River Emergency Repair",#000000,634,NULL,NULL,NULL,NULL,NULL,0,,,,413ad91f-94a7-43a3-8739-f073c2a038c7,NULL,NULL,[]
25041,242506,"CN Duluth Ore Dock","CN Duluth Ore Dock","CN Duluth Ore Dock",#000000,634,NULL,NULL,NULL,NULL,NULL,0,,,,12273f4f-778b-4675-a8e4-f3043e7794a2,NULL,NULL,[]
25043,062308,"Floyd Hill Package 1","Floyd Hill - Clear Creek County","Floyd Hill Package 1",Green,721,NULL,NULL,NULL,NULL,NULL,0,,,,4013d11d-9c63-4598-8d13-eac2535fdf32,NULL,NULL,[]
25047,352301,"Fargo - BNSF Prosper and KO","Fargo - BNSF Prosper and KO","Fargo - BNSF Prosper and KO",#000000,634,NULL,NULL,NULL,NULL,NULL,0,,,,9802b55a-81b3-499b-ad37-8c0d8b1b6ffc,NULL,NULL,[]
25048,232402,"Lafayette Avenue Bascule Bridge - JV Share","Lafayette Avenue Bascule Bridge - JV Share","Lafayette Avenue Bascule Bridge - JV Share",Blue,708,NULL,NULL,NULL,NULL,NULL,0,,,,9501c4f3-b697-4ffd-890b-a5d72e3e3fb8,NULL,NULL,[]
25049,502204,"Ashland Oredock Walkway","Ashland Oredock Walkway","Ashland Oredock Walkway",#000000,634,NULL,NULL,NULL,NULL,NULL,0,,,,7dfced29-b995-4df1-b40b-3cc41752baea,NULL,NULL,[]
25051,482201,"Purdy Creek Remove Fish Barriers & Paving","Purdy Creek - Pierce County","Purdy Creek Remove Fish Barriers & Paving",#000000,634,NULL,NULL,NULL,NULL,NULL,0,,,,4f89c191-c69a-4765-aa9e-4b2dbdca3790,NULL,NULL,[]
25053,352302,"Cr-81 & BNSF Hillsboro Bridges","Cr-81 & BNSF Hillsboro Bridges","Cr-81 & BNSF Hillsboro Bridges",#000000,634,NULL,NULL,NULL,NULL,NULL,0,,,,acbe4a11-24b8-4253-92da-c175ec5e5224,NULL,NULL,[]
25054,241815,"I-35W Storm Water JV Share","I-35 @ 42nd Street","I-35W Storm Water JV Share",#000000,634,NULL,NULL,NULL,NULL,NULL,0,,,,db0d6f61-5512-467c-8eae-7988507d12ff,NULL,NULL,[]
25056,061803,"I-25 North KNA JV Share","I-25 North KNA JV Share","I-25 North KNA JV Share",Green,721,NULL,NULL,NULL,NULL,NULL,0,,,,7bd68ea5-f1cf-4de2-b43c-c493b2f9786f,NULL,NULL,[]
25057,241824,"JV Share of Twin Ports Pre-Construction","JV Share of Twin Ports Pre-Construction","JV Share of Twin Ports Pre-Construction",#000000,634,NULL,NULL,NULL,NULL,NULL,0,,,,58e96825-a87c-4b85-993e-2332dae4d1fe,NULL,NULL,[]
25059,242511,"Met Council Bridge Rehab over Rowland Rd","Rowland Rd","Met Council Bridge Rehab over Rowland Rd",#000000,634,NULL,NULL,NULL,NULL,NULL,0,,,,9ca9b303-d39d-4f23-9ee0-933a81fecd69,NULL,NULL,[]
25061,242512,"Northfield Mill Towns Trail","Northfield Mill Towns Trail","Northfield Mill Towns Trail",#000000,634,NULL,NULL,NULL,NULL,NULL,0,,,,41fde105-cde6-47d8-93ca-77f8f954b8b1,NULL,NULL,[]
25063,242507,"CSAH 5 Washington County","CSAH 5 Washington County","CSAH 5 Washington County",#000000,634,NULL,NULL,NULL,NULL,NULL,0,,,,3103080c-af7f-48e1-b742-bf585cddf629,NULL,NULL,[]
25065,Temp01,"Job Setup Template","Job Setup Template","Job Setup Template",#000000,634,NULL,NULL,NULL,NULL,NULL,0,,,,eecae140-e91d-4914-9bb1-b313c0b0853d,NULL,NULL,[]
25066,062010,"US 6th and Heritage Preconstruction","US 6th and Heritage Preconstruction","US 6th and Heritage Preconstruction",Green,721,NULL,NULL,NULL,NULL,NULL,0,,,,7b108f5b-d228-49e9-bd88-9cb4b6428790,NULL,NULL,[]
25068,232301,"Bay City Independence Bridge - Reimbursable","Harry S Truman Parkway","Bay City Independence Bridge - Reimbursable",#000000,634,NULL,NULL,NULL,NULL,NULL,0,,,,b46fbcdc-9eb5-45a4-86cb-49b9d75b5641,NULL,NULL,[]
25070,162505,"CN - IA Northern 3-Bridge Rehab","CN - IA Northern 3-Bridge Rehab","CN - IA Northern 3-Bridge Rehab",#000000,634,NULL,NULL,NULL,NULL,NULL,0,,,,e4161c61-291f-4e1c-9803-ad2d44b23553,NULL,NULL,[]
25072,Temp02,"Job Setup Template - Shell Projects","Job Setup Template - Shell Projects","Job Setup Template - Shell Projects",#000000,634,NULL,NULL,NULL,NULL,NULL,0,,,,db939a76-8580-4d0b-b9b7-1bf946289aec,NULL,NULL,[]
25075,3153,"WSDOT SR 167 Phase 2B Pursuit","WSDOT SR 167 Phase 2B Pursuit","WSDOT SR 167 Phase 2B Pursuit",#000000,634,NULL,NULL,NULL,NULL,NULL,0,,,,a1b831e4-565b-4343-aab0-60b9a439d245,NULL,NULL,[]
25076,242407,"Blatnik Pile Load Tests & Pier Investigation Reimbursable","Blatnik Pile Load Tests & Pier Investigation Reimbursable","Blatnik Pile Load Tests & Pier Investigation Reimbursable",#000000,634,NULL,NULL,NULL,NULL,NULL,0,,,,8708100d-5252-49a3-a290-765b632eb2ab,NULL,NULL,[]
25077,502503,"BNSF Misc Rail","BNSF Misc Rail","BNSF Misc Rail",#000000,634,NULL,NULL,NULL,NULL,NULL,0,,,,fe5fb3c0-593b-4cb4-a108-07cb1ebaa13b,NULL,NULL,[]
25078,232501,"DCRR 141 Bridge M&E Rehab","1 48218 Zug Island Rd.","DCRR 141 Bridge M&E Rehab",#000000,634,NULL,NULL,NULL,NULL,NULL,0,,,,2e541526-e0c0-4437-aca6-80a610e42d01,NULL,NULL,[]
25081,242408,"Blatnik Pile Load Tests & Pier Investigation JV Share","Blatnik Pile Load Tests & Pier Investigation JV Share","Blatnik Pile Load Tests & Pier Investigation JV Share",#000000,634,NULL,NULL,NULL,NULL,NULL,0,,,,33acec23-a444-4bac-9b2d-b721f6abbfc5,NULL,NULL,[]
25083,242117,"Duck Lake Road","Duck Lake Road","Duck Lake Road",#000000,634,NULL,NULL,NULL,NULL,NULL,0,,,,0fd9cb00-8a15-4ead-a7a6-4056e29c581a,NULL,NULL,[]
25086,242207,"TH 10 & Ferry Street","TH 10 & Ferry Street","TH 10 & Ferry Street",#000000,634,NULL,NULL,NULL,NULL,NULL,0,,,,9c285129-c9ee-4632-8c14-b22c3a847eb9,NULL,NULL,[]
25087,502206,"WIS130-133 over Wisconsin River Design-Build","Hwy 130","WIS130-133 over Wisconsin River Design-Build",#000000,634,NULL,NULL,NULL,NULL,NULL,0,,,,569c5552-1ca6-4899-9da5-cac89163a5db,NULL,NULL,[]
25088,062507,"I-25 Happy Canyon Interchange CMGC - Preconstruction","I-25 Happy Canyon Interchange CMGC - Preconstruction","I-25 Happy Canyon Interchange CMGC - Preconstruction",Green,721,NULL,NULL,NULL,NULL,NULL,0,,,,afe5483b-94fd-4edd-84b0-2e03d00eaa3f,NULL,NULL,[]
25090,3156,"Blatnik Pursuit","Blatnik Pursuit","Blatnik Pursuit",#000000,634,NULL,NULL,NULL,NULL,NULL,0,,,,4ff77bfa-9f57-4250-a876-711407e87d10,NULL,NULL,[]
25091,482306,"Foothills Trail Segment","24400 SE Mud Mountain Rd","Foothills Trail Segment",#000000,634,NULL,NULL,NULL,NULL,NULL,0,,,,5046a803-b56c-403d-88f3-01fcd5ac88eb,NULL,NULL,[]
25092,502501,"W. Wisconsin Ave over Honey Creek","C Wauwatosa W Wisconsin Ave over Honey Creek","W. Wisconsin Ave over Honey Creek",#000000,634,NULL,NULL,NULL,NULL,NULL,0,,,,3a726d2a-4393-42cb-a228-81ddb478f8bf,NULL,NULL,[]
25095,242412,"East Bank Trail","East Bank Trail","East Bank Trail",#000000,634,NULL,NULL,NULL,NULL,NULL,0,,,,2c74e0d5-7956-4062-83d8-d04913dd30ec,NULL,NULL,[]
25096,232101,"Bay City Bascule Bridges Pre-Construction - KNA Share","Bay City Bascule Bridges Pre-Construction - KNA Share","Bay City Bascule Bridges Pre-Construction - KNA Share",#000000,634,NULL,NULL,NULL,NULL,NULL,0,,,,583f9f06-a603-4f87-9cc6-9c6705325ea3,NULL,NULL,[]
25099,062401,"DOTI - I-25 & Broadway Wedge Ramp - Pkg 2","DOTI I-25 & Broadway Wedge Ramp","DOTI - I-25 & Broadway Wedge Ramp - Pkg 2",Green,721,NULL,NULL,NULL,NULL,NULL,0,,,,5bc26109-51e3-4439-a278-d2a18ae9d74d,NULL,NULL,[]
25100,232302,"Bay City Independence Bridge - JV Share","Harry S Truman Parkway","Bay City Independence Bridge - JV Share",#000000,634,NULL,NULL,NULL,NULL,NULL,0,,,,05e16186-ae8c-4d00-904c-6887fa333b26,NULL,NULL,[]
25102,338,"Consum. Inventory Up Midwest","Consum. Inventory Up Midwest","Consum. Inventory Up Midwest",#000000,634,NULL,NULL,NULL,NULL,NULL,0,,,,33b478f7-910c-4ad3-a059-b4ac486ae4ea,NULL,NULL,[]
25108,482303,"Confluence Parkway Reimbursables","Confluence Parkway Reimbursables","Confluence Parkway Reimbursables",#000000,634,NULL,NULL,NULL,NULL,NULL,0,,,,81ffd588-929c-4eea-a973-fdc7f7e793e4,NULL,NULL,[]
25109,242403,"1st Ave. S. Minneapolis","1st Avenue South","1st Ave. S. Minneapolis",#000000,634,NULL,NULL,NULL,NULL,NULL,0,,,,820066de-238e-45bb-a81a-940909a6e106,NULL,NULL,[]
25113,062407,"I-70 (El Rancho) West Parking Lot","I-70 El Rancho Exit 252","I-70 (El Rancho) West Parking Lot",Green,721,NULL,NULL,NULL,NULL,NULL,0,,,,e94a4f47-5807-4d37-8664-73f6b8574453,NULL,NULL,[]
25114,062214,"US Hwy 85 Widening","US Hwy 85, Highlands Ranch Pkwy. to Dad Clark","US Hwy 85 Widening",Green,721,NULL,NULL,NULL,NULL,NULL,0,,,,b019368c-8c9c-471a-9749-1abd667e8527,NULL,NULL,[]
25115,242212,"Twin Ports KNA-Ames JV Share","Twin Ports KNA-Ames JV Share","Twin Ports KNA-Ames JV Share",#000000,634,NULL,NULL,NULL,NULL,NULL,0,,,,c3dd6ab1-993b-4b6b-bf25-46815dc2d3ea,NULL,NULL,[]
25116,232103,"Bay City Bascule Bridges - KNA Share","Bay City Bascule Bridges - KNA Share","Bay City Bascule Bridges - KNA Share",#000000,634,NULL,NULL,NULL,NULL,NULL,0,,,,ff4f03c1-81cf-4544-8746-7c7b553f0ded,NULL,NULL,[]
25117,232102,"Bay City Bascule Bridges - Reimbursable","Bay City Bascule Bridges - Reimbursable","Bay City Bascule Bridges - Reimbursable",#000000,634,NULL,NULL,NULL,NULL,NULL,0,,,,a47ef521-a24a-4e3d-8796-cfc7fe154b41,NULL,NULL,[]
25121,502502,"WSOR Lodi Bridges Rehab","WSOR Lodi Bridges Rehab","WSOR Lodi Bridges Rehab",OrangeRed,714,NULL,NULL,NULL,NULL,NULL,0,,,,ce132c57-e42b-4e9b-a523-4c8174437acc,NULL,NULL,[]
25123,162402,"CRANDIC Rail Br. I-142","Middle Amana","CRANDIC Rail Br. I-142",#000000,714,NULL,NULL,NULL,NULL,NULL,0,,,,b92f4032-69d9-4e25-a0da-d7b983f55acb,NULL,NULL,[]
25130,062301,"DOTI - Broadway CP-1","Broadway Station @ I-25","DOTI - Broadway CP-1",Green,721,NULL,NULL,NULL,NULL,NULL,0,,,,7dfcd75b-72db-4a28-bda5-cf614855ed42,NULL,NULL,[]
25131,062304,"Marksheffel Road Improvements","Marksheffel Road","Marksheffel Road Improvements",Green,721,NULL,NULL,NULL,NULL,NULL,0,,,,e7987ec5-7a98-4098-97ef-9b318d18f59d,NULL,NULL,[]
25133,062312,"CO 119 Corridor CMGC - Precon Services","CO 119 Corridor CMGC - Precon Services","CO 119 Corridor CMGC - Precon Services",Green,721,NULL,NULL,NULL,NULL,NULL,0,,,,4221b3ff-d0d7-4a38-9ef2-ab27c1f204ad,NULL,NULL,[]
25442,062104,"E-470 MM 1 Sign Bridge Replacement"," ","E-470 MM 1 Sign Bridge Replacement",#000000,634,NULL,NULL,NULL,NULL,NULL,0,NULL,NULL,NULL,72e02515-dc55-49f8-8ae5-1679a50324b9,NULL,NULL,[]
24975,062510,"Union Over I-25 Repair - DOTI","Union Over I-25","Union Over I-25 Repair - DOTI",Green,721,NULL,NULL,NULL,NULL,NULL,1,,,,d05b8d01-7c6b-4016-9caa-5933db4938e3,NULL,NULL,[]
24977,482511,"SR167PDB - Phase 1 Services Reimbursables","SR167PDB - Phase 1 Services Reimbursables","SR167PDB - Phase 1 Services Reimbursables",Magenta,716,NULL,NULL,NULL,NULL,NULL,1,,,,a9e70f12-c257-4315-b3b9-eebabb7b6c24,NULL,NULL,[]
24978,242517,"Minnehaha Creek (Nicollet Avenue)","Nicollet Ave Bridge over Minnehaha Creek","Minnehaha Creek (Nicollet Avenue)",Purple,707,NULL,NULL,NULL,NULL,NULL,1,,,,bb5ab071-94d6-46bd-ab15-ab7b776ff6ac,NULL,NULL,[]
24979,242601,"CP Miscellaneous","CP Miscellaneous","CP Miscellaneous",OrangeRed,714,NULL,NULL,NULL,NULL,NULL,1,,,,6d23f524-536d-483c-bb2d-3be0709411cb,NULL,NULL,[]
24980,062602,"Flying Horse & Ridgeline Bridges over Powers Blvd","Flying Horse & Ridgeline Bridges over Powers Blvd.","Flying Horse & Ridgeline Bridges over Powers Blvd",Green,721,NULL,NULL,NULL,NULL,NULL,1,,,,905387e1-b4c7-4735-8ec4-05deb9199d77,NULL,NULL,[]
24981,334,"Mountain West Yard","Mountain West Yard","Mountain West Yard",Green,721,NULL,NULL,NULL,NULL,NULL,1,,,,c66c14a8-abc5-4ea2-b678-740fb9274583,NULL,NULL,[]
24982,062501,"Marksheffel Road - Pkg 2","Marksheffel Rd","Marksheffel Road - Pkg 2",Green,721,NULL,NULL,NULL,NULL,NULL,1,,,,1cadee32-8557-4fb0-ba8c-d95f01ade7ad,NULL,NULL,[]
24983,242609,"TH 65 Emergency Repair in Spring Lake Park","TH 65","TH 65 Emergency Repair in Spring Lake Park",Purple,707,NULL,NULL,NULL,NULL,NULL,1,,,,0b865828-36db-4124-9495-cf344ee2ced4,NULL,NULL,[]
24986,242515,"Stillwater Lift Bridge","106 Chestnut St E","Stillwater Lift Bridge",OrangeRed,714,NULL,NULL,NULL,NULL,NULL,1,,,,c054b223-878e-45cc-b065-b577b259800d,NULL,NULL,[]
24987,242603,"LD 2  & 3 Traveling Mooring Bit System","L&D 2 & 3","LD 2  & 3 Traveling Mooring Bit System",Purple,707,NULL,NULL,NULL,NULL,NULL,1,,,,a5859c77-704f-4116-b01f-0eda6af50ea2,NULL,NULL,[]
24990,062504,"8th Street Bridge Rehabilitation & Widening","8th Street Bridge","8th Street Bridge Rehabilitation & Widening",Green,721,NULL,NULL,NULL,NULL,NULL,1,,,,bc3e60f7-2db8-4092-a97d-c3b81b5f8929,NULL,NULL,[]
24994,242211,"Twin Ports KNA-Ames JV Reimbursables","Twin Ports KNA-Ames JV Reimbursables","Twin Ports KNA-Ames JV Reimbursables",Purple,707,NULL,NULL,NULL,NULL,NULL,1,,,,8f35ec81-9abb-4f41-9489-f592c8f052a2,NULL,NULL,[]
24996,062509,"E470 Widening - Preconstruction","E470 Widening - Preconstruction","E470 Widening - Preconstruction",Green,721,NULL,NULL,NULL,NULL,NULL,1,,,,4901c2f1-e6e4-440d-88e9-dd76825ad551,NULL,NULL,[]
24997,062603,"Fillmore St. Bridge - Precon Services","Fillmore St. Bridge - Precon Services","Fillmore St. Bridge - Precon Services",Green,721,NULL,NULL,NULL,NULL,NULL,1,,,,fbfcfb19-1ee9-451c-bd88-5f6d1bb49c91,NULL,NULL,[]
24998,262404,"BNSF Br. 100.43 HNTB Constructibility Review","BR 100.43","BNSF Br. 100.43 HNTB Constructibility Review",OrangeRed,714,NULL,NULL,NULL,NULL,NULL,1,,,,0656e349-c67d-4317-a6b2-9e13f311033b,NULL,NULL,[]
24999,482512,"SR167 PDB - Phase 1 Services JV Share","SR167 PDB - Phase 1 Services JV Share","SR167 PDB - Phase 1 Services JV Share",Magenta,716,NULL,NULL,NULL,NULL,NULL,1,,,,ee1c4adc-16b3-456d-ac3a-a08d63f1eed0,NULL,NULL,[]
25001,242509,"John Ireland Over TH 94","John Ireland over TH 94","John Ireland Over TH 94",Purple,707,NULL,NULL,NULL,NULL,NULL,1,,,,f626eadd-581d-4894-97e7-ec9a254d6e79,NULL,NULL,[]
25002,242605,"CN Two Harbors Dock","CN Two Harbors Dock","CN Two Harbors Dock",OrangeRed,714,NULL,NULL,NULL,NULL,NULL,1,,,,d21ba275-b8f6-458a-868d-9394280aa728,NULL,NULL,[]
25003,482509,"McKittrick-Miller Utility JV Share","McKittrick-Miller Utility JV Share","McKittrick-Miller Utility JV Share",Magenta,716,NULL,NULL,NULL,NULL,NULL,1,,,,a18d2bbf-3ec7-4456-a564-dbe6137b8f9c,NULL,NULL,[]
25005,432501,"BNSF Br 482.10 Memphis Retrofits","BNSF Br 482.10 Memphis Retrofits","BNSF Br 482.10 Memphis Retrofits",OrangeRed,714,NULL,NULL,NULL,NULL,NULL,1,,,,d9d0dd9b-c055-40c3-82b8-80517e920145,NULL,NULL,[]
25007,249999,"Minnesota Field Training","Minnesota Field Training","Minnesota Field Training",Purple,707,NULL,NULL,NULL,NULL,NULL,1,,,,c5f6a2bd-af8f-4f8c-a7e7-49bf2d102208,NULL,NULL,[]
25008,162401,"Lock & Dam No. 14 Auxiliary Lock Bascule Bridge","Lock & Dam 14, Mississippi River","Lock & Dam No. 14 Auxiliary Lock Bascule Bridge Design Build",Blue,708,NULL,NULL,NULL,NULL,NULL,1,,,,c2721976-f6b5-469d-a6f1-ad6c60252ac2,NULL,NULL,[]
25009,333,"Mountain West Allocate Costs","Mountain West Allocate Costs","Mountain West Allocate Costs",Green,721,NULL,NULL,NULL,NULL,NULL,1,,,,22d931b6-b812-4479-ab12-8c35f3952e49,NULL,NULL,[]
25010,509999,"Wisconsin Field Training","Wisconsin Field Training","Wisconsin Field Training",Blue,708,NULL,NULL,NULL,NULL,NULL,1,,,,dd556b3b-ed04-485f-a6d3-c45e5f933b91,NULL,NULL,[]
25011,482505,"Confluence Pkwy South (Wenatchee) - KNA Sub","Confluence Parkway South - KNA Subcontract","Confluence Parkway South - KNA Subcontract",Magenta,716,NULL,NULL,NULL,NULL,NULL,1,,,,b391c95a-d277-4c9d-a8c5-bcf3a8c17324,NULL,NULL,[]
25012,242510,"Nicollet Avenue Bridge Reconstruction","Nicollet Avenue","Nicollet Avenue Bridge Reconstruction",Purple,707,NULL,NULL,NULL,NULL,NULL,1,,,,9e792e6f-bb70-46dd-bccb-10266783f72b,NULL,NULL,[]
25013,142603,"I-39 over Kishwaukee River PDB Precon","I-39 over Kishwaukee River","I-39 over Kishwaukee River PDB Precon",Blue,708,NULL,NULL,NULL,NULL,NULL,1,,,,7bc8efd7-7acb-4760-9700-2f56219f686b,NULL,NULL,[]
25017,482501,"Deschutes Estuary - Reimbursables","Deschutes Estuary - Reimbursables","Deschutes Estuary - Reimbursables",Magenta,716,NULL,NULL,NULL,NULL,NULL,1,,,,1b361102-3488-47e4-aff8-5eab870df8ae,NULL,NULL,[]
25018,330,"Carpenter Shop","Carpenter Shop","Carpenter Shop",Blue,708,NULL,NULL,NULL,NULL,NULL,1,,,,b0b89e6f-d99c-4f52-914e-0439f160a870,NULL,NULL,[]
25019,062405,"East Colfax BRT","East Colfax Avenue Bus Rapid Transit ("Colfax-BRT") Project","East Colfax BRT",Green,721,NULL,NULL,NULL,NULL,NULL,1,,,,83144b65-3561-4198-ac8d-7b289863ac16,NULL,NULL,[]
25025,162301,"Lansing Bridge over Mississippi River","Mississippi River Bridge","Lansing Bridge over Mississippi River",Blue,708,NULL,NULL,NULL,NULL,NULL,1,,,,ad8f46e3-d438-447f-b9ab-26880e59d68b,NULL,NULL,[]
25026,372401,"BNSF Br 535.80 Francis OK (Ada)","BR 535.80","BNSF Br 535.80 Francis OK",OrangeRed,714,NULL,NULL,NULL,NULL,NULL,1,,,,2fbd43cd-f9ff-4f3c-96f7-5720f199808a,NULL,NULL,[]
25028,442601,"BNSF 7502-14.6 & 26.3 Tree Clearing","Br. 7502-14.60 & 7502-26.30","BNSF 7502-14.6 & 26.3 Tree Clearing",OrangeRed,714,NULL,NULL,NULL,NULL,NULL,1,,,,065a7cdb-103e-4835-8111-b0e0ecc43160,NULL,NULL,[]
25029,062415,"I-25 Greenland Wildlife Overpass","I25 N of Palmer Divide Rd","I-25 Greenland Wildlife Overpass",Green,721,NULL,NULL,NULL,NULL,NULL,1,,,,275a5e3d-cfcd-4974-be0b-633d4f90eae4,NULL,NULL,[]
25030,062605,"WCR 66 & 54 Improvement CMGC - Precon Services","WCR 66 & 54 Improvement CMGC - Precon Services","WCR 66 & 54 Improvement CMGC - Precon Services",Green,721,NULL,NULL,NULL,NULL,NULL,1,,,,4dd04c3d-cef0-4e11-9a77-ec6a4636ca09,NULL,NULL,[]
25031,337,"National Railroad Yard","National Railroad Yard","National Railroad Yard",OrangeRed,714,NULL,NULL,NULL,NULL,NULL,1,,,,8238a4c6-f30e-4e89-9c7f-6d1c1acba7bd,NULL,NULL,[]
25032,062408,"I-70 Floyd Hill Package 3","I-70 Floyd Hill - Clear Creek County","I-70 Floyd Hill Package 3",Green,721,NULL,NULL,NULL,NULL,NULL,1,,,,9ad6f403-7158-49c0-a1a0-03257204229f,NULL,NULL,[]
25033,062601,"WCR 54/13 Roundabout","WCR 54/13","WCR 54/13 Roundabout",Green,721,NULL,NULL,NULL,NULL,NULL,1,,,,783999a3-27de-45f7-9310-2ad5941055ce,NULL,NULL,[]
25035,242608,"85th Street over TH 52 Rehab Olmsted County","85th Street","85th Street over TH 52 Rehab Olmsted County",Purple,707,NULL,NULL,NULL,NULL,NULL,1,,,,16b4550f-44d5-421f-be1f-e0d267b67496,NULL,NULL,[]
25039,142401,"L&D 22 Fish Passage Slab Span Bridge","L&D 22 Fish Passage Slab Span Bridge","L&D 22 Fish Passage Slab Span Bridge",Blue,708,NULL,NULL,NULL,NULL,NULL,1,,,,6ae94dc1-6787-435b-a74f-d62554607537,NULL,NULL,[]
25042,502401,"IH-39 Portage","IH-39 over Wisconsin River Bridges","IH-39 over Wisconsin River Bridges",Blue,708,NULL,NULL,NULL,NULL,NULL,1,,,,6fbcf6fb-6eab-4e15-ac35-bd16f95e2cfd,NULL,NULL,[]
25044,162406,"Br 379.51 over Grand River (Thayer)","BR 379.51 over Grand River","Br 379.51 over Grand River",OrangeRed,714,NULL,NULL,NULL,NULL,NULL,1,,,,c0d317b8-8107-4a53-b8e6-3bef5dd181f1,NULL,NULL,[]
25045,335,"Pacific West Yard","Pacific West Yard","Pacific West Yard",Magenta,716,NULL,NULL,NULL,NULL,NULL,1,,,,3ab98b78-9f2c-4d55-acd2-f1ab4cc137b7,NULL,NULL,[]
25046,242611,"Blatnik Bridge Replacement DB JV Share","Blatnik Bridge Replacement DB JV Share","Blatnik Bridge Replacement DB JV Share",Purple,707,NULL,NULL,NULL,NULL,NULL,1,,,,ba85ea8f-3df8-476d-877b-ddbdd837d6e3,NULL,NULL,[]
25050,069999,"Mntn Wst Field Training","Mntn Wst Field Training","Mntn Wst Field Training",Green,721,NULL,NULL,NULL,NULL,NULL,1,,,,3f40afc5-36ca-4844-8fa6-66fcb50e9804,NULL,NULL,[]
25052,502601,"White Pine Sub 316.96 Emergency","White Pine Sub 316.96 Emergency","White Pine Sub 316.96 Emergency",OrangeRed,714,NULL,NULL,NULL,NULL,NULL,1,,,,b4ec4b65-ea9d-4226-ad06-1a7eec0c71a8,NULL,NULL,[]
25055,336,"Mountain West Allocate Costs","Mountain West Allocate Costs","Mountain West Allocate Costs",Green,721,NULL,NULL,NULL,NULL,NULL,1,,,,1169ca43-7314-4ffd-983c-1016382ca4c0,NULL,NULL,[]
25058,242606,"CN Duluth Dock","CN Duluth Dock","CN Duluth Dock",OrangeRed,714,NULL,NULL,NULL,NULL,NULL,1,,,,5f106826-ad2f-4862-b1fc-6174fa30cf64,NULL,NULL,[]
25060,392501,"W&LE Pitt Sub Bridges 12.52, 13.97, 23.01","Bridges 12.52, 13.97, 23.01","W&LE Pitt Sub Bridges 12.52, 13.97, 23.01",OrangeRed,714,NULL,NULL,NULL,NULL,NULL,1,,,,ae914592-c4dc-4493-a77d-2da0316b8557,NULL,NULL,[]
25062,062403,"High Plains Blvd (CR 9.5) Design-Build","High Plains Blvd (CR9.5) from CR 32 to CR 34","High Plains Blvd (CR 9.5) Design-Build",Green,721,NULL,NULL,NULL,NULL,NULL,1,,,,2f221ab0-cf2b-4b12-b225-afb2a72c3c7d,NULL,NULL,[]
25064,062414,"CO 119 Safety, Mobility & Bikeway CP1","CO 119 Safety, Mobility & Bikeway CP1","CO 119 Safety, Mobility & Bikeway CP1",Green,721,NULL,NULL,NULL,NULL,NULL,1,,,,0cc9960d-c7f4-45d1-99bb-ea2b198353e5,NULL,NULL,[]
25067,162407,"Skunk River, Mt Pleasant","Bridge 239.24 over Skunk River","Br 239.24 over Skunk River",OrangeRed,714,NULL,NULL,NULL,NULL,NULL,1,,,,c14f395c-d31d-42e6-b0d7-5234b78997e5,NULL,NULL,[]
25069,482605,"Grand Connection: I-405 Crossing - Preconstruction","Grand Connection: I-405 Crossing - Preconstruction","Grand Connection: I-405 Crossing - Preconstruction",Magenta,716,NULL,NULL,NULL,NULL,NULL,1,,,,acd8c7d0-7f99-4987-9b99-efa77951910d,NULL,NULL,[]
25071,142601,"I-80 over Des Plaines River","I-80 over Des Plaines River","I-80 over Des Plaines River",Blue,708,NULL,NULL,NULL,NULL,NULL,1,,,,6120f772-4d91-489a-9c3b-3f3b325203be,NULL,NULL,[]
25073,482502,"Deschutes Estuary - JV Share","Deschutes Estuary - JV Share","Deschutes Estuary - JV Share",Magenta,716,NULL,NULL,NULL,NULL,NULL,1,,,,87bb081e-c253-4746-9980-2a2e688af12e,NULL,NULL,[]
25074,242516,"10th Ave Bridge over Midtown","10th Ave. o/Midtown Greenway","10th Ave Bridge over Midtown",Purple,707,NULL,NULL,NULL,NULL,NULL,1,,,,2d104152-26d2-44eb-b8c4-609f7fb1d846,NULL,NULL,[]
25079,062604,"Happy Canyon Pkg 1","Happy Canyon Pkg 1","Happy Canyon Pkg 1",Green,721,NULL,NULL,NULL,NULL,NULL,1,,,,da998caa-0f99-460c-8dfa-0af6afd62ae2,NULL,NULL,[]
25080,062506,"CO 119 Corridor - Package 2","CO 119 Corridor","CO 119 Corridor - Package 2",Green,721,NULL,NULL,NULL,NULL,NULL,1,,,,58d3a241-06a5-427a-956f-abc93cc66425,NULL,NULL,[]
25082,062503,"Marksheffel Rd Pkg 3 - Dublin Blvd Improvements","Marksheffel Rd - Dublin Blvd","Marksheffel Rd Pkg 3 - Dublin Blvd Improvements",Green,721,NULL,NULL,NULL,NULL,NULL,1,,,,a61445ec-48af-4ee4-b445-e7138c38eb20,NULL,NULL,[]
25084,179999,"Railroad Group Field Training","Railroad Group Field Training","Railroad Group Field Training",OrangeRed,714,NULL,NULL,NULL,NULL,NULL,1,,,,5b0b2f07-f673-4af7-90fa-9a3b3da42d9b,NULL,NULL,[]
25085,242607,"Nicollet Avenue over I-94","Nicollet Avenue over I-94","Nicollet Avenue over I-94",Purple,707,NULL,NULL,NULL,NULL,NULL,1,,,,e62a7605-382c-426f-8a19-05238fc38dcc,NULL,NULL,[]
25089,062502,"I70 Floyd Hill Package 4","I-70 Floyd Hill - Clear Creek County","I70 Floyd Hill Package 4",Green,721,NULL,NULL,NULL,NULL,NULL,1,,,,c1fc28e4-d87d-4174-bbf3-13a9bb8a2fd8,NULL,NULL,[]
25093,162602,"CPKC OTTU 275.95 (Richland)","BR. 275.95","CPKC OTTU 275.95",OrangeRed,714,NULL,NULL,NULL,NULL,NULL,1,,,,07b57d47-5d25-4a56-911d-d43e9985aa5f,NULL,NULL,[]
25094,482514,"Boise X Connection","Near SR410 and SE Mud Mountain Rd","Boise X Connection",Magenta,716,NULL,NULL,NULL,NULL,NULL,1,,,,a21ae9a7-bcce-4a60-a27e-8f4c477d0cb2,NULL,NULL,[]
25097,162601,"CPKC MARQ 68.19 (Clayton)","CPKC BR 68.19","CPKC MARQ 68.19",OrangeRed,714,NULL,NULL,NULL,NULL,NULL,1,,,,f5419e18-138f-4a3d-90a8-a10c84471665,NULL,NULL,[]
25098,242504,"I 35W and Cliff Road, Burnsville","TH 35W from Southcross Dr to 0.51 Miles North of Cliff Rd","I 35W and Cliff Road",Purple,707,NULL,NULL,NULL,NULL,NULL,1,,,,04cfeeea-579d-475c-844c-64677822faaf,NULL,NULL,[]
25101,489999,"Pacific West Field Training","Pacific West Field Training","Pacific West Field Training",Magenta,716,NULL,NULL,NULL,NULL,NULL,1,,,,5b4b6b7e-6c2b-499b-98b1-226abe128671,NULL,NULL,[]
25103,162603,"CPKC MARQ 103.59","MARQ 103.59","CPKC MARQ 103.59",OrangeRed,714,NULL,NULL,NULL,NULL,NULL,1,,,,2c37c9d4-d2af-4c71-886e-5fb1480a94d9,NULL,NULL,[]
25104,142602,"Brandon Road Interbasin Project-Increment 1-A","Brandon Road Interbasin Project-Increment 1-A","Brandon Road Interbasin Project-Increment 1-A",Blue,708,NULL,NULL,NULL,NULL,NULL,1,,,,a7cd92f8-7898-4919-9c3a-45713cb61db5,NULL,NULL,[]
25105,062316,"Floyd Hill West Section Pkg 2","Floyd Hill West Section","Floyd Hill West Section Pkg 2",Green,721,NULL,NULL,NULL,NULL,NULL,1,,,,43178654-c055-45ec-8898-b15d8580e1ba,NULL,NULL,[]
25106,142502,"CN Bridge 38.90 - Steel Repair & Strengthening","CN Bridge 38.90 - Steel Repair & Strengthening","CN Bridge 38.90 - Steel Repair & Strengthening",OrangeRed,714,NULL,NULL,NULL,NULL,NULL,1,,,,b6c5d21f-226b-4af9-aed7-4bb1ec851dfb,NULL,NULL,[]
25107,482508,"N 148th Street Non-Motorized Bridge: Phase 2 (Shoreline)","N 148th Street","N 148th Street Non-Motorized Bridge: Phase 2",Magenta,716,NULL,NULL,NULL,NULL,NULL,1,,,,58d11dec-4be4-48b9-90d3-40941c367684,NULL,NULL,[]
25110,331,"Upper Midwest WI Yard","Upper Midwest WI Yard","Upper Midwest WI Yard",Blue,708,NULL,NULL,NULL,NULL,NULL,1,,,,8c86ec7f-769a-4127-89ba-4bcc0f5b216a,NULL,NULL,[]
25111,242602,"CN Miscellaneous","CN Miscellaneous","CN Miscellaneous",OrangeRed,714,NULL,NULL,NULL,NULL,NULL,1,,,,f1d0f340-ebc3-4f3e-8d30-fedc16cb245f,NULL,NULL,[]
25112,262601,"CPKC Br 381.35 Newtown","Bridge 381.35","CPKC Br 381.35 Newtown",OrangeRed,714,NULL,NULL,NULL,NULL,NULL,1,,,,11b2b853-1f8f-4094-a965-2eef2972dc51,NULL,NULL,[]
25118,242518,"Rainy River Bridge 165.44 Replacement","Rainy River Bridge 165.44","Rainy River Bridge 165.44 Replacement",OrangeRed,714,NULL,NULL,NULL,NULL,NULL,1,,,,d269799e-2918-4c2f-83db-21cf5236b3bf,NULL,NULL,[]
25119,482504,"Confluence Pkwy South (Wenatchee) Reimb","Confluence Parkway South - Reimbursables","Confluence Parkway South - Reimbursables",Magenta,716,NULL,NULL,NULL,NULL,NULL,1,,,,ff88f41f-bc14-4b06-8823-f0bc60be6617,NULL,NULL,[]
25120,242604,"MVRR 119.22 Rehab","MVRR 119.22 Rehab","MVRR 119.22 Rehab",OrangeRed,714,NULL,NULL,NULL,NULL,NULL,1,,,,3c255c9c-b260-43f5-b9cd-760a34421720,NULL,NULL,[]
25122,332,"Upper Midwest MN Yard","Upper Midwest MN Yard","Upper Midwest MN Yard",Purple,707,NULL,NULL,NULL,NULL,NULL,1,,,,ff394a89-76a8-48eb-9a82-f05db0d96bda,NULL,NULL,[]
25124,242610,"Blatnik Bridge Replacement DB Reimbursables","Blatnik Bridge Replacement DB Reimbursables","Blatnik Bridge Replacement DB Reimbursables",Purple,707,NULL,NULL,NULL,NULL,NULL,1,,,,1cd7cbe7-6ef6-47f3-9333-32bdaad3fdba,NULL,NULL,[]
25125,482601,"SR 167 Reimbursables","SR 167 Reimbursables","SR 167 Reimbursables",Magenta,716,NULL,NULL,NULL,NULL,NULL,1,,,,8727661a-b19a-48a4-bda1-4cebdf595d4d,NULL,NULL,[]
25126,062606,"CO 119 Pkg 3 - Hover St Intersection","CO 119 Pkg 3 - Hover St. Intersecton","CO 119 Pkg 3 - Hover St Intersection",Green,721,NULL,NULL,NULL,NULL,NULL,1,,,,a9ddae8d-9a02-42fa-98f4-a89af9ec0a67,NULL,NULL,[]
25127,062505,"Hampden Avenue Multimodal Improvements","Hampden Avenue","Hampden Avenue Multimodal Improvements",Green,721,NULL,NULL,NULL,NULL,NULL,1,,,,0743a37a-f697-4658-9763-8be140a269eb,NULL,NULL,[]
25128,232601,"DCRR Shortcut Bridge M&E","1 Zug Island Rd.","DCRR Shortcut Bridge M&E",OrangeRed,714,NULL,NULL,NULL,NULL,NULL,1,,,,87709628-4cf2-4bec-bc93-568b001c9656,NULL,NULL,[]
25129,062402,"Crystal Valley Interchange Pkg 2","Crystal Valley Interchange -","Crystal Valley Interchange Pkg 2",Green,721,NULL,NULL,NULL,NULL,NULL,1,,,,30542318-f7a4-43d3-8adb-688f33e68156,NULL,NULL,[]
25132,482401,"Eastrail Wilburton Trestle Rehabilitation","SE 8th St and Lake Hills Connector","Eastrail Wilburton Trestle Rehabilitation",Magenta,716,NULL,NULL,NULL,NULL,NULL,1,,,,cf1a9790-a7a6-424d-98a5-0cad23bdbf1e,NULL,NULL,[]
25134,482602,"SR 167 KNA Subcontracts","SR 167 KNA Subcontracts","SR 167 KNA Subcontracts",Magenta,716,NULL,NULL,NULL,NULL,NULL,1,,,,f5c1be7c-fd08-4fb2-b510-37089d08f2e2,NULL,NULL,[]
25135,482603,"SR 167 JV Share","SR 167 JV Share","SR 167 JV Share",Magenta,716,NULL,NULL,NULL,NULL,NULL,1,,,,71b22f8b-f568-4d78-a55b-d84f005dc385,NULL,NULL,[]
25136,232401,"Lafayette Avenue Bascule Bridge - Reimbursables"," ","Lafayette Avenue Bascule Bridge - Reimbursables",Blue,708,NULL,NULL,NULL,NULL,NULL,1,,,,b83a6276-7bef-45f7-b184-49d565dc5c36,NULL,NULL,[]
25137,99999,Unknown/In-Transit,,,#000000,634,NULL,NULL,NULL,NULL,NULL,1,,,,c0dca09d-a9c0-47cd-9fe8-341e7056096b,NULL,NULL,[]
25142,340,340,,,Black,708,NULL,NULL,NULL,NULL,NULL,1,,,,5541133d-c541-45c7-ae19-56cad3758f52,NULL,NULL,[]
25316,042601,"CPKC Br 449.8 Winthrop AR"," ","CPKC Br 449.8 Winthrop AR",OrangeRed,714,NULL,NULL,NULL,NULL,NULL,1,,,,e2a15269-e5eb-46e7-a13d-d3339593b492,NULL,NULL,[]
25317,192601,"CPKC 63.1 Pipe n Fill Monroe LA"," ","CPKC 63.1 Pipe n Fill Monroe LA",OrangeRed,714,NULL,NULL,NULL,NULL,NULL,1,,,,7d4b63e7-0cfe-4f97-80e3-33399e209605,NULL,NULL,[]
25318,062607,"I-25 Greenland Wildlife Overpass-Game Fence CMO","I25 N of Palmer Divide Rd.","I-25 Greenland Wildlife Overpass-Game Fence CMO",Green,721,NULL,NULL,NULL,NULL,NULL,1,,,,f8f2a850-9ea8-4a07-9c89-06aa999bdb85,NULL,NULL,[]
25704,262602,"Grand River Bridge Replacement MP S 189.19"," ","Grand River Bridge Replacement MP S 189.19",#000000,634,NULL,NULL,NULL,NULL,NULL,1,NULL,NULL,NULL,6cf6c2ce-f183-4daf-b00c-d57ab053b525,NULL,NULL,[]
