workOrderAssignmentId,workOrderId,assignedToUserId,createdTimestampUtc,createdByUserId,isDeleted,deletedByUserId,deletedTimestampUtc,uuid
44620,99604,15444,"2026-08-17 16:26:50",16222,0,NULL,NULL,7df89c3d-1b6c-4ebe-8749-58859446a92c
44759,99872,15481,"2026-08-18 16:48:47",15481,0,NULL,NULL,84b65831-a0f5-46a6-ab8a-e187e9cb8a48
43987,96563,15493,"2026-08-11 12:18:43",16382,1,16382,"2026-08-11 12:20:23",cb524dc3-d8dd-445c-9b7b-beeefe1c2eb5
43989,96563,15668,"2026-08-11 12:19:48",16382,1,16382,"2026-08-11 12:20:17",63a1882f-3bf6-467a-b0a1-ac713e84c8f6
44452,96563,15376,"2026-08-14 18:59:20",16222,1,16222,"2026-08-14 18:59:28",0bbff44f-ab52-4ede-a0c5-f26703ba631b
44453,96563,15513,"2026-08-14 18:59:20",16222,1,16222,"2026-08-15 13:16:40",69493ebf-1dd4-44b9-ac64-21dade8df792
44475,96563,15709,"2026-08-15 13:16:47",16222,0,NULL,NULL,eb52fc83-964a-4d58-ac12-f7d2e036c211
43625,98373,15376,"2026-08-06 15:52:35",16222,0,NULL,NULL,5d7ab6d2-d2f5-4b39-a5e8-d0dccefefa3a
43626,98373,15513,"2026-08-06 15:52:35",16222,1,16222,"2026-08-06 15:52:41",91c6fd06-3381-4ebd-934f-c0d7a6055ab9
43627,98373,16171,"2026-08-06 15:52:35",16222,0,NULL,NULL,a682ef30-c64d-4d10-95cf-f483f9c57bcf
43998,98567,15692,"2026-08-11 13:12:19",16222,0,NULL,NULL,b7d9957d-6ea0-4721-a42e-ba6cb5bf7992
44688,99739,15668,"2026-08-17 21:44:03",16222,0,NULL,NULL,4acad010-55d3-42a3-9cf9-ab67631c5cdd
44594,99570,15814,"2026-08-17 15:15:57",16222,0,NULL,NULL,20130589-f2da-463e-adc7-14e8aa9d7e23
44023,98878,15692,"2026-08-11 14:00:39",15692,0,NULL,NULL,518da9eb-8c5f-4af4-9e2d-c7e3142b33a5
44733,96995,15814,"2026-08-18 14:53:49",16222,0,NULL,NULL,4e7cb15b-1130-41ad-bd27-889bdf82d791
44728,98779,15873,"2026-08-18 14:10:40",16222,0,NULL,NULL,774596cd-2d87-42e3-877b-22175a7004dc
44727,98778,15873,"2026-08-18 14:09:56",16222,0,NULL,NULL,3a9e1ebd-1e85-421f-b186-c7357ea691fc
44678,99139,15668,"2026-08-17 19:30:18",16382,0,NULL,NULL,0364daa6-ba51-4c6e-9bb6-fed433f6f0f0
44679,99140,15668,"2026-08-17 19:30:39",16382,0,NULL,NULL,fcaa2538-06ba-40f3-bb09-b088164b0062
44639,99622,15709,"2026-08-17 16:44:11",16222,0,NULL,NULL,176b3bd7-9ef8-4c9b-92ef-d601b5c863fe
43932,98763,15704,"2026-08-10 19:20:57",16222,0,NULL,NULL,fe78d916-fd62-4b2b-b780-b71afbff1970
44760,99873,15481,"2026-08-18 16:51:43",15481,0,NULL,NULL,d023f9c6-37be-4b90-a52f-f131e792c661
43852,98660,15668,"2026-08-10 15:33:17",16222,0,NULL,NULL,36b544d0-165e-4602-aedb-1dfa09d7b46b
43911,98731,15704,"2026-08-10 18:46:39",16222,0,NULL,NULL,f86b31e7-1534-4d7c-af23-d6c8202eb7a2
44258,99162,15376,"2026-08-12 20:29:53",16222,0,NULL,NULL,83d22eac-4628-42b0-bdf7-dac0bec7fad0
44093,98974,15426,"2026-08-11 21:39:06",16222,0,NULL,NULL,da3d0fe0-68f2-46d1-b043-540dd6fe7619
44094,98977,15426,"2026-08-11 21:42:17",16222,0,NULL,NULL,9c0d4dad-3af7-43fe-8c58-aba5714c2672
44095,98979,15426,"2026-08-11 21:45:40",16222,0,NULL,NULL,0675f4de-9efd-4090-8909-81dd7500375c
44096,98980,15426,"2026-08-11 21:49:00",16222,0,NULL,NULL,1e3cca0d-4499-4964-a4bb-8d4c9f944a3c
44489,98955,15481,"2026-08-15 14:26:33",16222,0,NULL,NULL,3c27c0e3-4cd4-47cc-aa15-ee4d4a14f171
44729,99585,15873,"2026-08-18 14:11:16",16222,0,NULL,NULL,2fb5bbc2-5045-4200-962b-2ffb9be055dd
44689,99749,15376,"2026-08-17 23:04:30",16222,0,NULL,NULL,5ff372d6-f8b6-420e-a8a3-dcc1249e12cc
43919,98738,15704,"2026-08-10 18:51:45",16222,0,NULL,NULL,d10705ed-dda0-484d-ae98-cb21689cc08e
44426,99359,15692,"2026-08-14 14:20:14",15692,0,NULL,NULL,8eafd6fe-7162-400a-94f2-ccd5cf3f3e2c
44180,99073,15668,"2026-08-12 15:12:46",15668,0,NULL,NULL,afe89a79-44ed-4bbd-97dd-b942f9847cc1
44612,99599,15444,"2026-08-17 16:23:04",16222,0,NULL,NULL,eaa8c307-c291-4b47-abc5-45809b33d341
44741,98686,15513,"2026-08-18 15:17:16",16222,0,NULL,NULL,50c0bb3b-ce0f-4603-961f-1fdb0cf76ffb
43928,98750,15704,"2026-08-10 18:58:44",16222,0,NULL,NULL,483642a8-8ee6-461c-8051-1cd5db3544ee
44595,98951,15704,"2026-08-17 15:22:32",16222,0,NULL,NULL,c8a903af-a9df-4f92-a13e-bef4b3c926c9
44684,98953,15481,"2026-08-17 21:10:19",16222,0,NULL,NULL,a28c9172-d519-463c-b8d8-fa47769cd13c
44637,99620,15709,"2026-08-17 16:41:16",16222,0,NULL,NULL,fb76573a-a40a-45d8-87f8-1f941bb82c11
44604,99588,15444,"2026-08-17 16:10:36",16222,0,NULL,NULL,2737a0c4-74b2-4e53-8eda-6a0d4ec5b738
44606,99590,15444,"2026-08-17 16:17:02",16222,0,NULL,NULL,d8f707c8-bff5-4e02-8a59-9b47ed42a0bb
44585,99550,16382,"2026-08-17 13:39:59",16382,0,NULL,NULL,88845e38-5780-45e3-a6c6-f749305bd3a6
44586,99550,15376,"2026-08-17 13:39:59",16382,0,NULL,NULL,ab277e0d-242a-4421-bddd-4567ebcd9054
44257,99159,15376,"2026-08-12 20:28:34",16222,0,NULL,NULL,0f66c638-e4d4-436f-99e8-3fbb16ef63cd
44256,99160,15376,"2026-08-12 20:28:05",16222,0,NULL,NULL,ff696938-abab-4ac1-8aef-30791a56515b
44694,99767,16122,"2026-08-18 02:56:34",16222,0,NULL,NULL,b0bce684-0b43-4325-80b9-3473cd54856a
43864,98681,15668,"2026-08-10 16:53:37",16222,0,NULL,NULL,c30680f5-4734-48f6-9514-33676a00e4a4
44740,99831,15513,"2026-08-18 15:14:16",16222,0,NULL,NULL,9682df28-c9a9-42bf-ab35-dddc3d4449cc
44581,99546,16382,"2026-08-17 13:30:16",16382,0,NULL,NULL,4b035cbc-a122-4667-a43a-f2fdbb548d32
44582,99546,15376,"2026-08-17 13:30:16",16382,0,NULL,NULL,7f77a681-52cb-4c4b-8870-53fa521bd0c7
44795,99939,15668,"2026-08-18 20:23:44",16222,0,NULL,NULL,c497d822-0470-4be0-8431-9013697256b1
44796,99940,15444,"2026-08-18 20:24:52",16222,0,NULL,NULL,4dc20639-5d52-4849-b7d2-00763c43034b
44784,99912,15376,"2026-08-18 18:54:44",16222,0,NULL,NULL,eccea953-53eb-4423-9c0a-a82f4122d526
44764,99878,16122,"2026-08-18 16:57:37",16222,0,NULL,NULL,197a4700-930e-47c0-a63d-974b47aefd03
44797,99941,15692,"2026-08-18 20:32:28",16222,0,NULL,NULL,e3859fec-f043-47e2-a3dc-bee64185f825
44798,99942,15692,"2026-08-18 20:34:19",16222,0,NULL,NULL,b84c7db7-1bd7-4cab-9813-6506806f7b45
44765,99882,15513,"2026-08-18 17:03:44",15513,0,NULL,NULL,68ac8296-c92a-42a2-94af-52feaa3dadd0
44766,99887,15513,"2026-08-18 17:21:08",15513,0,NULL,NULL,e984916f-5b35-4a4c-88e5-9df0b0171d1a
44255,99161,15376,"2026-08-12 20:27:28",16222,0,NULL,NULL,22f7ae7b-5afd-4bd7-9d6f-38a7a807c2b2
43624,98364,15692,"2026-08-06 15:18:01",16222,0,NULL,NULL,18bf408e-163a-4ffc-bd06-12d395b47aed
44785,99913,15444,"2026-08-18 19:01:22",16222,0,NULL,NULL,3934f825-191e-4e7c-b7ba-e87605b31d31
44786,99917,15668,"2026-08-18 19:07:49",16222,0,NULL,NULL,0923c1a0-9e04-4371-9b7e-48741abc02a8
44792,99936,15572,"2026-08-18 20:09:24",16222,0,NULL,NULL,81d10718-5831-43d4-9258-14c98a1b5fd3
44793,99937,15668,"2026-08-18 20:10:34",16222,0,NULL,NULL,3387b12a-4d6a-4f50-b6f7-2d8f481e56c2
44794,99938,15572,"2026-08-18 20:15:04",16222,0,NULL,NULL,ad6bd30b-b66c-4f25-9a2a-6b6874cb3fdf
44572,99537,15376,"2026-08-17 12:24:50",16382,0,NULL,NULL,4e855ec5-6883-4106-8df6-7081caf0ea3b
44573,99538,15376,"2026-08-17 12:25:12",16382,0,NULL,NULL,f311aedf-34d1-4809-8533-76cfd01e411f
44596,99572,15376,"2026-08-17 15:27:44",16222,0,NULL,NULL,ac250d7d-b410-4619-8ea4-e92b1ba36fab
43002,96124,16222,"2026-07-30 18:55:37",16222,0,NULL,NULL,476878ee-72c2-4214-a953-f4e2d232af8c
44008,98864,15668,"2026-08-11 13:27:35",16382,0,NULL,NULL,96302779-2bc3-4d06-b94b-ba1884a006a9
44009,98864,15692,"2026-08-11 13:27:35",16382,0,NULL,NULL,29d18a39-214d-417f-a076-174d4017d5c1
44010,98864,15444,"2026-08-11 13:27:35",16382,0,NULL,NULL,7c828184-a594-460f-9163-3d0197d7b26a
44011,98864,15493,"2026-08-11 13:27:35",16382,0,NULL,NULL,6f29867c-9310-426e-8edf-fae19eda3f87
44012,98864,15572,"2026-08-11 13:27:35",16382,0,NULL,NULL,82b8f0a7-cd2d-4a29-9a36-8f95c2d0aef4
44013,98865,16222,"2026-08-11 13:28:27",16222,0,NULL,NULL,52900d6c-e51a-4e25-991a-27d384e18e55
44014,98866,15572,"2026-08-11 13:28:28",15572,0,NULL,NULL,b36801ed-00eb-43dc-8058-ccd70296d449
44015,98867,15493,"2026-08-11 13:28:35",15493,0,NULL,NULL,d9d524cb-550b-498d-a0df-135483d09a8b
44016,98868,15444,"2026-08-11 13:28:41",15444,0,NULL,NULL,12f02da4-61f0-4793-a405-4707e4a476f2
44017,98869,15692,"2026-08-11 13:28:50",15692,0,NULL,NULL,c506b6d0-1837-4c70-ada5-8d81623ba75f
44018,98870,15668,"2026-08-11 13:28:50",15668,1,16222,"2026-08-14 17:07:33",965fa9c2-bec9-4a40-92d1-6fa83fa707c5
44439,98870,16122,"2026-08-14 17:07:51",16222,1,16222,"2026-08-14 21:00:29",c80ca71b-8107-4e0e-9843-7c78f66b54a1
44472,98870,16201,"2026-08-14 21:00:38",16222,0,NULL,NULL,b33c0713-2335-41df-b53e-3274945c5fd2
44027,98880,15493,"2026-08-11 14:03:35",15493,1,16222,"2026-08-14 17:04:51",c79f5167-fd2b-44f4-9de4-f8087ad44d2b
44454,99405,15513,"2026-08-14 19:15:31",16222,0,NULL,NULL,06d3fb9a-d387-44e4-8908-1d9fa02c6adb
44455,99405,15426,"2026-08-14 19:15:31",16222,0,NULL,NULL,95907e83-fb14-4a66-a331-bfeecf51baaf
44457,99407,15513,"2026-08-14 19:16:07",16212,0,NULL,NULL,8246875c-2af6-4781-91bb-40a9981b80f9
44458,99407,15426,"2026-08-14 19:16:07",16212,0,NULL,NULL,30838fa4-c707-4056-a99e-2b999402cb1d
44459,99409,15513,"2026-08-14 19:18:32",16122,1,16222,"2026-08-14 19:21:51",460225d4-86f0-4a38-8d51-6ba33a5e4f1f
44462,99409,16122,"2026-08-14 19:22:19",16222,0,NULL,NULL,8d74380b-aec4-46e7-96f1-da42a2af2a55
44476,99443,16222,"2026-08-15 13:42:52",16222,0,NULL,NULL,ee96a9a8-bca2-4042-b768-1094fb527341
44477,99444,15873,"2026-08-15 13:42:55",15873,0,NULL,NULL,56090a20-c205-4677-a39a-558c6a04b585
44478,99445,15523,"2026-08-15 13:42:57",15523,0,NULL,NULL,293b93f3-37a9-4d86-8ae6-7409f1e1f8f6
44479,99446,15704,"2026-08-15 13:43:05",15704,0,NULL,NULL,1205245a-957c-4f34-a9df-f4b6f475a42a
44480,99447,16001,"2026-08-15 13:43:11",16001,0,NULL,NULL,f47adea7-5190-4cd4-9252-8b137e9c25dd
44481,99448,15814,"2026-08-15 13:43:19",15814,0,NULL,NULL,e885c050-84b4-448d-a2a8-01e60d302b54
44482,99450,15873,"2026-08-15 13:48:00",15873,0,NULL,NULL,75e80ce8-34ce-4e23-830d-0044581e4b8a
44483,99451,15481,"2026-08-15 13:48:49",15481,0,NULL,NULL,a37d5473-7df6-49c8-884d-2767b85bd8d3
44484,99452,15426,"2026-08-15 13:49:11",15426,0,NULL,NULL,a84f9cad-5550-4a20-ac8a-ff220e4cbcda
44485,99453,15426,"2026-08-15 13:50:37",15426,0,NULL,NULL,bfa7855c-f051-4e14-a68f-4e3d76f660ed
44486,99455,15426,"2026-08-15 13:51:44",15426,0,NULL,NULL,546a1148-911f-48fc-81f5-ca19129cae8e
44487,99456,15513,"2026-08-15 13:52:21",15513,0,NULL,NULL,c50c6c1a-a094-4cdd-82e8-b04c9f91afd4
44488,99458,15426,"2026-08-15 13:53:03",15426,0,NULL,NULL,2eeca1b7-f4db-43ca-bead-59f6b889c151
