costCodeAssignmentId,itemCodeId,costCodeId,jobId,isDeleted,createdTimestampUtc,quantity,equipmentCostBudgetTotal,laborCostBudgetTotal,laborHoursBudgetTotal,uuid
72090,20488,73940,24977,0,NULL,0.00,NULL,NULL,NULL,39319a42-0ce1-4042-9287-cff61268bd59
72091,20488,73927,24977,0,NULL,0.00,NULL,NULL,NULL,57233372-2e40-418c-9907-47e99c818a1e
72092,20488,73928,24977,0,NULL,0.00,NULL,NULL,NULL,68595150-2bc9-4b23-8009-5a060ba11d41
72093,20488,73932,24977,0,NULL,0.00,NULL,NULL,NULL,6a86a795-2227-4cdd-affc-c6b5b4139c8a
72094,20490,73930,24976,0,NULL,0.00,NULL,NULL,NULL,ac0a6d3d-05c6-43bf-bc6f-93a904b54e01
72095,20490,73934,24976,0,NULL,0.00,NULL,NULL,NULL,b447b475-de89-4a00-9283-b9a867bfdcbe
72096,20490,73931,24976,0,NULL,0.00,NULL,NULL,NULL,a9c5e6a7-b9d5-43f8-94a5-21df985ab6df
72097,20488,73929,24977,0,NULL,0.00,NULL,NULL,NULL,7900ac4e-94ae-4df4-838a-15c8470dfb8e
72098,20490,73933,24976,0,NULL,0.00,NULL,NULL,NULL,fa40e3c6-9679-447e-bcca-d3901157a3af
72099,20499,73938,24975,0,NULL,0.00,NULL,NULL,NULL,6970b994-3c1b-4c95-a132-d40f4721684b
72100,20499,73936,24975,0,NULL,0.00,NULL,NULL,NULL,f98bcd09-0e67-484f-95f8-cc5f3568e727
72101,20499,73935,24975,0,NULL,0.00,NULL,NULL,NULL,5f70a0a0-dea5-4858-83cc-be108bc22c66
72102,20499,73939,24975,0,NULL,0.00,NULL,NULL,NULL,1f26f076-5b7a-42b4-ab7a-0301fda5223a
72103,20489,73941,24978,0,NULL,2.00,NULL,NULL,NULL,462a05ed-d3e7-4441-90a7-09f318802486
72104,20489,73942,24978,0,NULL,0.00,NULL,NULL,NULL,d26cccf5-5063-4cfd-8e8e-e7de6cf15451
72105,20499,73937,24975,0,NULL,0.00,NULL,NULL,NULL,c6a1e9a4-6abb-4902-97ed-d374522d115a
72106,20489,73943,24978,0,NULL,0.00,NULL,NULL,NULL,9ea9dd6a-b324-4903-b03a-bf6a6f6c6203
72107,20489,73945,24978,0,NULL,0.00,NULL,NULL,NULL,2e137fc9-b3e7-4108-b726-4c46cb72c82f
72108,20495,73948,24979,0,NULL,0.00,NULL,NULL,NULL,3b91d134-03e9-46e4-a4e6-1e42f72e59d2
72109,20495,73947,24979,0,NULL,0.00,NULL,NULL,NULL,b48cdec0-4bd5-44a2-948b-a189631b30db
72110,20489,73944,24978,0,NULL,0.00,NULL,NULL,NULL,2b8c8521-f08d-4b3d-821e-7c0c06a3fc41
72111,20495,73946,24979,0,NULL,0.00,NULL,NULL,NULL,39d86c2c-0023-4ee8-a95e-dbdb307270bc
72112,20495,73951,24979,0,NULL,0.00,NULL,NULL,NULL,6a874664-933f-4568-8cff-1ee3935236fa
72113,20495,73949,24979,0,NULL,0.00,NULL,NULL,NULL,366e281b-86cc-448c-9f33-78e8a4aec0aa
72114,20491,73950,24980,0,NULL,0.00,NULL,NULL,NULL,7c0d5c82-f7cf-4e67-99e1-46b376dbd203
72115,20491,73966,24980,0,NULL,4.00,NULL,NULL,NULL,d0592583-eb13-43c7-add6-eaef1d5562e2
72116,20492,73953,24980,0,NULL,0.00,NULL,NULL,NULL,c40698ca-e89a-4b7d-a938-a5e00743497f
72117,20492,73952,24980,0,NULL,0.00,NULL,NULL,NULL,bef63770-3926-478c-8b46-07db11f61969
72118,20493,73956,24983,0,NULL,0.00,NULL,NULL,NULL,8a825dbe-d8b4-4d9e-8190-41feb5dedba8
72119,20492,73954,24980,0,NULL,0.00,NULL,NULL,NULL,fd29f0b3-7092-4661-adfb-245904ed4bbe
72120,20493,73955,24983,0,NULL,0.00,NULL,NULL,NULL,5d72e7da-19a7-4642-ad83-0d8beee3baaf
72121,20493,73957,24983,0,NULL,0.00,NULL,NULL,NULL,017da482-ffce-40e3-8914-4b9edc64bc7a
72122,20493,73959,24983,0,NULL,0.00,NULL,NULL,NULL,2540f1ee-1e53-47cc-bc9c-efb1c2125be4
72123,20493,73958,24983,0,NULL,0.00,NULL,NULL,NULL,38eb51e8-675a-4b67-9e88-b966441d51b4
72124,20494,73960,24984,0,NULL,0.00,NULL,NULL,NULL,d9c28939-267b-487e-956b-190af5f408af
72125,20494,73961,24984,0,NULL,2.00,NULL,NULL,NULL,d6731df4-3c3b-4d94-ab7f-2474229628fc
72126,20494,73962,24984,0,NULL,0.00,NULL,NULL,NULL,394d4de9-aeb6-4513-968c-874ff49963d6
72127,20496,73970,24981,0,NULL,0.00,NULL,NULL,NULL,12121424-e391-4059-b080-267a50caf467
72128,20494,73963,24984,0,NULL,0.00,NULL,NULL,NULL,06f9c412-e4f3-43c7-a375-e046d8604fd0
72129,20496,73964,24981,0,NULL,0.00,NULL,NULL,NULL,c8b22ec3-c3a7-45bc-9abc-b2e3a495af02
72130,20496,73967,24981,0,NULL,0.00,NULL,NULL,NULL,5a9536b3-8b87-44c3-95fc-ed01236e2415
72131,20497,73968,24982,0,NULL,0.00,NULL,NULL,NULL,7723a9d1-12cf-4a5a-91e4-d599503956da
72132,20497,73969,24982,0,NULL,0.00,NULL,NULL,NULL,7fd6029f-c3ea-4876-805a-4d0c5ebde116
72133,20496,73965,24981,0,NULL,0.00,NULL,NULL,NULL,142a3f27-d93b-43e3-b54d-e48edf1546f2
72134,20497,73972,24982,0,NULL,0.00,NULL,NULL,NULL,4ea01686-3ba5-42d1-93d9-2a9a896ac532
72135,20503,73973,24985,0,NULL,0.00,NULL,NULL,NULL,54766b4a-5d61-4d05-ba66-3a9eaa350f3e
72136,20503,73980,24985,0,NULL,0.00,NULL,NULL,NULL,231ca3fa-2cfa-4426-b36f-bb784cf9c079
72137,20497,73975,24982,0,NULL,0.00,NULL,NULL,NULL,b64e2376-5158-42e9-a27b-c44a3dbd8b88
72138,20503,73974,24985,0,NULL,0.00,NULL,NULL,NULL,fd797419-45b0-4f29-8cc3-27130c409e64
72139,20497,73971,24982,0,NULL,0.00,NULL,NULL,NULL,07d7133f-6211-4a28-a396-9b613b95d6c6
72140,20503,73976,24985,0,NULL,0.00,NULL,NULL,NULL,2647d399-efc1-4b3b-843b-3723f34f4282
72141,20503,73977,24985,0,NULL,0.00,NULL,NULL,NULL,b19baf08-7f9b-416c-9efc-8ef7e329c169
72142,20501,73982,24988,0,NULL,0.00,NULL,NULL,NULL,c5712a2c-5177-4afc-816d-c2fae380452f
72143,20501,73979,24988,0,NULL,0.00,NULL,NULL,NULL,eb5f301e-54fe-4e46-80ed-4f81bb89bba8
72144,20501,73983,24988,0,NULL,0.00,NULL,NULL,NULL,eae673b4-65db-4b75-9131-5ad5e90d4c02
72145,20501,73978,24988,0,NULL,0.00,NULL,NULL,NULL,a9a4e151-d6f6-454c-afb5-14888fced971
72146,20502,73985,24986,0,NULL,0.00,NULL,NULL,NULL,81f1d26a-42c0-4fe0-944c-9515ae1ccbc1
72147,20502,73986,24986,0,NULL,0.00,NULL,NULL,NULL,6af08492-652d-4952-b07a-8def3a12a404
72148,20501,73981,24988,0,NULL,0.00,NULL,NULL,NULL,b325a14a-6d28-435d-a3e2-f8edb4d514e2
72149,20502,73984,24986,0,NULL,1.00,NULL,NULL,NULL,cf28013c-9183-4fd5-b65a-0128410fccc0
72150,20502,73987,24986,0,NULL,0.00,NULL,NULL,NULL,587d161e-e4f4-4020-aa3f-204e5797f147
72151,20500,73989,24989,0,NULL,0.00,NULL,NULL,NULL,747a6998-0a3d-4eef-b633-78e4ca09d859
72152,20500,73990,24989,0,NULL,0.00,NULL,NULL,NULL,76d03bf4-ce1b-42c3-9852-d1a6683f27ba
72153,20500,73991,24989,0,NULL,0.00,NULL,NULL,NULL,a3e14b35-436d-44eb-ab71-8f1d2b9a631d
72154,20500,73992,24989,0,NULL,0.00,NULL,NULL,NULL,b0f504d4-d702-4ffb-a82c-7d823267aa14
72155,20502,73988,24986,0,NULL,0.00,NULL,NULL,NULL,46975701-8de4-4c73-b818-45dbb05aff58
72156,20505,73995,24992,0,NULL,0.00,NULL,NULL,NULL,f10a0b23-5760-4182-9443-ada91356399d
72157,20505,73994,24992,0,NULL,0.00,NULL,NULL,NULL,6539842e-ac95-4d7f-bf81-74cac62b8d08
72158,20505,73996,24992,0,NULL,0.00,NULL,NULL,NULL,bcb2f221-5e2e-44ad-86bc-43da82234ab8
72159,20505,73997,24992,0,NULL,0.00,NULL,NULL,NULL,b58f1213-6fc4-414a-ba85-ff52dfbd3d02
72160,20504,73998,24993,0,NULL,2.00,NULL,NULL,NULL,7d85842e-d97e-44f7-9297-bdaaab293611
72161,20505,73993,24992,0,NULL,3.00,NULL,NULL,NULL,03712358-9170-47f8-914b-caae3b1d3893
72162,20504,74000,24993,0,NULL,0.00,NULL,NULL,NULL,58b26e26-eb80-4702-a279-9179a3ca1337
72163,20504,73999,24993,0,NULL,0.00,NULL,NULL,NULL,c3b54a62-d798-4f65-b803-9a399205f678
72164,20504,74001,24993,0,NULL,0.00,NULL,NULL,NULL,715fb536-3a9d-4f35-b848-7d669407b7bc
72165,20506,74003,24997,0,NULL,0.00,NULL,NULL,NULL,ba3624f3-1a50-4755-a065-38d5b67e478c
72166,20504,74002,24993,0,NULL,0.00,NULL,NULL,NULL,ddc5e6b6-743f-4170-be79-d923dfcc9f1c
72167,20506,74008,24997,0,NULL,0.00,NULL,NULL,NULL,54f42624-e69c-49bb-a321-ac92fcefa580
72168,20506,74004,24997,0,NULL,0.00,NULL,NULL,NULL,ae542c0c-13b8-474f-98f3-4e24c211c08b
72169,20507,74009,24996,0,NULL,0.00,NULL,NULL,NULL,89a8b809-4610-4460-8470-d3ed1d898236
72170,20506,74005,24997,0,NULL,0.00,NULL,NULL,NULL,3902efd7-5a54-42ce-ada9-0b984b2e70ee
72171,20507,74007,24996,0,NULL,0.00,NULL,NULL,NULL,dc6810dc-c838-4da7-b29e-33df853b3d28
72172,20506,74006,24997,0,NULL,0.00,NULL,NULL,NULL,0abfd8c3-15f6-46e2-8d4c-4703451d5e9a
72173,20507,74013,24996,0,NULL,0.00,NULL,NULL,NULL,05b7fe11-97b2-428e-9059-55b66e11c7e9
72174,20521,74014,24998,0,NULL,0.00,NULL,NULL,NULL,7f5d61a4-bad1-49e9-b9ff-97b96bdeabc0
72175,20507,74010,24996,0,NULL,0.00,NULL,NULL,NULL,7aebf3e6-5304-4b6e-b67c-f8850a346d19
72176,20507,74011,24996,0,NULL,0.00,NULL,NULL,NULL,d8732feb-57b7-4a9a-95f6-e160999e7b12
72177,20521,74017,24998,0,NULL,0.00,NULL,NULL,NULL,30918cd7-25d8-4861-8475-e52b1ce91abc
72178,20521,74012,24998,0,NULL,0.00,NULL,NULL,NULL,98d06511-e2cb-4e12-b356-89cda216d0a8
72179,20521,74015,24998,0,NULL,0.00,NULL,NULL,NULL,8106bdde-18a2-401d-8149-5f090a6722fa
72180,20508,74018,24999,0,NULL,0.00,NULL,NULL,NULL,003bb3a0-87dd-4a4b-a0c9-6a8a03031a40
72181,20508,74016,24999,0,NULL,0.00,NULL,NULL,NULL,7ab92b96-5c39-481c-b741-176f25d1b46c
72182,20508,74019,24999,0,NULL,0.00,NULL,NULL,NULL,b0d02506-67e6-4cd0-b7c6-677f8e74ac79
72183,20508,74023,24999,0,NULL,0.00,NULL,NULL,NULL,e31ed9f8-4eba-4d4a-98e2-5bb7264b8d50
72184,20508,74022,24999,0,NULL,0.00,NULL,NULL,NULL,e594ebd0-29ef-415d-9183-c604d7f9047f
72185,20510,74020,24987,0,NULL,0.00,NULL,NULL,NULL,adf7de0e-e8ad-4cea-a372-8a7a116c4053
72186,20510,74027,24987,0,NULL,1.00,NULL,NULL,NULL,1237ad9b-ae4d-4635-b9af-327e44657cf0
72187,20509,74021,24987,0,NULL,1.00,NULL,NULL,NULL,6b26caf3-e374-4f77-b43e-212b889ffc61
72188,20510,74024,24987,0,NULL,0.00,NULL,NULL,NULL,81fc3cce-f456-456f-8cf4-99fae7e58699
72189,20510,74025,24987,0,NULL,0.00,NULL,NULL,NULL,d719b663-62d5-403b-b3b2-3cf4b7c85dcf
72190,20510,74026,24987,0,NULL,0.00,NULL,NULL,NULL,f62ac0aa-4529-46db-84fd-cff702a63b02
72191,20511,74034,24990,0,NULL,1.00,NULL,NULL,NULL,06cdcd74-4a8e-4e06-a12d-e76ac0dc1737
72192,20511,74031,24990,0,NULL,0.00,NULL,NULL,NULL,fcb770c0-3553-4c59-b1ba-66e5ee6fe045
72193,20511,74029,24990,0,NULL,0.00,NULL,NULL,NULL,3f02a7b4-494b-45dc-af94-0544935b73d4
72194,20511,74030,24990,0,NULL,0.00,NULL,NULL,NULL,64b2d061-c829-4eaf-91cf-bd6d8a16373b
72195,20511,74028,24990,0,NULL,0.00,NULL,NULL,NULL,fd0d04f6-fbfb-47d2-bff8-cace317545f5
72196,20512,74032,24991,0,NULL,0.00,NULL,NULL,NULL,fce07c50-db73-440e-8d01-c11a60b6e83a
72197,20512,74035,24991,0,NULL,0.00,NULL,NULL,NULL,a1b6de57-6339-47d5-ade9-80395b315118
72198,20512,74033,24991,0,NULL,0.00,NULL,NULL,NULL,c3004e8f-a729-4ebf-a376-c543d5fd180d
72199,20512,74036,24991,0,NULL,0.00,NULL,NULL,NULL,5a9c10ff-52b2-4524-bb8a-236318ed49c6
72200,20512,74037,24991,0,NULL,0.00,NULL,NULL,NULL,cc9dbf89-72e8-4ce7-8321-d503cd6efea1
72201,20513,74040,24994,0,NULL,0.00,NULL,NULL,NULL,e599315f-f0d0-47c4-875a-6e7b837d7431
72202,20513,74038,24994,0,NULL,0.00,NULL,NULL,NULL,04d3012c-7d21-4002-a66a-b976b2fb7bed
72203,20513,74041,24994,0,NULL,0.00,NULL,NULL,NULL,2f8397ea-dad1-4768-8dc3-08d40921e2e5
72204,20514,74043,24995,0,NULL,0.00,NULL,NULL,NULL,b9420734-6118-4758-84b6-d601230c384a
72205,20513,74042,24994,0,NULL,0.00,NULL,NULL,NULL,402c7228-8548-4edf-9cd0-93bf6dd70d66
72206,20513,74039,24994,0,NULL,0.00,NULL,NULL,NULL,9b25e3ec-bb62-4386-8dee-eb3677de11c7
72207,20514,74058,24995,0,NULL,0.00,NULL,NULL,NULL,7a7d80f1-3fd6-4ee3-9f49-eba9f088ffd6
72208,20514,74044,24995,0,NULL,0.00,NULL,NULL,NULL,995185c9-28b7-4091-95a5-872016d02923
72209,20514,74046,24995,0,NULL,0.00,NULL,NULL,NULL,9b186949-7b72-4e94-a9bd-3336521d4892
72210,20514,74045,24995,0,NULL,0.00,NULL,NULL,NULL,05e6c3e9-02e0-4291-842b-c1524bf049b6
72211,20516,74047,25000,0,NULL,0.00,NULL,NULL,NULL,0da713d2-89ea-465d-b4fd-c70154c0cd94
72212,20516,74049,25000,0,NULL,0.00,NULL,NULL,NULL,48c840d7-d121-403c-b806-71b5f276261d
72213,20516,74048,25000,0,NULL,0.00,NULL,NULL,NULL,4421e800-a291-4fed-87a2-2884d5cb3b37
72214,20515,74051,25001,0,NULL,0.00,NULL,NULL,NULL,52edd078-bea3-49df-8dd8-c5040367a739
72215,20515,74050,25001,0,NULL,2.00,NULL,NULL,NULL,50e61a06-3ca8-464a-9aca-ad71ff76a4ca
72216,20515,74054,25001,0,NULL,0.00,NULL,NULL,NULL,e5c48e47-6262-4bb1-88b3-6c69269d70dc
72217,20515,74053,25001,0,NULL,0.00,NULL,NULL,NULL,b689272f-05d8-48e2-a518-ec6ef5aa0bd0
72218,20517,74055,25002,0,NULL,0.00,NULL,NULL,NULL,72f03613-3b08-4f5a-a347-aed20d729fed
72219,20515,74052,25001,0,NULL,0.00,NULL,NULL,NULL,96dc55a9-492d-444a-9013-bc5d6d3a7b9f
72220,20517,74056,25002,0,NULL,0.00,NULL,NULL,NULL,ba5def9c-a3d8-4eb9-a25b-e2662e241802
72221,20517,74057,25002,0,NULL,0.00,NULL,NULL,NULL,a7341520-baa3-4a6d-8400-e2496a87da06
72222,20519,74061,25003,0,NULL,0.00,NULL,NULL,NULL,ecb56808-f481-43d1-b72e-2e4f7a861ff9
72223,20517,74059,25002,0,NULL,0.00,NULL,NULL,NULL,cb0af792-eba0-4984-a336-9d12b7d5a236
72224,20517,74060,25002,0,NULL,0.00,NULL,NULL,NULL,1b91ba63-7fd4-47b3-bff8-db45e1edc7af
72225,20519,74064,25003,0,NULL,0.00,NULL,NULL,NULL,2f26c164-1e50-4dd1-b748-c37962fff93d
72226,20519,74062,25003,0,NULL,0.00,NULL,NULL,NULL,6a9ce56c-0bb9-47c7-b9a9-b716c6feaf6b
72227,20519,74063,25003,0,NULL,0.00,NULL,NULL,NULL,969c9d3d-461a-485a-b319-1d4cd8d2f82f
72228,20519,74066,25003,0,NULL,0.00,NULL,NULL,NULL,82b8ccee-b64a-47f7-a3ec-c4773b978c73
72229,20518,74067,25005,0,NULL,0.00,NULL,NULL,NULL,22d61c23-5373-4aaa-9012-9d4d730474d4
72230,20518,74069,25005,0,NULL,0.00,NULL,NULL,NULL,8bedfcd4-5d28-4cb4-af77-c91ce1fa85a4
72231,20518,74070,25005,0,NULL,1.00,NULL,NULL,NULL,a2fbc3ea-161b-401a-b132-06486f7dbe83
72232,20518,74065,25005,0,NULL,0.00,NULL,NULL,NULL,4725c923-5579-4ff8-8e0d-198b008a6723
72233,20518,74068,25005,0,NULL,0.00,NULL,NULL,NULL,81dcd7e7-7f22-4de3-9cf2-ed0ae8ae9b6a
72234,20523,74072,25006,0,NULL,18680.00,NULL,NULL,NULL,1e65438a-110d-4b42-a5e6-69f689f930cb
72235,20520,74075,25006,0,NULL,0.00,NULL,NULL,NULL,edafab47-f107-430c-a97e-0d009ce98154
72236,20520,74076,25006,0,NULL,0.00,NULL,NULL,NULL,f37bcf87-a943-4834-a8f1-6f90e69af139
72237,20525,74077,25010,0,NULL,0.00,NULL,NULL,NULL,b32bb49b-a563-4f18-9819-ccce195404cb
72238,20520,74074,25006,0,NULL,0.00,NULL,NULL,NULL,833c8506-6b50-4bc4-b045-800a1a0d0f81
72239,20520,74073,25006,0,NULL,1.00,NULL,NULL,NULL,f5557b69-f3f9-497a-8309-7fd027c6e6cc
72240,20520,74071,25006,0,NULL,0.00,NULL,NULL,NULL,1f98271d-93a5-4fdc-aba3-0dbe7b59dd50
72241,20525,74078,25010,0,NULL,0.00,NULL,NULL,NULL,8d2a290c-9615-49ef-bff6-3445da9cde7b
72242,20526,74081,25009,0,NULL,0.00,NULL,NULL,NULL,517efe1d-3932-4f70-81a1-535a0a251d0c
72243,20526,74080,25009,0,NULL,0.00,NULL,NULL,NULL,b8b1c02c-2eba-4806-b46d-e6b3a666bd29
72244,20526,74079,25009,0,NULL,0.00,NULL,NULL,NULL,7e705db5-1bfc-4a54-9438-9d725ff16045
72245,20528,74082,25014,0,NULL,1.00,NULL,NULL,NULL,cafa9f5e-89ca-4f7a-b307-9edf5c4681f1
72246,20528,74084,25014,0,NULL,0.00,NULL,NULL,NULL,1231d8da-54f0-4693-9517-0772008cbdb9
72247,20528,74085,25014,0,NULL,0.00,NULL,NULL,NULL,ac042110-1b7a-4b88-a9d0-21442578a49a
72248,20528,74088,25014,0,NULL,0.00,NULL,NULL,NULL,887f7739-102c-4976-bb0e-504ad6695578
72249,20524,74083,25007,0,NULL,0.00,NULL,NULL,NULL,4f2419df-54dc-4081-99cd-9a20077e17c3
72250,20527,74089,25012,0,NULL,0.00,NULL,NULL,NULL,a615d331-e649-4f86-a874-c495e6af0b3e
72251,20528,74086,25014,0,NULL,0.00,NULL,NULL,NULL,ec4e4ffb-57fa-4b23-829e-c157feebd720
72252,20527,74091,25012,0,NULL,0.00,NULL,NULL,NULL,5c723f2d-91f1-4dca-8734-13b4d01c0154
72253,20527,74087,25012,0,NULL,1.00,NULL,NULL,NULL,1b7606c0-b447-451a-a09f-86f1b90e91ce
72254,20527,74094,25012,0,NULL,0.00,NULL,NULL,NULL,f3a79556-9ae9-4cf2-9c20-a47122ebe920
72255,20529,74092,25011,0,NULL,1.00,NULL,NULL,NULL,90f7a652-71df-46f5-8f82-195f06ce3f7b
72256,20527,74090,25012,0,NULL,0.00,NULL,NULL,NULL,aec07f8d-e214-4c98-9ad6-78c889286743
72257,20529,74093,25011,0,NULL,0.00,NULL,NULL,NULL,3728d72d-6103-4421-8ff9-ecd9fd35df43
72258,20529,74097,25011,0,NULL,0.00,NULL,NULL,NULL,6a3b26ae-1262-44a2-855e-79166df70078
72259,20529,74096,25011,0,NULL,0.00,NULL,NULL,NULL,4174ef17-202e-476b-a342-07c38c8ba2db
72260,20529,74095,25011,0,NULL,0.00,NULL,NULL,NULL,8a39272e-44a0-4090-82ad-0a52765fafd4
72261,20530,74098,25015,0,NULL,0.00,NULL,NULL,NULL,840855ce-d8de-46c0-9b12-ddbd1b5170cc
72262,20530,74102,25015,0,NULL,0.00,NULL,NULL,NULL,0e4ebd05-9dcb-441b-9b8b-3676f579a8c3
72263,20530,74101,25015,0,NULL,0.00,NULL,NULL,NULL,94241e69-1bb3-4d77-abfb-aaa54ec81da3
72264,20530,74099,25015,0,NULL,0.00,NULL,NULL,NULL,d17a9de8-3807-4fba-9b2c-cdf5712828d0
72265,20531,74103,25019,0,NULL,0.00,NULL,NULL,NULL,4996ac1f-9082-4861-9eda-db7054b9db77
72266,20530,74100,25015,0,NULL,0.00,NULL,NULL,NULL,11fbf635-4016-4393-b1ba-292fefbdb275
72267,20531,74104,25019,0,NULL,0.00,NULL,NULL,NULL,cc829e62-c173-40aa-aed5-f652bad3200c
72268,20531,74115,25019,0,NULL,0.00,NULL,NULL,NULL,0a1bc493-f4f5-4d24-b965-2a4325c53653
72269,20531,74105,25019,0,NULL,0.00,NULL,NULL,NULL,836521f2-5d08-45db-8828-4f3c845a2fb0
72270,20531,74106,25019,0,NULL,0.00,NULL,NULL,NULL,c49362b5-5657-433b-8600-f271aa9de14d
72271,20532,74107,25024,0,NULL,1.00,NULL,NULL,NULL,fd33df27-ec36-418d-b05d-a1b82991368c
72272,20532,74110,25024,0,NULL,0.00,NULL,NULL,NULL,6281823e-439c-4f10-aba7-ca7f8717a883
72273,20532,74108,25024,0,NULL,0.00,NULL,NULL,NULL,575bc18b-5360-47a9-8dff-ac7ff96727d2
72274,20537,74121,25013,0,NULL,0.00,NULL,NULL,NULL,15a9fb41-5c01-4e2f-a6be-f5df27e1c6de
72275,20532,74109,25024,0,NULL,1.00,NULL,NULL,NULL,6bd65ffa-3c4e-435e-9ac8-7dbd092b3122
72276,20537,74111,25013,0,NULL,0.00,NULL,NULL,NULL,6bc70153-d310-4bab-ac3d-a1a14e978705
72277,20532,74112,25024,0,NULL,0.00,NULL,NULL,NULL,a4f7b104-b61f-4a20-9f2f-79712ec3c138
72278,20537,74114,25013,0,NULL,0.00,NULL,NULL,NULL,a2cded34-5a39-46f1-8c55-992d99496349
72279,20542,74118,25016,0,NULL,0.00,NULL,NULL,NULL,b40aab97-31ff-42dc-87de-6bbc1b9d4637
72280,20542,74119,25016,0,NULL,0.00,NULL,NULL,NULL,9fa27643-80a4-4b58-b09c-1b2fc8c2d0cf
72281,20542,74117,25016,0,NULL,0.00,NULL,NULL,NULL,16874901-0f61-4fed-9f56-7822ea0c5ac8
72282,20537,74113,25013,0,NULL,0.00,NULL,NULL,NULL,f6039a65-8a89-4ce9-9971-6bc10127f2f8
72283,20542,74120,25016,0,NULL,0.00,NULL,NULL,NULL,e9a08c05-0d18-4ac7-885f-47ae5b96b755
72284,20537,74116,25013,0,NULL,0.00,NULL,NULL,NULL,b70503a6-d483-485e-bba6-1250cd78f1bb
72285,20533,74122,25017,0,NULL,0.00,NULL,NULL,NULL,7bbbf10d-af5b-4586-923a-8e9f9f654472
72286,20533,74123,25017,0,NULL,0.00,NULL,NULL,NULL,246ad4ca-21a2-4b81-aa79-5e81ca11d10a
72287,20533,74128,25017,0,NULL,0.00,NULL,NULL,NULL,4f1f9f1a-6fb8-4c2e-80fe-991308529f67
72288,20533,74124,25017,0,NULL,0.00,NULL,NULL,NULL,d127a695-4766-46e0-b675-1cda21c1bbaf
72289,20534,74126,25008,0,NULL,640.00,NULL,NULL,NULL,96d6b305-e295-49d8-b7e0-fc55f4b3454a
72290,20533,74125,25017,0,NULL,0.00,NULL,NULL,NULL,9ff82d76-6237-4192-a50f-237d68db3bb2
72291,20536,74127,25008,0,NULL,1.00,NULL,NULL,NULL,2dbcbfd4-2ce2-45cd-81aa-4b7fe226c1c9
72292,20536,74129,25008,0,NULL,10.00,NULL,NULL,NULL,5b1dd76e-46d3-4246-8498-0043fdead6cb
72293,20536,74136,25008,0,NULL,0.00,NULL,NULL,NULL,16013d4c-a07a-487d-ac1e-801d0a78f8fa
72294,20536,74130,25008,0,NULL,0.00,NULL,NULL,NULL,68712e0d-b737-46fb-9dea-95a6ff3b8eff
72295,20536,74132,25008,0,NULL,0.00,NULL,NULL,NULL,37e13065-3e3b-4ce9-855e-532bc39f58ec
72296,20535,74131,25021,0,NULL,0.00,NULL,NULL,NULL,586a79db-7a8a-4a29-94b0-7aa43f1fb923
72297,20535,74133,25021,0,NULL,0.00,NULL,NULL,NULL,212baf07-fcf6-4fb1-bfee-cd483f7ded98
72298,20535,74135,25021,0,NULL,0.00,NULL,NULL,NULL,bbbb1511-8253-4e36-a2e7-71c8f48e5cba
72299,20538,74138,25022,0,NULL,0.00,NULL,NULL,NULL,1eb78c30-a024-466d-954e-382894c741de
72300,20538,74134,25022,0,NULL,2.00,NULL,NULL,NULL,4a93ecfa-b016-44de-89d6-13130c53aece
72301,20538,74139,25022,0,NULL,0.00,NULL,NULL,NULL,f00faa7e-7c1d-4ff8-98c5-b06a1bcc859d
72302,20538,74137,25022,0,NULL,0.00,NULL,NULL,NULL,028b1df4-223b-4c56-aa60-6e6ca70ebeda
72303,20539,74140,25018,0,NULL,0.00,NULL,NULL,NULL,e47e99a3-bbf3-48ad-8344-8c45d15ff841
72304,20539,74148,25018,0,NULL,0.00,NULL,NULL,NULL,5ea57793-09fc-4a86-b59e-e97d65477d47
72305,20539,74142,25018,0,NULL,0.00,NULL,NULL,NULL,e0eb46a7-6b73-4071-9a61-a2994051a8aa
72306,20539,74141,25018,0,NULL,0.00,NULL,NULL,NULL,e1f8108c-dd18-404d-9a19-daa9e5520ef2
72307,20540,74143,25020,0,NULL,0.00,NULL,NULL,NULL,77f762d7-58eb-4582-8074-af1f8c6d72b7
72308,20540,74146,25020,0,NULL,0.00,NULL,NULL,NULL,c7f878ac-024f-4e3b-a275-09b5b2411e62
72309,20540,74144,25020,0,NULL,0.00,NULL,NULL,NULL,29a6bad0-9310-4087-9c31-c346ac615ad1
72310,20541,74145,25023,0,NULL,0.00,NULL,NULL,NULL,19214081-8f9c-4a9d-8c02-983306f91d38
72311,20540,74147,25020,0,NULL,0.00,NULL,NULL,NULL,48580a3c-7fca-4395-b1f9-f7b5874c7e10
72312,20541,74149,25023,0,NULL,0.00,NULL,NULL,NULL,b62aae25-d122-4ecf-ac49-dfe6b560d41f
72313,20541,74152,25023,0,NULL,0.00,NULL,NULL,NULL,5adf9627-4b76-4286-86a7-32431795e992
72314,20543,74155,25028,0,NULL,0.00,NULL,NULL,NULL,65d29a30-1045-4f6b-98be-032835433f6a
72315,20541,74154,25023,0,NULL,0.00,NULL,NULL,NULL,810114c0-91c9-4308-9e10-6abafb3b2eb2
72316,20541,74150,25023,0,NULL,0.00,NULL,NULL,NULL,a7e748d8-7a72-434d-ab86-9dea9e20cec7
72317,20543,74151,25028,0,NULL,0.00,NULL,NULL,NULL,22825aa5-c19c-4cbb-a698-63646987c889
72318,20543,74153,25028,0,NULL,0.00,NULL,NULL,NULL,5fdeeaf4-3231-466b-ba29-fbf86f4d339c
72319,20543,74160,25028,0,NULL,0.00,NULL,NULL,NULL,11ae0d47-fe20-4309-a4b3-0106c0b23377
72320,20543,74156,25028,0,NULL,0.00,NULL,NULL,NULL,4b1e76e6-525f-4e48-bbf4-17cefb3a33a5
72321,20544,74159,25025,0,NULL,30.00,NULL,NULL,NULL,010d3d70-b6de-409f-a64f-a7d2fd96ae31
72322,20544,74157,25025,0,NULL,1.00,NULL,NULL,NULL,e5dc802c-449e-410d-8637-392cfe2f4d59
72323,20545,74158,25025,0,NULL,1.00,NULL,NULL,NULL,cd180f8e-0dea-4240-9f1d-9db106c76382
72324,20544,74161,25025,0,NULL,0.00,NULL,NULL,NULL,7242f3f8-2fc6-44e5-84d3-0fc7cd23b9cc
72325,20544,74162,25025,0,NULL,0.00,NULL,NULL,NULL,01d3910a-e214-400a-9ace-e89fa521a89a
72326,20546,74164,25027,0,NULL,0.00,NULL,NULL,NULL,6bd25f79-5d4e-4c86-9a51-50c337698c48
72327,20546,74167,25027,0,NULL,0.00,NULL,NULL,NULL,0c183111-9b3d-4893-8160-2628d3b395e1
72328,20544,74163,25025,0,NULL,0.00,NULL,NULL,NULL,ef8d730c-2d1d-48e3-9cf7-504b3efd5b16
72329,20546,74165,25027,0,NULL,0.00,NULL,NULL,NULL,489af3e9-920b-467b-bbb5-b144231029a3
72330,20546,74166,25027,0,NULL,0.00,NULL,NULL,NULL,007fdadb-5271-4086-9ae9-3a4809d77373
72331,20547,74168,25029,0,NULL,0.00,NULL,NULL,NULL,dda7f3d1-98aa-468d-9349-6c186b7f1af1
72332,20547,74170,25029,0,NULL,0.00,NULL,NULL,NULL,3ef6de64-70bb-47dd-b93e-cc4cd8f78543
72333,20547,74169,25029,0,NULL,0.00,NULL,NULL,NULL,bfe0422a-243c-41dd-a91b-64504d61d49e
72334,20547,74172,25029,0,NULL,0.00,NULL,NULL,NULL,983ca37e-a410-48ce-be4f-91ee4d79ab98
72335,20547,74171,25029,0,NULL,0.00,NULL,NULL,NULL,3814b295-c0a8-4895-81ed-53d57b3b9207
72336,20548,74173,25026,0,NULL,1.00,NULL,NULL,NULL,42c9093a-670a-4e02-b844-4d61cb3b9aaf
72337,20548,74174,25026,0,NULL,1.00,NULL,NULL,NULL,8ab08f0c-262b-4889-959f-f7f95a3dc681
72338,20548,74175,25026,0,NULL,0.00,NULL,NULL,NULL,ee636b1b-fbab-4fba-ae02-84f61ca27d82
72339,20548,74177,25026,0,NULL,0.00,NULL,NULL,NULL,483784a6-c9c3-4c94-8739-ea8ff0aa3a16
72340,20548,74176,25026,0,NULL,0.00,NULL,NULL,NULL,5051e153-4e7b-480d-b9ee-095f148c6c49
72341,20550,74178,25033,0,NULL,0.00,NULL,NULL,NULL,b16d2889-51b0-41a0-bcd6-460a15ca1cb6
72342,20550,74180,25033,0,NULL,0.00,NULL,NULL,NULL,db71b70a-acde-452e-b508-e354048f0e6c
72343,20550,74179,25033,0,NULL,0.00,NULL,NULL,NULL,4291325b-056f-4773-b4b7-8c015ea3ba8c
72344,20550,74182,25033,0,NULL,0.00,NULL,NULL,NULL,f05d6c76-778c-4cd6-818a-d73fc0ca3b59
72345,20550,74183,25033,0,NULL,0.00,NULL,NULL,NULL,6f5ac4bf-230c-495d-9938-2eb45cd221d6
72346,20551,74184,25036,0,NULL,0.00,NULL,NULL,NULL,3cbecc77-98ee-4dda-aa6b-6a7b77107303
72347,20551,74181,25036,0,NULL,0.00,NULL,NULL,NULL,9a1825e6-720d-45c1-b649-555f96e89cfb
72348,20551,74185,25036,0,NULL,0.00,NULL,NULL,NULL,9b014e0e-dbe6-4869-bb30-7b666173cbaf
72349,20551,74186,25036,0,NULL,0.00,NULL,NULL,NULL,743406ad-1087-4129-9b3b-ce8b60ac470d
72350,20549,74190,25041,0,NULL,0.00,NULL,NULL,NULL,f680703c-9220-48b8-b424-61c1d1e9b744
72351,20549,74187,25041,0,NULL,0.00,NULL,NULL,NULL,fd346ffa-23e1-4c25-bf07-e969403b3a7c
72352,20549,74193,25041,0,NULL,0.00,NULL,NULL,NULL,bc259f56-377d-4d47-89d1-f507a3e008f0
72353,20549,74189,25041,0,NULL,0.00,NULL,NULL,NULL,1564d226-4637-47e5-9fb3-5fad3fb64510
72354,20549,74188,25041,0,NULL,0.00,NULL,NULL,NULL,8d8b2463-e0a9-4ce3-8486-386d655800cb
72355,20552,74191,25039,0,NULL,0.00,NULL,NULL,NULL,99a4665f-d5a5-4d22-8449-23deec07abcc
72356,20552,74192,25039,0,NULL,5.00,NULL,NULL,NULL,67873eff-e44a-4d49-9a27-1c875adad7d5
72357,20552,74194,25039,0,NULL,0.00,NULL,NULL,NULL,09c0a5f4-6c79-429d-85a0-a18d0f81bff6
72358,20552,74195,25039,0,NULL,0.00,NULL,NULL,NULL,c3304138-7ae9-4104-842d-1ead5f58e4e9
72359,20558,74196,25043,0,NULL,0.00,NULL,NULL,NULL,8d86eacf-9a82-43dd-9434-4fb755d812b5
72360,20558,74198,25043,0,NULL,0.00,NULL,NULL,NULL,8ddec9aa-84dd-49b8-bc0e-bb56c699790b
72361,20558,74199,25043,0,NULL,0.00,NULL,NULL,NULL,e42d8dc5-384e-4811-8b19-91c42ce3fe6b
72362,20561,74201,25044,0,NULL,1.00,NULL,NULL,NULL,c23c0dc5-a399-465e-be01-24e3b17574ed
72363,20558,74205,25043,0,NULL,0.00,NULL,NULL,NULL,8d4480b8-b51b-4cdd-8a59-33b3a43e2b58
72364,20558,74200,25043,0,NULL,0.00,NULL,NULL,NULL,f03554b7-d7f1-4961-8de6-22cadcb54783
72365,20552,74197,25039,0,NULL,0.00,NULL,NULL,NULL,06ff4bf1-4d02-4863-ab1e-9840724265aa
72366,20561,74203,25044,0,NULL,1.00,NULL,NULL,NULL,fde58594-f470-42ef-a419-7e3b0b512bec
72367,20561,74202,25044,0,NULL,0.00,NULL,NULL,NULL,74dae125-f9d2-4a42-bd5d-5becbed78e76
72368,20561,74208,25044,0,NULL,0.00,NULL,NULL,NULL,ee6d11e0-a399-498d-a2d0-2ed3b598fe39
72369,20553,74207,25034,0,NULL,0.00,NULL,NULL,NULL,dba6e46f-2412-4cd0-9779-cc6237adb5a9
72370,20553,74206,25034,0,NULL,0.00,NULL,NULL,NULL,2a5b2075-4e9e-4a81-8dae-01bd1ad48688
72371,20561,74204,25044,0,NULL,0.00,NULL,NULL,NULL,a88d8dd5-af35-4437-972f-61d38bd9d008
72372,20553,74215,25034,0,NULL,0.00,NULL,NULL,NULL,768e020e-916e-4b8d-89ee-60c23763646f
72373,20555,74211,25042,0,NULL,60.00,NULL,NULL,NULL,4f330b05-b15c-4e93-b1a1-20386b4c50f8
72374,20553,74209,25034,0,NULL,0.00,NULL,NULL,NULL,71ec1a46-6f14-483b-9844-262ef3968bed
72375,20554,74210,25042,0,NULL,25600.00,NULL,NULL,NULL,6ec5e5ae-e7be-42ce-8ace-6f6c493152b4
72376,20555,74212,25042,0,NULL,15.00,NULL,NULL,NULL,c0595152-0062-42f7-827c-9c301cb55aa9
72377,20555,74214,25042,0,NULL,0.00,NULL,NULL,NULL,20593273-47f6-4ba3-a27c-6ac6640f1e14
72378,20555,74213,25042,0,NULL,0.00,NULL,NULL,NULL,dd237f02-2399-423c-8c99-c294c3cb2b2a
72379,20557,74220,25040,0,NULL,0.00,NULL,NULL,NULL,ae8a693d-c487-49fd-95dc-321fc94af7fe
72380,20557,74216,25040,0,NULL,5.00,NULL,NULL,NULL,57426c4a-9519-451f-90a4-b5961d81d3a2
72381,20557,74219,25040,0,NULL,0.00,NULL,NULL,NULL,d8f4af70-5250-4dc9-ab54-852743b30bd2
72382,20556,74222,25047,0,NULL,0.00,NULL,NULL,NULL,0e9f488e-1650-4f22-80b4-1abb86b7d3da
72383,20557,74217,25040,0,NULL,0.00,NULL,NULL,NULL,1f7bf8dc-9cf2-45f7-9c62-a277fff7cd59
72384,20557,74221,25040,0,NULL,0.00,NULL,NULL,NULL,ecebbe68-ba67-42c8-8e80-765594a784c7
72385,20556,74223,25047,0,NULL,1.00,NULL,NULL,NULL,01e2c68b-30a1-4737-aaae-d6258c3aa83e
72386,20555,74218,25042,0,NULL,0.00,NULL,NULL,NULL,b9a5b166-bbc8-4bfd-9b81-eba14c27c83b
72387,20556,74225,25047,0,NULL,0.00,NULL,NULL,NULL,10f48c23-ab67-4f12-93e3-567cdf2dec19
72388,20556,74229,25047,0,NULL,0.00,NULL,NULL,NULL,a664379a-2235-43c6-b6bb-bba5f7a220d7
72389,20556,74224,25047,0,NULL,0.00,NULL,NULL,NULL,fd8cf816-318e-460d-a882-8a45e95eb77e
72390,20560,74227,25031,0,NULL,0.00,NULL,NULL,NULL,a946abda-d8e7-411c-818f-72dad19bec23
72391,20560,74230,25031,0,NULL,0.00,NULL,NULL,NULL,89aad3d7-2c65-4514-b3d6-51206975f8a4
72392,20560,74228,25031,0,NULL,0.00,NULL,NULL,NULL,c4273bec-6cb8-4306-bcb6-0b4edad7aba5
72393,20563,74231,25038,0,NULL,0.00,NULL,NULL,NULL,97b0dd0c-a6a4-4857-a8fe-4fefdcc1b263
72394,20563,74233,25038,0,NULL,0.00,NULL,NULL,NULL,f81ea19d-543e-4eae-ac9a-6df630f6c004
72395,20563,74235,25038,0,NULL,0.00,NULL,NULL,NULL,75fc6937-c76e-42f2-8bc1-6b691afb2505
72396,20563,74232,25038,0,NULL,0.00,NULL,NULL,NULL,152fd0c8-9268-4173-8b8d-37d326fe75f7
72397,20564,74236,25045,0,NULL,0.00,NULL,NULL,NULL,85be5f8d-6946-4e05-9cd6-ba7ae3b0d58b
72398,20564,74238,25045,0,NULL,0.00,NULL,NULL,NULL,9690163e-18ed-4a22-95d9-e28dc032a1fc
72399,20564,74239,25045,0,NULL,0.00,NULL,NULL,NULL,35845a1a-c354-4e0f-a863-dfbef0642f4c
72400,20560,74226,25031,0,NULL,0.00,NULL,NULL,NULL,2f81262d-ea79-44fd-a2c2-7ed7fd9b91db
72401,20564,74237,25045,0,NULL,0.00,NULL,NULL,NULL,3000398e-f4d8-4b52-bf77-8f7c3ef8a335
72402,20562,74240,25035,0,NULL,0.00,NULL,NULL,NULL,efc2daf8-fbf9-43b3-b8ca-e38e69d1754d
72403,20562,74243,25035,0,NULL,0.00,NULL,NULL,NULL,f9b01eaa-323a-48c7-9ed3-78d785cc4e52
72404,20563,74234,25038,0,NULL,0.00,NULL,NULL,NULL,8e1141f9-9e45-4200-9f2b-9e386bc8634a
72405,20562,74241,25035,0,NULL,0.00,NULL,NULL,NULL,7ba4b0ac-f691-4351-ae30-3785c512bd44
72406,20562,74244,25035,0,NULL,0.00,NULL,NULL,NULL,46071e23-2238-46db-9379-1f60740c1f84
72407,20571,74246,25048,0,NULL,0.00,NULL,NULL,NULL,e91c9ad8-1b09-40f0-a75c-3fb7652a480a
72408,20571,74245,25048,0,NULL,0.00,NULL,NULL,NULL,c7c35b25-10c4-44f9-a4c1-d221e8560b8e
72409,20562,74242,25035,0,NULL,0.00,NULL,NULL,NULL,f597eff8-a9be-4508-895a-01678ecf018e
72410,20571,74256,25048,0,NULL,0.00,NULL,NULL,NULL,54e474d3-4065-4c86-9259-50b46740c2af
72411,20571,74247,25048,0,NULL,0.00,NULL,NULL,NULL,2c91a944-2adb-498e-9114-af1093e19156
72412,20566,74248,25032,0,NULL,0.00,NULL,NULL,NULL,46073a29-e210-4ede-aa12-ee9b71814466
72413,20566,74250,25032,0,NULL,0.00,NULL,NULL,NULL,0b7df5ac-a3db-4e79-b535-4e69a2585eb3
72414,20566,74249,25032,0,NULL,0.00,NULL,NULL,NULL,35ac3948-dc2b-4d5c-b214-864e3056e68b
72415,20567,74254,25037,0,NULL,0.00,NULL,NULL,NULL,44625205-2298-4367-9422-d1481168b2e9
72416,20566,74251,25032,0,NULL,0.00,NULL,NULL,NULL,1639de7e-87ad-4d53-bb1d-a57ca51cb5d9
72417,20567,74255,25037,0,NULL,0.00,NULL,NULL,NULL,f3f69b1c-00da-4413-82e4-b081673da12d
72418,20566,74253,25032,0,NULL,0.00,NULL,NULL,NULL,648d5226-610e-42e7-90e5-1f9627d240fc
72419,20567,74252,25037,0,NULL,0.00,NULL,NULL,NULL,376e72b6-59ab-4ffa-ad43-e780d9b7999e
72420,20567,74258,25037,0,NULL,0.00,NULL,NULL,NULL,401f85dc-680c-4f95-a8a1-b7678a048ce0
72421,20565,74257,25046,0,NULL,0.00,NULL,NULL,NULL,96023bd5-ce92-442b-8f39-8c8808111c25
72422,20565,74259,25046,0,NULL,0.00,NULL,NULL,NULL,9ab915a3-b474-487e-a44f-eb021328e8e9
72423,20565,74260,25046,0,NULL,0.00,NULL,NULL,NULL,8c285087-9118-43df-9f4a-c22dd9a8d286
72424,20565,74262,25046,0,NULL,0.00,NULL,NULL,NULL,c6181bf3-b9b2-41f0-8874-16fefe7bcf03
72425,20565,74261,25046,0,NULL,0.00,NULL,NULL,NULL,cf9d4fbf-b524-44d7-b1b1-640733d59045
72426,20570,74264,25049,0,NULL,1.00,NULL,NULL,NULL,86fdae82-300e-4611-8408-5a969e163688
72427,20570,74263,25049,0,NULL,2.00,NULL,NULL,NULL,f3b322b6-54bc-41f1-9b6f-9916f7b75e6f
72428,20570,74265,25049,0,NULL,0.00,NULL,NULL,NULL,60bbab3d-5be4-4b4a-a3b5-e3004d3ac012
72429,20570,74266,25049,0,NULL,0.00,NULL,NULL,NULL,7bcf33bf-0d26-4967-b73a-59869a6333ff
72430,20569,74267,25051,0,NULL,0.00,NULL,NULL,NULL,9e6d071d-2f27-4e06-b750-7cb4c04bef02
72431,20569,74270,25051,0,NULL,0.00,NULL,NULL,NULL,243a74d5-2277-496c-889b-bc229519426b
72432,20569,74269,25051,0,NULL,0.00,NULL,NULL,NULL,c9c4dfb9-4da1-49e3-a441-bb4c5417385d
72433,20568,74272,25052,0,NULL,0.00,NULL,NULL,NULL,ef3d5289-8fea-42b1-bb42-bac18422b9cf
72434,20568,74271,25052,0,NULL,0.00,NULL,NULL,NULL,9ce35a31-663f-49db-8c9b-f39331638133
72435,20568,74275,25052,0,NULL,0.00,NULL,NULL,NULL,d29796c2-ce51-4d37-a7af-2befb88ddcb3
72436,20568,74273,25052,0,NULL,0.00,NULL,NULL,NULL,b4b21d57-1a08-419c-a842-a190d1c28d0b
72437,20569,74268,25051,0,NULL,1.00,NULL,NULL,NULL,42ef8d39-f9c5-443c-a0c1-619f21f9f906
72438,20568,74274,25052,0,NULL,0.00,NULL,NULL,NULL,53c64f09-1324-4f6a-86d4-8ba305be8240
72439,20572,74277,25057,0,NULL,0.00,NULL,NULL,NULL,4319c32f-8627-4852-8025-f00ce2622a52
72440,20572,74279,25057,0,NULL,0.00,NULL,NULL,NULL,237cf68f-68e0-4630-8dca-0af018f02057
72441,20575,74280,25054,0,NULL,0.00,NULL,NULL,NULL,e5dc2d18-54e3-4366-853b-a63f4174a1ee
72442,20575,74281,25054,0,NULL,0.00,NULL,NULL,NULL,9c729562-0f9f-4118-9b41-16724cd37e75
72443,20572,74276,25057,0,NULL,0.00,NULL,NULL,NULL,ce47ef8a-aa44-4f8b-ac74-2b744546c400
72444,20575,74278,25054,0,NULL,0.00,NULL,NULL,NULL,96b2ce01-2bb1-4f83-8866-dbd136832b84
72445,20572,74285,25057,0,NULL,0.00,NULL,NULL,NULL,ed05e00a-8813-48b3-a475-e86c9baa1fdc
72446,20575,74282,25054,0,NULL,0.00,NULL,NULL,NULL,e71d8b08-35fc-45d5-a11f-f716b4ccdc2c
72447,20574,74283,25050,0,NULL,0.00,NULL,NULL,NULL,89566369-5af8-4468-8bd0-bced12fd0e57
72448,20573,74284,25060,0,NULL,0.00,NULL,NULL,NULL,4279c481-c239-460a-89b9-ec5710f18929
72449,20573,74286,25060,0,NULL,0.00,NULL,NULL,NULL,2ae2f634-fa67-4d0e-aec7-a73615168bd4
72450,20573,74287,25060,0,NULL,0.00,NULL,NULL,NULL,03b8668b-2928-43de-ad94-a532f0f99754
72451,20573,74290,25060,0,NULL,0.00,NULL,NULL,NULL,6029fe24-c233-4925-9eeb-354e3fc8fc55
72452,20576,74291,25055,0,NULL,0.00,NULL,NULL,NULL,29b543dd-40aa-40c9-9e0a-80a34b403816
72453,20576,74293,25055,0,NULL,0.00,NULL,NULL,NULL,427fba0a-848b-4656-a460-92323c386cde
72454,20576,74289,25055,0,NULL,0.00,NULL,NULL,NULL,40ac3918-b12c-4bb0-91f9-24e09e29118c
72455,20577,74292,25053,0,NULL,0.00,NULL,NULL,NULL,2f6794cd-801f-45e2-a03d-699c037f4b7a
72456,20577,74294,25053,0,NULL,1.00,NULL,NULL,NULL,eb6f4904-0d09-474d-b731-44d8d0fdfecc
72457,20577,74299,25053,0,NULL,0.00,NULL,NULL,NULL,c328bbcb-ce52-4c7e-b5d0-60681f26cc83
72458,20573,74288,25060,0,NULL,0.00,NULL,NULL,NULL,b72d9528-2cc5-4f0d-9e63-4db60bf7a326
72459,20577,74296,25053,0,NULL,0.00,NULL,NULL,NULL,2fcc2e82-a0e1-433f-8853-8c8632b061d7
72460,20577,74295,25053,0,NULL,0.00,NULL,NULL,NULL,1aa96f81-baca-450b-9080-2dee2119c496
72461,20579,74298,25061,0,NULL,0.00,NULL,NULL,NULL,3c201fe3-e3fb-43c2-b8b5-3a2204d2b92e
72462,20579,74297,25061,0,NULL,0.00,NULL,NULL,NULL,8dfdc94b-345f-4ad8-a9e6-2be741a9a03e
72463,20579,74301,25061,0,NULL,0.00,NULL,NULL,NULL,0250c7c5-74ad-4f22-8c1e-9aff39cee115
72464,20579,74300,25061,0,NULL,0.00,NULL,NULL,NULL,aeaed413-f598-4071-b3a1-b2d20e41d680
72465,20579,74307,25061,0,NULL,0.00,NULL,NULL,NULL,68b1a943-a540-4b0c-8157-f538c895e92c
72466,20580,74302,25063,0,NULL,0.00,NULL,NULL,NULL,97a724bd-cfad-4aea-91e3-67b03b68eef4
72467,20580,74304,25063,0,NULL,0.00,NULL,NULL,NULL,cb616eb9-0792-48c5-a2e3-90059bc5682c
72468,20580,74305,25063,0,NULL,0.00,NULL,NULL,NULL,f9d4f1a2-8ee1-46a7-b2bf-c13e9b8ceaf9
72469,20580,74303,25063,0,NULL,0.00,NULL,NULL,NULL,50649d2f-e848-416f-84ba-5a7e16ee360c
72470,20580,74306,25063,0,NULL,0.00,NULL,NULL,NULL,24376f34-2cbc-41c3-9523-33ac46fbf071
72471,20578,74308,25056,0,NULL,0.00,NULL,NULL,NULL,5dab4741-c78d-49df-83d7-e84e7fdf68b6
72472,20578,74311,25056,0,NULL,0.00,NULL,NULL,NULL,3f6efcaa-a75c-4c16-992d-fda7e186e624
72473,20578,74310,25056,0,NULL,0.00,NULL,NULL,NULL,bd72f472-4148-4099-a430-ad292a878128
72474,20582,74313,25059,0,NULL,0.00,NULL,NULL,NULL,8c36fe86-3484-43c6-92cc-c886b5c87ff2
72475,20582,74322,25059,0,NULL,0.00,NULL,NULL,NULL,1a47f11b-8aef-41ed-b8bf-55622128c498
72476,20582,74312,25059,0,NULL,0.00,NULL,NULL,NULL,f433a2dc-7662-4b78-bcb0-e68d5e476c98
72477,20578,74309,25056,0,NULL,0.00,NULL,NULL,NULL,78f708b1-cd2a-49c9-bef3-d4d28bd0cf05
72478,20581,74315,25069,0,NULL,0.00,NULL,NULL,NULL,84ed0998-b8f3-4169-b0cd-586b846d928d
72479,20582,74318,25059,0,NULL,0.00,NULL,NULL,NULL,94a24150-8267-4b40-b555-19105e590119
72480,20581,74316,25069,0,NULL,0.00,NULL,NULL,NULL,084ae992-af87-424e-97f5-536bafa912b3
72481,20581,74317,25069,0,NULL,0.00,NULL,NULL,NULL,ffda88a7-392a-4bd2-ab24-0fbf3a804d2d
72482,20582,74314,25059,0,NULL,0.00,NULL,NULL,NULL,b6def7d1-2894-4df5-ada0-221c00d7f924
72483,20581,74321,25069,0,NULL,0.00,NULL,NULL,NULL,65fc41d9-7f86-41d5-ae48-80d22563cd7c
72484,20581,74320,25069,0,NULL,0.00,NULL,NULL,NULL,7315fec8-fa6b-4c00-b9d4-a729f8042733
72485,20584,74324,25068,0,NULL,0.00,NULL,NULL,NULL,502e8aa3-874b-4892-8ce7-907cc476f106
72486,20584,74323,25068,0,NULL,0.00,NULL,NULL,NULL,45255dcf-92af-4201-8344-c9c621d8139a
72487,20584,74325,25068,0,NULL,0.00,NULL,NULL,NULL,82c8ba5f-c63a-4329-800f-e05c8d325462
72488,20583,74327,25062,0,NULL,0.00,NULL,NULL,NULL,6e0557a8-ea11-4c4e-9c49-ffca486adf73
72489,20583,74328,25062,0,NULL,0.00,NULL,NULL,NULL,8d1e234f-9d61-44c3-b2ce-3bbea97b8d6c
72490,20584,74319,25068,0,NULL,0.00,NULL,NULL,NULL,a54a246d-96d1-489b-bf71-5be618341d07
72491,20583,74335,25062,0,NULL,0.00,NULL,NULL,NULL,72f3b8a5-2d86-49bc-af84-449b0e72329d
72492,20587,74329,25058,0,NULL,0.00,NULL,NULL,NULL,a6bc06be-a1b0-4a67-883f-853fb0ce73f4
72493,20587,74332,25058,0,NULL,0.00,NULL,NULL,NULL,5634a706-5baa-43ad-8e6a-84c48cb584c1
72494,20587,74331,25058,0,NULL,0.00,NULL,NULL,NULL,345974b1-c306-479e-b6d8-3938a2576f43
72495,20583,74330,25062,0,NULL,0.00,NULL,NULL,NULL,97140a39-467a-4cfd-9378-f9f8930e9275
72496,20583,74326,25062,0,NULL,0.00,NULL,NULL,NULL,03bad608-071b-4164-82e9-e539d716ce01
72497,20587,74334,25058,0,NULL,0.00,NULL,NULL,NULL,134f4e3b-a094-4823-94f5-b4641b52c884
72498,20587,74333,25058,0,NULL,0.00,NULL,NULL,NULL,954b0fcf-0e97-44d5-84dd-078ca62d75e8
72499,20585,74338,25065,0,NULL,0.00,NULL,NULL,NULL,4cdb0bed-5c73-4632-9779-c9ec456d595b
72500,20585,74337,25065,0,NULL,0.00,NULL,NULL,NULL,a7506a69-6058-4e2d-afac-afcad128508f
72501,20585,74340,25065,0,NULL,0.00,NULL,NULL,NULL,9b66803a-659f-40e5-a2d1-4db3b91a62e2
72502,20585,74336,25065,0,NULL,0.00,NULL,NULL,NULL,604f1cf4-5563-4ace-b2ee-1743bea5de93
72503,20588,74341,25067,0,NULL,1.00,NULL,NULL,NULL,77761088-c952-4da4-9906-94be7b43eb2f
72504,20585,74339,25065,0,NULL,0.00,NULL,NULL,NULL,7235c0af-cbda-4468-bb06-4a3e98d46c65
72505,20588,74343,25067,0,NULL,0.00,NULL,NULL,NULL,b9c54b93-8325-4b41-8c00-551693e8986d
72506,20586,74353,25064,0,NULL,0.00,NULL,NULL,NULL,5f4c719e-14a0-49fd-8f49-c536ea52359a
72507,20588,74346,25067,0,NULL,0.00,NULL,NULL,NULL,b2dcde81-dfaf-480f-920f-308039fda6e5
72508,20586,74356,25064,0,NULL,0.00,NULL,NULL,NULL,4c1aefb0-cb96-4bd2-b9ec-b4a3018aea1c
72509,20588,74345,25067,0,NULL,0.00,NULL,NULL,NULL,6795aa3c-0878-412c-8866-2350046a77bc
72510,20588,74342,25067,0,NULL,1.00,NULL,NULL,NULL,fa88738b-6095-4f26-9e2f-e7ed4faf69f7
72511,20586,74344,25064,0,NULL,2.00,NULL,NULL,NULL,2b28526d-f635-4c3d-952b-bd339a3a2722
72512,20586,74351,25064,0,NULL,0.00,NULL,NULL,NULL,6df326aa-799a-442f-aec6-2f6dccc228f1
72513,20590,74349,25070,0,NULL,0.00,NULL,NULL,NULL,4c0dcc49-8ea2-4bfa-9406-a1b0c0d23791
72514,20590,74352,25070,0,NULL,0.00,NULL,NULL,NULL,dcb05c3f-ae05-4945-973b-718f3c0309bd
72515,20590,74347,25070,0,NULL,0.00,NULL,NULL,NULL,28bb932e-39a3-48d3-bbde-4918d1eefcde
72516,20586,74348,25064,0,NULL,0.00,NULL,NULL,NULL,c2f9224e-fbfc-4eba-b4ea-e2184a44ab48
72517,20591,74355,25072,0,NULL,0.00,NULL,NULL,NULL,4e6debb0-cf65-46db-8653-e3ec38125578
72518,20590,74354,25070,0,NULL,0.00,NULL,NULL,NULL,e6b10482-b53b-4210-8946-25c21f7bf639
72519,20591,74357,25072,0,NULL,0.00,NULL,NULL,NULL,4c24a9ac-8898-43b5-a287-9f781cd303be
72520,20591,74358,25072,0,NULL,0.00,NULL,NULL,NULL,a78ee581-6e20-4950-a92e-ac3020a5cff6
72521,20590,74350,25070,0,NULL,0.00,NULL,NULL,NULL,ed42d3a1-676a-433d-ba33-924443429c89
72522,20589,74359,25073,0,NULL,0.00,NULL,NULL,NULL,b160971d-3c3f-4949-8b4e-cfa23c382b29
72523,20591,74361,25072,0,NULL,0.00,NULL,NULL,NULL,c119c629-5e1a-4288-a71e-2ad6406a3b1a
72524,20591,74360,25072,0,NULL,0.00,NULL,NULL,NULL,1c9da116-3d35-4d8f-aebf-430a161df431
72525,20589,74362,25073,0,NULL,0.00,NULL,NULL,NULL,44b91761-9418-43d0-8f34-100296b2e467
72526,20589,74364,25073,0,NULL,0.00,NULL,NULL,NULL,31a7f93a-b812-4ed8-804c-f739821998c8
72527,20589,74363,25073,0,NULL,0.00,NULL,NULL,NULL,4e035683-4daf-44eb-a42b-0326eb15a531
72528,20589,74366,25073,0,NULL,0.00,NULL,NULL,NULL,2c66e0a5-0a09-4364-8850-94c8ceddd842
72529,20593,74365,25066,0,NULL,0.00,NULL,NULL,NULL,a381f98d-60a9-4cac-962f-3edd8103d574
72530,20593,74367,25066,0,NULL,0.00,NULL,NULL,NULL,1bbb135d-a82f-41bb-8949-26204a9e5ec4
72531,20593,74370,25066,0,NULL,0.00,NULL,NULL,NULL,d6635f5a-600a-494f-b337-783d4cbbdf95
72532,20593,74368,25066,0,NULL,0.00,NULL,NULL,NULL,c8181262-b086-4145-b017-ce1ded60d86b
72533,20592,74371,25071,0,NULL,10.00,NULL,NULL,NULL,bf1eb2ca-0573-469e-ae18-51a97b36cc33
72534,20592,74369,25071,0,NULL,30.00,NULL,NULL,NULL,b325c2e4-3092-4974-b5c7-1c576b2be4a8
72535,20595,74372,25071,0,NULL,20000.00,NULL,NULL,NULL,d4d282d5-8221-4e6a-96ce-cba01c08711d
72536,20592,74373,25071,0,NULL,1.00,NULL,NULL,NULL,005a2ff8-85c5-431a-a98a-d327fd586a21
72537,20592,74374,25071,0,NULL,0.00,NULL,NULL,NULL,c19bf1d1-807d-4bc7-9305-99416b7382b0
72538,20592,74393,25071,0,NULL,0.00,NULL,NULL,NULL,6e7c2939-a526-4093-abb3-fcbb5bb3f54f
72539,20594,74376,25074,0,NULL,0.00,NULL,NULL,NULL,f7ce956e-e789-4304-a91b-719ea93e2c27
72540,20594,74377,25074,0,NULL,0.00,NULL,NULL,NULL,7868d241-ca58-4218-81b1-e4f75c9fd8d3
72541,20594,74375,25074,0,NULL,0.00,NULL,NULL,NULL,e9aebf3b-2406-46b3-85be-388560f49040
72542,20594,74381,25074,0,NULL,0.00,NULL,NULL,NULL,b6364caa-b558-4b7e-81ae-1ea067458799
72543,20594,74378,25074,0,NULL,0.00,NULL,NULL,NULL,4f98f824-9820-49c1-a001-5447d5e519aa
72544,20601,74379,25076,0,NULL,0.00,NULL,NULL,NULL,ac804c0d-e390-428a-979b-11f0c987e872
72545,20601,74380,25076,0,NULL,0.00,NULL,NULL,NULL,5bf7337b-80c1-4c3a-8d04-ec6912e7006c
72546,20601,74385,25076,0,NULL,0.00,NULL,NULL,NULL,6bd8e195-ec6d-46bf-81d4-e3eab857ee0e
72547,20601,74383,25076,0,NULL,0.00,NULL,NULL,NULL,a1894db4-d723-4c4c-8ede-e7fdee667236
72548,20596,74382,25078,0,NULL,1.00,NULL,NULL,NULL,4cb98c1b-22ce-4cb7-b105-54e09ba03e69
72549,20596,74384,25078,0,NULL,0.00,NULL,NULL,NULL,44932fda-dcfd-4da0-b5b3-9a6c3d3cac28
72550,20596,74389,25078,0,NULL,2.00,NULL,NULL,NULL,337934f7-0e2c-44ab-9e91-393fc2b030f1
72551,20596,74386,25078,0,NULL,0.00,NULL,NULL,NULL,30f2d55f-ed9b-45ce-9f5e-7b5324595e95
72552,20597,74388,25077,0,NULL,0.00,NULL,NULL,NULL,df1eaf84-34e6-4d41-b416-430db07be5cb
72553,20597,74392,25077,0,NULL,0.00,NULL,NULL,NULL,8f4ce859-814e-4f2e-9f5c-9ebb72b572f0
72554,20596,74387,25078,0,NULL,0.00,NULL,NULL,NULL,305f8b8d-8635-4387-b936-7994c2d5f3e6
72555,20597,74396,25077,0,NULL,0.00,NULL,NULL,NULL,e2e0c379-35ad-49d0-9360-7fa1419ffe50
72556,20597,74391,25077,0,NULL,0.00,NULL,NULL,NULL,8d410fd1-7c6c-4d24-9cdd-9bc9fcda8683
72557,20597,74390,25077,0,NULL,0.00,NULL,NULL,NULL,c4169947-259a-495d-8025-94fefb89ec38
72558,20599,74394,25079,0,NULL,3.00,NULL,NULL,NULL,7766295b-6784-4148-aa8b-616ac55405e0
72559,20599,74397,25079,0,NULL,0.00,NULL,NULL,NULL,e228ff10-8340-41e9-9279-edc67c2d4f0d
72560,20599,74395,25079,0,NULL,0.00,NULL,NULL,NULL,9134aeb8-c7ae-4c83-a93f-7da0edb1efd7
72561,20599,74401,25079,0,NULL,0.00,NULL,NULL,NULL,3ccf328f-cc64-46a2-bef3-8d4775c12619
72562,20599,74398,25079,0,NULL,0.00,NULL,NULL,NULL,7bfae636-463b-4d84-b5c4-43c9317f912f
72563,20598,74400,25080,0,NULL,0.00,NULL,NULL,NULL,4ed9133a-c99f-4338-9acd-4a5d5b4d11d5
72564,20598,74406,25080,0,NULL,0.00,NULL,NULL,NULL,b4145ed6-c00c-4f3c-9321-05c0b5b150fc
72565,20598,74402,25080,0,NULL,0.00,NULL,NULL,NULL,a35c20ec-ab3a-4dfb-bea1-f7c3dfd79b64
72566,20598,74399,25080,0,NULL,0.00,NULL,NULL,NULL,fe810415-45ba-4aa8-b255-3bcb3b2ee848
72567,20598,74405,25080,0,NULL,0.00,NULL,NULL,NULL,b25a6c92-8a96-425f-92b8-f3767d308d60
72568,20600,74404,25081,0,NULL,0.00,NULL,NULL,NULL,7560d0be-5f02-47f7-86bc-b650686267a8
72569,20600,74410,25081,0,NULL,0.00,NULL,NULL,NULL,a8bd9a2e-66bf-46de-b0b4-e95582980dd9
72570,20600,74403,25081,0,NULL,0.00,NULL,NULL,NULL,41b8872a-9514-446a-964a-be5c209efe28
72571,20600,74408,25081,0,NULL,0.00,NULL,NULL,NULL,b91b9815-2474-4594-aa81-473cb9222ff6
72573,20602,74412,25082,0,NULL,0.00,NULL,NULL,NULL,e44e87df-c057-4bae-81be-5cb2e2c463da
72574,20602,74411,25082,0,NULL,0.00,NULL,NULL,NULL,13452bc0-1aa3-46d6-b01a-6781c9e02d12
72575,20602,74407,25082,0,NULL,0.00,NULL,NULL,NULL,da893da5-bff2-4110-853c-1c1b081b0e1f
72576,20602,74413,25082,0,NULL,0.00,NULL,NULL,NULL,e79d1aa2-6901-4895-b49d-22d3503efc52
72577,20604,74414,25085,0,NULL,0.00,NULL,NULL,NULL,cb787fbb-8ce2-4843-905e-34dba6142d52
72578,20604,74416,25085,0,NULL,0.00,NULL,NULL,NULL,27bb3ab1-4fc6-4d6d-a1c0-fb68b5679360
72579,20604,74417,25085,0,NULL,0.00,NULL,NULL,NULL,e9109b56-df26-4302-ab79-a70c1b3e8dce
72580,20604,74418,25085,0,NULL,0.00,NULL,NULL,NULL,1b52b440-5356-4021-ade6-033088fcc083
72581,20603,74419,25086,0,NULL,4.00,NULL,NULL,NULL,c79febf3-feed-44c3-8f9e-c5863dd72ae0
72582,20603,74421,25086,0,NULL,0.00,NULL,NULL,NULL,472e3847-5172-4e07-8099-f4433126b827
72583,20603,74422,25086,0,NULL,0.00,NULL,NULL,NULL,96c84e32-9425-4692-937a-9516e6dd1229
72584,20603,74420,25086,0,NULL,0.00,NULL,NULL,NULL,e8d16452-3844-42bf-9aa0-bdb849f597c6
72585,20604,74415,25085,0,NULL,0.00,NULL,NULL,NULL,6a3f1d17-5435-482f-a274-2c67685ba7c0
72586,20608,74423,25084,0,NULL,0.00,NULL,NULL,NULL,3a8a5352-89ef-433a-bf88-e3f486a8b8eb
72587,20606,74424,25087,0,NULL,13440.00,NULL,NULL,NULL,c6fc9050-14d7-49c4-9a83-c27225b3fa13
72588,20605,74425,25087,0,NULL,10.00,NULL,NULL,NULL,2832c6fd-51c6-46fa-8cda-b9df71b26a08
72589,20605,74426,25087,0,NULL,0.00,NULL,NULL,NULL,17947b11-85e5-416d-b345-29b0e31b316c
72590,20605,74427,25087,0,NULL,40.00,NULL,NULL,NULL,bd41a0c0-2a2e-4c86-8145-10062c8d02a5
72591,20605,74428,25087,0,NULL,0.00,NULL,NULL,NULL,9894bc8c-4a67-4b3a-ba79-c1b07f6c8bf5
72592,20605,74429,25087,0,NULL,0.00,NULL,NULL,NULL,43c98545-3caa-4f89-8ddc-eafb3680165f
72593,20609,74431,25095,0,NULL,0.00,NULL,NULL,NULL,b02eecd3-0e6c-4060-8763-2f7c3752ce97
72594,20609,74430,25095,0,NULL,0.00,NULL,NULL,NULL,6d0f4e59-693a-4119-b95a-a0575e360df3
72595,20609,74433,25095,0,NULL,0.00,NULL,NULL,NULL,ec649bdc-1fd0-4e87-a8b7-7a17ba1a47a2
72596,20607,74441,25097,0,NULL,1.00,NULL,NULL,NULL,bca39a93-a13d-4972-8c89-0c4661432ecc
72597,20609,74434,25095,0,NULL,0.00,NULL,NULL,NULL,47a4abd1-1f62-4606-9853-1404dbfa22e5
72598,20607,74435,25097,0,NULL,0.00,NULL,NULL,NULL,17e23fa6-24fc-4944-8e1b-580b2505f202
72599,20609,74432,25095,0,NULL,0.00,NULL,NULL,NULL,6a287201-d79d-491c-ac2d-d4d0c8a71999
72600,20607,74436,25097,0,NULL,0.00,NULL,NULL,NULL,40dccf41-a290-42f2-9288-5fb2efaf0a0d
72601,20611,74440,25096,0,NULL,0.00,NULL,NULL,NULL,e21d2728-cf8a-4a2e-9884-3dd411befc9d
72602,20607,74443,25097,0,NULL,0.00,NULL,NULL,NULL,44444ec3-67a3-4427-861c-367bfd027338
72603,20611,74442,25096,0,NULL,0.00,NULL,NULL,NULL,9db629ac-9d93-45ab-a7f8-cc3078fdf4d0
72604,20607,74439,25097,0,NULL,2.00,NULL,NULL,NULL,288d7690-b37e-4b31-bfee-b6c65097e22a
72605,20611,74437,25096,0,NULL,0.00,NULL,NULL,NULL,de0f0d14-5a41-4853-92a4-6be1d481ffc1
72606,20611,74438,25096,0,NULL,0.00,NULL,NULL,NULL,6b262644-4523-44ad-b21f-3a8216b9d43c
72607,20610,74444,25083,0,NULL,0.00,NULL,NULL,NULL,d1807a22-5afb-4663-a2ef-a55e5c13c108
72608,20610,74445,25083,0,NULL,2.00,NULL,NULL,NULL,00ffa543-a52d-4934-8415-233e69bf27b8
72609,20610,74449,25083,0,NULL,0.00,NULL,NULL,NULL,36e8aede-7bcc-48dd-b806-656b1134e7c1
72610,20612,74448,25099,0,NULL,0.00,NULL,NULL,NULL,7b4f3b5f-fc3f-4106-b97a-e9db6baea9c0
72611,20612,74447,25099,0,NULL,0.00,NULL,NULL,NULL,618f00f8-2dd9-4261-844d-6424d7133cfc
72612,20612,74451,25099,0,NULL,0.00,NULL,NULL,NULL,b18b2d30-9909-4bd5-969d-c3290421c330
72613,20612,74453,25099,0,NULL,0.00,NULL,NULL,NULL,a59f4627-545c-4e52-9f92-55e529f8b9f1
72614,20613,74454,25091,0,NULL,1.00,NULL,NULL,NULL,cf4dba45-92b6-4d37-a0f1-eb60f7286b47
72615,20612,74450,25099,0,NULL,0.00,NULL,NULL,NULL,24f2dc9f-09ae-45a0-9265-fbee2e69a9fa
72616,20613,74452,25091,0,NULL,0.00,NULL,NULL,NULL,88f4d5f3-b1fc-442b-b682-a14ea0d58a80
72617,20613,74455,25091,0,NULL,0.00,NULL,NULL,NULL,3ba90350-76af-44e6-9beb-27e21b2cb095
72618,20610,74446,25083,0,NULL,0.00,NULL,NULL,NULL,26c9cfef-1872-48d9-aeb4-9b6101ed03e1
72619,20613,74456,25091,0,NULL,0.00,NULL,NULL,NULL,f03375a8-61e8-4a69-876d-0822bcddb7d4
72620,20615,74458,25088,0,NULL,0.00,NULL,NULL,NULL,65863db5-b418-4a39-a1c4-7432945aa831
72621,20615,74459,25088,0,NULL,0.00,NULL,NULL,NULL,73189eb0-8d63-44c7-8bd3-42a8bd5e3f7e
72622,20615,74463,25088,0,NULL,0.00,NULL,NULL,NULL,97ac2b14-322c-4766-959d-d812425b2b95
72623,20615,74462,25088,0,NULL,0.00,NULL,NULL,NULL,37c7398d-f968-4a64-8280-724233050d0b
72624,20615,74457,25088,0,NULL,0.00,NULL,NULL,NULL,04da8b86-2eb6-4417-b52a-997819a258cd
72625,20614,74464,25089,0,NULL,0.00,NULL,NULL,NULL,af373052-80cf-483f-918e-122aa3f9be78
72626,20614,74461,25089,0,NULL,0.00,NULL,NULL,NULL,14a454b8-dadb-4cb4-bd06-7de7843cc7fb
72627,20614,74460,25089,0,NULL,10.00,NULL,NULL,NULL,5dc05dd6-ea00-4eae-be16-c666f033d897
72628,20614,74465,25089,0,NULL,0.00,NULL,NULL,NULL,a422cf09-717e-463b-9894-d25e0278e864
72629,20616,74467,25092,0,NULL,1.00,NULL,NULL,NULL,d37e72bf-c84f-4d0e-8af7-3b37589ff0c4
72630,20616,74468,25092,0,NULL,5.00,NULL,NULL,NULL,b0f05d4b-82f1-43a7-817c-c7ea30a9d9cc
72631,20616,74469,25092,0,NULL,0.00,NULL,NULL,NULL,8323a4c4-ba71-4935-b6fb-2d7e12d994a7
72632,20614,74466,25089,0,NULL,0.00,NULL,NULL,NULL,c842696b-279b-4088-966a-404333d3983c
72633,20617,74472,25094,0,NULL,1.00,NULL,NULL,NULL,f24aed96-d2dc-4e5e-ba76-dfec41f36226
72634,20617,74474,25094,0,NULL,0.00,NULL,NULL,NULL,2e4225d5-9d4c-4b0f-8796-0f705d1502ae
72635,20616,74471,25092,0,NULL,0.00,NULL,NULL,NULL,9d96d3a7-3033-4b12-8ccb-d95d4874c558
72636,20616,74470,25092,0,NULL,0.00,NULL,NULL,NULL,d0504098-03c6-4b59-91a3-d74d673bba3c
72637,20617,74475,25094,0,NULL,0.00,NULL,NULL,NULL,8d0ab8e5-4606-4654-a672-c5edc31314b8
72638,20617,74473,25094,0,NULL,0.00,NULL,NULL,NULL,77d5f5fa-8511-4395-b33c-af33332e9100
72639,20617,74477,25094,0,NULL,0.00,NULL,NULL,NULL,70045b02-2d73-405a-a14f-0921429b5cac
72640,20618,74479,25093,0,NULL,1.00,NULL,NULL,NULL,b2ef30a3-9e04-4920-b522-bd7b23626864
72641,20618,74478,25093,0,NULL,0.00,NULL,NULL,NULL,749f9e8b-6655-4f2d-aa86-fedd82ca1449
72642,20618,74480,25093,0,NULL,0.00,NULL,NULL,NULL,db11b68a-08e4-45ff-b434-85925bb50d62
72643,20618,74481,25093,0,NULL,0.00,NULL,NULL,NULL,dd03ab4a-91db-419a-9f45-82aeae9debe5
72644,20619,74488,25098,0,NULL,7.00,NULL,NULL,NULL,28a87208-776c-4641-90eb-8a0d0bd88ffb
72645,20619,74484,25098,0,NULL,0.00,NULL,NULL,NULL,5aa50663-30d3-4b40-8a32-6f8a3badd58c
72646,20619,74482,25098,0,NULL,0.00,NULL,NULL,NULL,1559702b-aa26-402c-8984-57734266b077
72647,20619,74483,25098,0,NULL,0.00,NULL,NULL,NULL,10d7107a-d12a-48ae-b1a6-498444178c2b
72648,20619,74485,25098,0,NULL,0.00,NULL,NULL,NULL,160e464c-b857-4640-8d0d-ab1d6bce3b6a
72649,20621,74486,25103,0,NULL,0.00,NULL,NULL,NULL,b8c12028-1505-4064-8c11-901b2460afe1
72650,20621,74487,25103,0,NULL,1.00,NULL,NULL,NULL,596c2455-2f5c-4be6-ab7d-281079877857
72651,20618,74476,25093,0,NULL,1.00,NULL,NULL,NULL,d250a1f1-c4d3-41f1-880d-10a021ccd557
72652,20621,74489,25103,0,NULL,0.00,NULL,NULL,NULL,bc6c64a1-59b7-4690-aad0-09c7b2fe7a85
72653,20621,74491,25103,0,NULL,0.00,NULL,NULL,NULL,521a36cf-4d59-49b5-847a-7c61ab292cd2
72654,20621,74492,25103,0,NULL,0.00,NULL,NULL,NULL,b86af8e1-d62c-4afa-95ed-d571be8688b1
72655,20620,74493,25100,0,NULL,0.00,NULL,NULL,NULL,fd7c9b03-ba11-4f3b-84a1-a8418c840b1e
72656,20620,74495,25100,0,NULL,0.00,NULL,NULL,NULL,086e5562-6898-4bfc-be69-361c6927d27e
72657,20620,74494,25100,0,NULL,0.00,NULL,NULL,NULL,56d73fbf-08a3-44a6-9bcf-60d3a008bb8a
72658,20622,74499,25106,0,NULL,0.00,NULL,NULL,NULL,42836fca-6010-425f-931f-a2726a9ca69a
72659,20622,74497,25106,0,NULL,1.00,NULL,NULL,NULL,6700604b-7ccb-461c-a1b0-b4a2290b7944
72660,20622,74496,25106,0,NULL,0.00,NULL,NULL,NULL,c4fc040a-bdc2-47f2-8000-37487b027ec1
72661,20623,74502,25108,0,NULL,0.00,NULL,NULL,NULL,56aaa955-cd52-4302-9f4e-6bd224c42124
72662,20622,74500,25106,0,NULL,0.00,NULL,NULL,NULL,1fe3d60e-9d84-423c-847e-baa3e3aab5f0
72663,20622,74498,25106,0,NULL,0.00,NULL,NULL,NULL,7f104322-7bb3-4352-a303-69384f92c5ae
72664,20623,74503,25108,0,NULL,0.00,NULL,NULL,NULL,b51a8261-5a80-46e4-84a7-f9c1407183a6
72665,20623,74501,25108,0,NULL,0.00,NULL,NULL,NULL,f856309f-670b-45f8-bd9a-1045cbda4bdd
72666,20634,74506,25104,0,NULL,3200.00,NULL,NULL,NULL,e18a3915-2a91-431a-9780-e4f4c54615a9
72667,20623,74505,25108,0,NULL,0.00,NULL,NULL,NULL,c9bc8bf7-bdc9-495b-90d9-7013404a2aef
72668,20624,74504,25104,0,NULL,40.00,NULL,NULL,NULL,302b2949-86c1-4a11-a259-76e00ede626d
72669,20624,74508,25104,0,NULL,0.00,NULL,NULL,NULL,395d1d86-b9e5-481d-9900-3da9c58ac4c9
72670,20624,74507,25104,0,NULL,6.00,NULL,NULL,NULL,63e0032d-54ae-491c-aefa-939cdf5b587d
72671,20624,74509,25104,0,NULL,0.00,NULL,NULL,NULL,48a9d823-18a6-47ca-808a-7fd49bcc9b6b
72672,20625,74511,25109,0,NULL,1.00,NULL,NULL,NULL,e626c449-3ae4-4db3-9607-bffce3cb8280
72673,20624,74514,25104,0,NULL,0.00,NULL,NULL,NULL,6d7243a2-9da6-4c90-a728-85bb2412f9ef
72674,20625,74510,25109,0,NULL,0.00,NULL,NULL,NULL,d3c93b6d-8bc4-43f4-94a4-f04be594dc05
72675,20625,74513,25109,0,NULL,0.00,NULL,NULL,NULL,cb4bf120-fce4-408e-8580-2fcef0018691
72676,20627,74490,25101,0,NULL,0.00,NULL,NULL,NULL,6be3bc77-3cde-4992-9041-c4d926714594
72677,20626,74512,25105,0,NULL,4.00,NULL,NULL,NULL,dccae811-3f5e-4aaa-8c27-8d110c8dabcc
72678,20625,74515,25109,0,NULL,0.00,NULL,NULL,NULL,629b1098-a12d-4642-a1c1-ee4a6556fe41
72679,20626,74517,25105,0,NULL,0.00,NULL,NULL,NULL,cde2ba4c-dc47-4612-99cb-cb29468b5ffc
72680,20626,74518,25105,0,NULL,0.00,NULL,NULL,NULL,087cdc68-5cce-44de-8e23-534eb004b074
72681,20626,74532,25105,0,NULL,0.00,NULL,NULL,NULL,cb47b8c9-8d26-44a4-af1d-e0d4458e3996
72682,20628,74520,25107,0,NULL,1.00,NULL,NULL,NULL,5df08199-b58b-41cf-9d97-31f836328561
72683,20628,74524,25107,0,NULL,0.00,NULL,NULL,NULL,8e0f91f1-fcd8-42fb-90b1-a0a8266caece
72684,20628,74521,25107,0,NULL,0.00,NULL,NULL,NULL,cb2a6032-98a4-4437-8183-d76821910de4
72685,20626,74516,25105,0,NULL,0.00,NULL,NULL,NULL,5fc8287d-62f4-4741-add3-0b77c9e6ed5f
72686,20628,74522,25107,0,NULL,0.00,NULL,NULL,NULL,41cf9821-30a8-4f9e-aa37-e486694804b4
72687,20630,74527,25112,0,NULL,0.00,NULL,NULL,NULL,b5e89a30-092d-4a3c-9d15-5a48178cb302
72688,20630,74523,25112,0,NULL,1.00,NULL,NULL,NULL,0fab051c-8df6-488b-8e6c-5c5dd5c051ec
72689,20628,74519,25107,0,NULL,0.00,NULL,NULL,NULL,032e4175-aa11-4713-82ee-ce07edf9dac2
72690,20630,74530,25112,0,NULL,0.00,NULL,NULL,NULL,20938d13-ac7c-4f77-a081-5766302168a6
72691,20630,74525,25112,0,NULL,1.00,NULL,NULL,NULL,db03bd39-d4a9-400b-954c-04a9e89d8dc5
72692,20631,74529,25111,0,NULL,0.00,NULL,NULL,NULL,9c8ae8f8-6297-4ad9-83cb-60d9ee024986
72693,20630,74526,25112,0,NULL,0.00,NULL,NULL,NULL,cf84aefc-8975-43bf-b49d-0566ef6913c3
72694,20631,74531,25111,0,NULL,0.00,NULL,NULL,NULL,b444dea9-ca97-48e6-a247-c41fb919673a
72695,20631,74528,25111,0,NULL,0.00,NULL,NULL,NULL,622be304-a836-4655-8e28-dbe9a3975062
72696,20629,74535,25113,0,NULL,0.00,NULL,NULL,NULL,bce2fa06-eea6-4a88-bbbf-82293c2284e5
72697,20631,74534,25111,0,NULL,0.00,NULL,NULL,NULL,260b41ad-b983-49a3-bcb7-56b0523061e8
72698,20631,74533,25111,0,NULL,0.00,NULL,NULL,NULL,b1acc63e-aebc-4210-9764-0b4b9923134f
72699,20629,74536,25113,0,NULL,0.00,NULL,NULL,NULL,70f3c70e-23d0-4b54-ad9f-7315c29655b5
72700,20629,74537,25113,0,NULL,0.00,NULL,NULL,NULL,aa62d7af-cb92-4122-83cf-46cc6a4fc408
72701,20632,74539,25110,0,NULL,0.00,NULL,NULL,NULL,b1fd362d-5eab-4fc1-9f25-70c9fdd53d83
72702,20629,74538,25113,0,NULL,0.00,NULL,NULL,NULL,89508a18-f3ab-4fed-a39e-fd39dd9849ff
72703,20632,74540,25110,0,NULL,0.00,NULL,NULL,NULL,a234554c-eb2d-4df8-a04a-317de099732a
72704,20632,74543,25110,0,NULL,0.00,NULL,NULL,NULL,9ab93520-8b89-461a-8309-c2a5ccb44051
72705,20632,74542,25110,0,NULL,0.00,NULL,NULL,NULL,d5007540-5ad2-4fa4-b686-f14274b027e3
72706,20636,74541,25114,0,NULL,6.00,NULL,NULL,NULL,77503cb3-fd14-4bff-a4f6-d78a33bbeba2
72707,20636,74544,25114,0,NULL,0.00,NULL,NULL,NULL,3d9b27e6-9aec-4c42-b12a-5af28dd41d2a
72708,20636,74545,25114,0,NULL,0.00,NULL,NULL,NULL,94663f92-4bd6-4a40-a40a-fad2c969fe11
72709,20636,74547,25114,0,NULL,0.00,NULL,NULL,NULL,8969603a-2e6d-443d-9385-d48d6af94c90
72710,20636,74546,25114,0,NULL,0.00,NULL,NULL,NULL,876573f2-5aaf-42e0-a70d-d7c6eea9f73a
72711,20635,74554,25116,0,NULL,0.00,NULL,NULL,NULL,ed08ed4a-ab83-4676-b05f-0d8f247dfbe6
72712,20635,74549,25116,0,NULL,0.00,NULL,NULL,NULL,dd7adacd-4b18-4476-9967-2aa32fbdbb08
72713,20635,74548,25116,0,NULL,0.00,NULL,NULL,NULL,bfd25427-0388-4db2-9b47-8507f4ae4fbd
72714,20635,74550,25116,0,NULL,0.00,NULL,NULL,NULL,d0f5792d-ec45-450e-987a-94f84eaf5ae2
72715,20637,74552,25119,0,NULL,0.00,NULL,NULL,NULL,7e85c05c-de79-4bd2-8a7b-598599e2e00d
72716,20637,74555,25119,0,NULL,0.00,NULL,NULL,NULL,4c354b37-7623-4c89-8eef-11b30374a889
72717,20637,74559,25119,0,NULL,0.00,NULL,NULL,NULL,02104daf-f261-4ec8-bbcc-af06b9a2792a
72718,20641,74557,25115,0,NULL,0.00,NULL,NULL,NULL,0110801c-6d93-477b-a206-a7afd719c575
72719,20641,74556,25115,0,NULL,0.00,NULL,NULL,NULL,7f190955-4c98-41b4-9a9d-767de885efec
72720,20637,74551,25119,0,NULL,0.00,NULL,NULL,NULL,b0f9d057-dd97-464a-a9db-0e105505f873
72721,20637,74553,25119,0,NULL,0.00,NULL,NULL,NULL,c1f37a2b-df6c-4ee0-9e72-d4eff33cf5bd
72722,20641,74558,25115,0,NULL,0.00,NULL,NULL,NULL,14f2b8d4-2918-478a-806b-4887aebf6137
72723,20641,74560,25115,0,NULL,0.00,NULL,NULL,NULL,9a7fd45f-8168-45a2-abf0-7cc295ceabeb
72724,20640,74561,25118,0,NULL,1.00,NULL,NULL,NULL,9f7956d5-fd2e-4fe0-af67-9e45b018e935
72725,20638,74562,25118,0,NULL,25600.00,NULL,NULL,NULL,e68e889b-3706-4251-979b-b0c401fe64c7
72726,20640,74564,25118,0,NULL,0.00,NULL,NULL,NULL,c60eca02-1a25-44c4-be1f-1535a2843a7c
72727,20640,74563,25118,0,NULL,1.00,NULL,NULL,NULL,c4763d1d-6599-4c3f-9fba-c30087b719a5
72728,20640,74567,25118,0,NULL,0.00,NULL,NULL,NULL,2fdf1182-300b-4f30-9106-9989a4678e65
72729,20640,74565,25118,0,NULL,0.00,NULL,NULL,NULL,60c6c4ae-5c57-40f0-be76-d5615855f5c8
72730,20642,74568,25123,0,NULL,0.00,NULL,NULL,NULL,b9a7b241-d963-432a-9d13-5c064dc1da58
72731,20639,74570,25123,0,NULL,640.00,NULL,NULL,NULL,20ddb43f-d3eb-4cd8-92c5-219d8b802c9c
72732,20642,74566,25123,0,NULL,1.00,NULL,NULL,NULL,f2332e1d-5bd8-4a0e-8bb9-d17ce0b19d29
72733,20642,74571,25123,0,NULL,0.00,NULL,NULL,NULL,7fa69bd4-b8b5-4ab3-8b15-e6abd5bdd904
72734,20642,74569,25123,0,NULL,0.00,NULL,NULL,NULL,04e5cbe4-73f8-445d-8b9e-4435a050a608
72735,20642,74572,25123,0,NULL,0.00,NULL,NULL,NULL,a1c46956-5ccf-46f7-9be6-0f978534c4da
72736,20643,74573,25124,0,NULL,0.00,NULL,NULL,NULL,a0ebebf3-bb49-4db6-a6d2-6a9867e1300a
72737,20643,74575,25124,0,NULL,0.00,NULL,NULL,NULL,2a37abc0-16b9-4d62-aced-07c5493717cd
72738,20643,74574,25124,0,NULL,0.00,NULL,NULL,NULL,9254c7f8-325f-438b-a2cf-6120a5a058e8
72739,20643,74576,25124,0,NULL,0.00,NULL,NULL,NULL,c9ee2920-21b2-4c7f-a246-0899e1c2cdb1
72740,20643,74578,25124,0,NULL,0.00,NULL,NULL,NULL,f7c2ef78-b956-42e2-85e8-fcf118e2da79
72741,20646,74577,25120,0,NULL,0.00,NULL,NULL,NULL,a420414a-d4d2-46fa-818b-8dec342cde4d
72742,20646,74582,25120,0,NULL,0.00,NULL,NULL,NULL,b3f9e24d-f9fe-4fd4-8a48-c8e57f8a084b
72743,20645,74584,25117,0,NULL,0.00,NULL,NULL,NULL,a9a9bc8d-1ff2-4c5b-a1cc-74125bd6426f
72744,20646,74581,25120,0,NULL,0.00,NULL,NULL,NULL,a9283a17-4b8f-42f9-93a2-89c201fb276c
72745,20646,74579,25120,0,NULL,0.00,NULL,NULL,NULL,a88ebc98-43e9-4865-84b9-488c78dbfc5d
72746,20646,74580,25120,0,NULL,0.00,NULL,NULL,NULL,aeaac4c0-7546-43df-9048-6b634be7a89b
72747,20645,74585,25117,0,NULL,0.00,NULL,NULL,NULL,e03ef5c0-311e-4247-a33e-6c04eab29147
72748,20645,74583,25117,0,NULL,0.00,NULL,NULL,NULL,0f776f47-2d1a-43d2-bdc0-00a655d41f3e
72749,20645,74587,25117,0,NULL,0.00,NULL,NULL,NULL,b85e643d-df67-4100-abf6-77bcbfe771c3
72750,20650,74588,25121,0,NULL,0.00,NULL,NULL,NULL,fff726c4-d35e-411b-8bb7-47dd86c84baa
72751,20650,74590,25121,0,NULL,0.00,NULL,NULL,NULL,5fc7c03f-6a61-4a11-b4a5-8579280cb98e
72752,20644,74592,25122,0,NULL,0.00,NULL,NULL,NULL,74e65948-8bc6-489c-8f9f-c85b2264482f
72753,20644,74593,25122,0,NULL,0.00,NULL,NULL,NULL,2c955ca3-bca4-4c4d-ac64-f8e1bc2c4c94
72754,20650,74589,25121,0,NULL,1.00,NULL,NULL,NULL,08c9c368-6942-428a-85dc-5ceaf6540e39
72755,20650,74591,25121,0,NULL,0.00,NULL,NULL,NULL,ad919c10-4944-4afb-8fe7-da468136ca36
72756,20650,74586,25121,0,NULL,0.00,NULL,NULL,NULL,517a2072-69b5-4349-bd6c-5a99e3494e9f
72757,20644,74595,25122,0,NULL,0.00,NULL,NULL,NULL,8ae438db-3659-46aa-af95-90b4ffbb5025
72758,20649,74594,25125,0,NULL,0.00,NULL,NULL,NULL,d883c400-9e65-4425-8d30-b7599e88dcbe
72759,20644,74596,25122,0,NULL,0.00,NULL,NULL,NULL,eb44edbb-510f-4521-a2bd-3fae4b9fa2da
72760,20649,74598,25125,0,NULL,0.00,NULL,NULL,NULL,4cd8f555-c027-4a98-a036-cf9072a6785b
72761,20649,74599,25125,0,NULL,0.00,NULL,NULL,NULL,1f784e21-3bc0-4eb5-8917-9332119a090f
72762,20649,74602,25125,0,NULL,0.00,NULL,NULL,NULL,0642268e-d323-4432-82aa-da894a468e84
72763,20649,74597,25125,0,NULL,0.00,NULL,NULL,NULL,ffc2c20f-5dd7-479f-976d-ee48abda157b
72764,20648,74601,25127,0,NULL,0.00,NULL,NULL,NULL,e96022a2-ade2-4a1d-820a-235962cdbe33
72765,20648,74600,25127,0,NULL,0.00,NULL,NULL,NULL,df03ff37-dc16-4600-b986-4eb30d3351ac
72766,20648,74603,25127,0,NULL,0.00,NULL,NULL,NULL,7ed8b2df-d7b9-4c20-abeb-fe7ef07ce24d
72767,20648,74604,25127,0,NULL,0.00,NULL,NULL,NULL,f7caf52d-d350-4aa6-b7a1-12ad812693f8
72768,20648,74605,25127,0,NULL,0.00,NULL,NULL,NULL,72847126-a106-4f18-984a-fd0e1dedf22f
72769,20651,74606,25128,0,NULL,1.00,NULL,NULL,NULL,7d0b193d-4259-4968-9d4d-8c8adc2fdcf6
72770,20651,74607,25128,0,NULL,0.00,NULL,NULL,NULL,7486a2c5-65b7-4613-960d-fca0235b3a73
72771,20651,74608,25128,0,NULL,0.00,NULL,NULL,NULL,12c9c4c6-9b1a-4ac5-9c1f-6645111dda0f
72772,20651,74610,25128,0,NULL,0.00,NULL,NULL,NULL,620e1842-f4b7-4503-a0c8-ff2c839715b9
72773,20652,74611,25129,0,NULL,4.00,NULL,NULL,NULL,b89ece3d-ed64-406d-89bb-8739b18c2453
72774,20651,74609,25128,0,NULL,0.00,NULL,NULL,NULL,2b3d814f-eb5a-4623-af99-35d87dc3ba46
72775,20652,74612,25129,0,NULL,0.00,NULL,NULL,NULL,a3b18f36-7fb4-44c8-b49a-ce26c268df05
72776,20652,74613,25129,0,NULL,0.00,NULL,NULL,NULL,5eb0f6bd-b107-42d7-88ab-2c0a3ba1d3d8
72777,20653,74617,25130,0,NULL,0.00,NULL,NULL,NULL,a5ba18e9-9074-44b9-90f9-4de8625f924e
72778,20653,74618,25130,0,NULL,0.00,NULL,NULL,NULL,651956b2-bcdf-45b6-9cf0-862b3ac8138e
72779,20652,74614,25129,0,NULL,0.00,NULL,NULL,NULL,5999e441-534e-4032-9498-450a91e285e8
72780,20653,74616,25130,0,NULL,2.00,NULL,NULL,NULL,29d94632-2b09-4c4e-9e89-6919148b2d59
72781,20653,74619,25130,0,NULL,0.00,NULL,NULL,NULL,cb354e6b-989a-4481-9c9c-33a79ef48172
72782,20653,74620,25130,0,NULL,0.00,NULL,NULL,NULL,a72942bf-cc61-4b0e-8b02-dfa70ed38237
72783,20658,74621,25132,0,NULL,1.00,NULL,NULL,NULL,4793f6f0-deec-4e28-9d9f-1341af3044a6
72784,20658,74622,25132,0,NULL,1.00,NULL,NULL,NULL,93ed0402-098b-4e2d-8fd3-77a849a793d0
72785,20658,74624,25132,0,NULL,0.00,NULL,NULL,NULL,0b550dab-2847-4405-96b0-0300712dcb3e
72786,20652,74615,25129,0,NULL,0.00,NULL,NULL,NULL,2ef0c956-7109-4814-9558-133f836e9e08
72787,20655,74627,25131,0,NULL,0.00,NULL,NULL,NULL,cb129ac6-4b34-4543-8f8a-805ae4ad8e62
72788,20658,74623,25132,0,NULL,1.00,NULL,NULL,NULL,c59fba44-5e01-4b0f-b8f2-886c0cc857f8
72789,20658,74625,25132,0,NULL,0.00,NULL,NULL,NULL,4dff3e87-0bb1-4f68-9ecd-42ce967c565b
72790,20655,74629,25131,0,NULL,0.00,NULL,NULL,NULL,4ecf0cd4-18da-42ac-b547-f1a51f6779b3
72791,20655,74626,25131,0,NULL,0.00,NULL,NULL,NULL,3d464208-bc98-4159-bdfd-e81abc7372c9
72792,20654,74630,25134,0,NULL,0.00,NULL,NULL,NULL,65eb50bd-5bdd-4551-8445-775b76b2ddaf
72793,20655,74631,25131,0,NULL,0.00,NULL,NULL,NULL,da65d405-1551-44a1-a98d-1222e0f93772
72794,20654,74632,25134,0,NULL,0.00,NULL,NULL,NULL,bccf2801-881f-4cbd-8afe-0c54a2beb6b9
72795,20654,74633,25134,0,NULL,0.00,NULL,NULL,NULL,31f7719e-1e45-42c7-9856-00477bd998b6
72796,20655,74628,25131,0,NULL,0.00,NULL,NULL,NULL,46a78a60-bb2d-4219-ad31-cef73f735744
72797,20654,74634,25134,0,NULL,0.00,NULL,NULL,NULL,4caf72ba-3c8a-4bad-9b92-7f9a92b2a3f6
72798,20654,74636,25134,0,NULL,0.00,NULL,NULL,NULL,1800ae69-eaf0-46a3-ad2e-f1953a4172f2
72799,20659,74635,25135,0,NULL,0.00,NULL,NULL,NULL,c5822117-1b38-43c2-995f-da93ce2547b4
72800,20659,74637,25135,0,NULL,0.00,NULL,NULL,NULL,30ca35a1-4cb3-42b6-a6bf-6f20f7f43e52
72801,20659,74638,25135,0,NULL,0.00,NULL,NULL,NULL,7c56829a-6350-4658-a3b7-259881bdfb9a
72802,20659,74639,25135,0,NULL,0.00,NULL,NULL,NULL,9be1f270-f74e-4a60-9f45-990106bfe665
72803,20659,74640,25135,0,NULL,0.00,NULL,NULL,NULL,488c1be2-6839-4876-8842-da41e258e074
72804,20657,74642,25136,0,NULL,0.00,NULL,NULL,NULL,1d2d695f-572e-4f24-838d-97203d7425b6
72805,20657,74643,25136,0,NULL,0.00,NULL,NULL,NULL,66ed65d8-4096-44db-9cee-37a3c07c1fe3
72806,20657,74641,25136,0,NULL,0.00,NULL,NULL,NULL,43b3b2fa-93e8-4fad-832d-ebeed2482935
72807,20657,74644,25136,0,NULL,0.00,NULL,NULL,NULL,f18dad05-6623-4fad-8d59-892873cceba0
72808,20657,74649,25136,0,NULL,0.00,NULL,NULL,NULL,77c10a68-231f-4598-95ab-e0d7f3fa0228
72809,20656,74646,25133,0,NULL,0.00,NULL,NULL,NULL,f768543f-e33b-4f54-945b-27d935db7b21
72810,20656,74647,25133,0,NULL,0.00,NULL,NULL,NULL,c17bd3fc-7f7a-4a2c-9f6a-2062ae41a961
72811,20656,74645,25133,0,NULL,0.00,NULL,NULL,NULL,30c66425-4c91-4340-8a3c-6ab3339728ba
72812,20656,74648,25133,0,NULL,0.00,NULL,NULL,NULL,0ff1bd07-1240-41a5-9d29-8dc64a6c0518
