laborCodeId,jobId,createdTimestampUtc,laborCode,description,note,accountingCode,estimatingCode,isActive,jobRegularChargeRatePerHour,jobOvertimeChargeRatePerHour,jobDoubleTimeChargeRatePerHour,uuid
1237,NULL,NULL,001.CR,"Carpenter Journeyman",NULL,CR,NULL,1,NULL,NULL,NULL,1a8e542d-4ce7-42a9-a4b5-359fa253cf39
1238,NULL,NULL,001.A60,"Carpenter Apprentice",NULL,A60,NULL,1,NULL,NULL,NULL,a26f138c-386a-4aca-a616-a1d7f9f8f5b8
1239,NULL,NULL,001.FM,"Carpenter Foreman",NULL,FM,NULL,1,NULL,NULL,NULL,89d1071e-47fe-4cc7-96d8-79edb8791ae9
1240,NULL,NULL,001.A80,"Carpenter Apprentice",NULL,A80,NULL,1,NULL,NULL,NULL,23b4a0bd-5c9d-4193-a4c3-59ea1ea9dd7a
1241,NULL,NULL,001.SP3,"Carpenter night shift",NULL,SP3,NULL,1,NULL,NULL,NULL,0361b220-d50d-487b-850d-f529a07ebdaa
1242,NULL,NULL,001.SP1,"Carpenter Special Rate",NULL,SP1,NULL,1,NULL,NULL,NULL,07b6e8e9-02cf-4f7b-94cf-7655c1cbffcb
1243,NULL,NULL,001.SP7,"Carpenter Special Rate SP7",NULL,SP7,NULL,1,NULL,NULL,NULL,997724de-d375-4402-b137-72293e6eee9a
1244,NULL,NULL,001.SP,"Carpenter Special Rate SP",NULL,SP,NULL,1,NULL,NULL,NULL,cb84ca08-bbf8-43f4-b071-d82a9f939bb0
1245,NULL,NULL,001.SP10,"Carpenter Special Rate",NULL,SP10,NULL,1,NULL,NULL,NULL,66dd1b2d-a08e-4b7a-9cf5-e15bde1954cf
1246,NULL,NULL,001.SP2,"Carpenter Special Rate",NULL,SP2,NULL,1,NULL,NULL,NULL,eabeb42f-537c-4d15-bc2a-130eecfe892f
1247,NULL,NULL,001.XSP,Carpenter,NULL,XSP,NULL,1,NULL,NULL,NULL,1748528b-8c38-44b0-b2e7-b83caa8d3093
1248,NULL,NULL,001/65.A65,"Carpenter Apprentice 65",NULL,A65,NULL,1,NULL,NULL,NULL,4a008b01-6c30-4c88-8e10-90411b123ce8
1249,NULL,NULL,001.SP6,"Carpenter Special Rate SP6",NULL,SP6,NULL,1,NULL,NULL,NULL,8b0758f6-4637-44dc-b2df-f87adc077b4c
1250,NULL,NULL,001.SP11,"Carpenter Special Rate",NULL,SP11,NULL,1,NULL,NULL,NULL,261d5a61-4520-49a2-aeb8-417f068264ed
1251,NULL,NULL,001/65.ASP,"Carpenter Appr 65 Special Rate",NULL,ASP,NULL,1,NULL,NULL,NULL,b7d7ed13-2b19-4af8-a5dc-fcdc1f2245a5
1252,NULL,NULL,001/65.ASP1,"Carpenter Appr Special ASP",NULL,ASP1,NULL,1,NULL,NULL,NULL,ebcdb103-4f21-42a4-8d23-380d646ce1b6
1253,NULL,NULL,001.SP8,"Carpenter Old Rate",NULL,SP8,NULL,1,NULL,NULL,NULL,cd6c1261-30d0-4429-9acc-156e59e87c94
1254,NULL,NULL,001.SP9,"Carpenter Special Rate SP9",NULL,SP9,NULL,1,NULL,NULL,NULL,f5b358d0-717b-465d-a021-e1f7c4342f94
1255,NULL,NULL,001.ASP,"Carp Appr Special Rate",NULL,ASP,NULL,1,NULL,NULL,NULL,b51457ae-f901-40e2-a2f1-4ca389484c8c
1256,NULL,NULL,001/FM.FM,"Carpenter Foreman",NULL,FM,NULL,1,NULL,NULL,NULL,8d0cfb83-ea85-423a-b991-0814b94aaa94
1257,NULL,NULL,001/FM.FM14,"Carpenter FM Special Rate",NULL,FM14,NULL,1,NULL,NULL,NULL,7b948d9d-ff7f-4752-ac5d-638bb016b5df
1258,NULL,NULL,001/FM.FM12,"Carpenter FM Special Rate",NULL,FM12,NULL,1,NULL,NULL,NULL,2b7a8f3a-429b-433c-9a37-878ff6d52939
1259,NULL,NULL,001/FM.FM2,"Carpenter Foreman FM2",NULL,FM2,NULL,1,NULL,NULL,NULL,5651ca0a-7291-4720-be57-cae95cb79644
1260,NULL,NULL,001/FM.FM10,"Carp FM Special Rate",NULL,FM10,NULL,1,NULL,NULL,NULL,dab5c869-b888-4dd8-9a16-2733ac591d1c
1261,NULL,NULL,001/FM.FM4,"Carpenter Foreman Special Rate",NULL,FM4,NULL,1,NULL,NULL,NULL,4b37bb71-ce09-4b6d-bca6-dfb9d812820f
1262,NULL,NULL,001/FM.FM3,"Carpenter Foreman FM3",NULL,FM3,NULL,1,NULL,NULL,NULL,5ea0f09c-b413-4341-9ecc-79d66157c312
1263,NULL,NULL,001/FM.FM1,"Carpenter Foreman FM1",NULL,FM1,NULL,1,NULL,NULL,NULL,ef6be484-402c-4b26-bf35-f61c7194990d
1264,NULL,NULL,001/FM.SP1,"Carpenter FM10 night shift",NULL,SP1,NULL,1,NULL,NULL,NULL,d7ed91f4-9e0f-4361-b20d-30c588fb0079
1265,NULL,NULL,001/FM.SP6,"Carpenter Foreman Spec SP6",NULL,SP6,NULL,1,NULL,NULL,NULL,8584de0b-52e5-432d-a300-56230a852e95
1266,NULL,NULL,001/FM.FM6,"Carpenter Foreman",NULL,FM6,NULL,1,NULL,NULL,NULL,d25123f5-90d2-4a68-8fa0-916d818f9fa4
1267,NULL,NULL,001/FM.FM5,"Carpenter Foreman Special Rate",NULL,FM5,NULL,1,NULL,NULL,NULL,4988c356-9480-446c-b9a6-30240e975158
1268,NULL,NULL,001/FM.FM7,"Carpenter Foreman Special Rate",NULL,FM7,NULL,1,NULL,NULL,NULL,818ad245-3d2a-446b-9ebf-ca2791017f53
1269,NULL,NULL,001/FM.SP2,"Carpenter FM2 Night shift",NULL,SP2,NULL,1,NULL,NULL,NULL,54261e3f-42e4-4534-9319-1c2b0128923a
1270,NULL,NULL,001/FM.SP,"Carpenter FM Special FM14",NULL,SP,NULL,1,NULL,NULL,NULL,3ecd8b7a-1a50-4272-90f5-af83fe766f02
1271,NULL,NULL,001/FM.SP11,"Carpenter Foreman Spec",NULL,SP11,NULL,1,NULL,NULL,NULL,568ac8ca-3a24-4653-b5d1-d790936f04ee
1272,NULL,NULL,001SP.FM5,"Carpenter Foreman Special",NULL,FM5,NULL,1,NULL,NULL,NULL,03bcc5d4-9e35-4dcf-bc3d-4b1ea8b829ab
1273,NULL,NULL,001SP.XSP3,"Carpenter Special Rate",NULL,XSP3,NULL,1,NULL,NULL,NULL,f36b603d-1e09-44b4-8741-83eb9466cab2
1274,NULL,NULL,001/FM.FM9,"Carpenter Foreman Special Rate",NULL,FM9,NULL,1,NULL,NULL,NULL,1a6f5107-a2a2-4f1e-88a6-1da597e22c38
1275,NULL,NULL,001SP.XSP,"CARP WI",NULL,XSP,NULL,1,NULL,NULL,NULL,325e5ae9-4b7c-4d07-b6bb-3e5f8672d3de
1276,NULL,NULL,001/FM.XSP,"Carpenter Foreman",NULL,XSP,NULL,1,NULL,NULL,NULL,535f2a90-88fc-4026-83de-396a9fc72cf7
1277,NULL,NULL,001SP.XSP4,"Carpenter Salary",NULL,XSP4,NULL,1,NULL,NULL,NULL,d1915fd8-8581-4099-bff4-569722f4fa3d
1278,NULL,NULL,001/FM.SP7,"Carpenter FM Special",NULL,SP7,NULL,1,NULL,NULL,NULL,02552cb4-a108-4e24-acc3-598e4231bd6b
1279,NULL,NULL,001SP.XSP2,"Carpenter Special Rate",NULL,XSP2,NULL,1,NULL,NULL,NULL,5e5faf53-be11-4503-9bfb-56fd21d5514a
1280,NULL,NULL,001/FM.FM8,"Carpenter Special Rate",NULL,FM8,NULL,1,NULL,NULL,NULL,15cf887d-f3ae-4cc7-95f4-c1782204a075
1281,NULL,NULL,00190SW.ASP,"Carp Appr 90% Special Rate",NULL,ASP,NULL,1,NULL,NULL,NULL,d495b133-afe4-4cd4-83f5-b338465773cc
1282,NULL,NULL,001SP.XSP1,"Carpenter Salary",NULL,XSP1,NULL,1,NULL,NULL,NULL,e2aba7b2-72c2-4f4d-8e8f-02da188e4fde
1283,NULL,NULL,001SW.FM,"Carpenter Foreman",NULL,FM,NULL,1,NULL,NULL,NULL,c35ee389-ec38-408d-bb00-065b4cb828ac
1284,NULL,NULL,001SW.FM1,"Carpenter Foreman Special Rate",NULL,FM1,NULL,1,NULL,NULL,NULL,ea95f85d-b8ea-4696-8c51-b4020a6533c0
1285,NULL,NULL,001SW.FM10,"Carpenter Foreman Special Rate",NULL,FM10,NULL,1,NULL,NULL,NULL,d5084d53-b4a9-4a4f-8a53-4a23358c65fb
1286,NULL,NULL,001SW.CR,Carpenter,NULL,CR,NULL,1,NULL,NULL,NULL,6a076ba6-c031-4443-97ad-a5f503d428af
1287,NULL,NULL,001SW.FM12,"Carpenter Foreman Special Rate",NULL,FM12,NULL,1,NULL,NULL,NULL,0f74319f-67ff-48be-be7f-5ce40a0c0e28
1288,NULL,NULL,001SW.FM9,"Carpenter Foreman Special Rate",NULL,FM9,NULL,1,NULL,NULL,NULL,e37d8f35-e553-4597-b619-7589069c5250
1289,NULL,NULL,001SW.SP,"Carpenter Special Rate",NULL,SP,NULL,1,NULL,NULL,NULL,1657387a-31fd-44f8-9a5f-98bc87c09e00
1290,NULL,NULL,002.GR1,"Operator Special Rate",NULL,GR1,NULL,1,NULL,NULL,NULL,2491608e-f955-4196-b3ed-6dfefffa59ec
1291,NULL,NULL,002.FM1,"Operator Foreman Special rate",NULL,FM1,NULL,1,NULL,NULL,NULL,08dc7657-80c4-47c7-962d-dca74081ee6c
1292,NULL,NULL,001SW.SP2,"Carpenter Special Rate",NULL,SP2,NULL,1,NULL,NULL,NULL,5afb5cdc-1b67-4f13-9a17-e3643d016ba2
1293,NULL,NULL,002.GR1A,"Operator Group 1a",NULL,GR1A,NULL,1,NULL,NULL,NULL,ca9a5df4-245f-45ce-b273-af38c5489ac3
1294,NULL,NULL,002.GR1AS,"Operator Grp1A + 1.25",NULL,GR1AS,NULL,1,NULL,NULL,NULL,d4a908ef-16af-4375-a689-bcb9baf83dfc
1295,NULL,NULL,002.SP4,"Operator Special Rate",NULL,SP4,NULL,1,NULL,NULL,NULL,e530f2f6-338e-42df-8e69-dcd174293f4d
1296,NULL,NULL,002.GRP1,"Operator Group 1 MN rate",NULL,GRP1,NULL,1,NULL,NULL,NULL,eff16cdf-d343-4b2b-93c6-7a4e8a5547e4
1297,NULL,NULL,002.CN,"Operator GRP1B",NULL,CN,NULL,1,NULL,NULL,NULL,4882d7c0-b5c8-4788-8d94-afe439b5548b
1298,NULL,NULL,002.SP5,"Operator FM1A Night shift",NULL,SP5,NULL,1,NULL,NULL,NULL,334dcb8d-c3a0-4537-91d5-0dee39498fcf
1299,NULL,NULL,002.GRP2,"Operator Group 2",NULL,GRP2,NULL,1,NULL,NULL,NULL,b13eb3ac-3bfc-4f8b-bb81-07caed7863aa
1300,NULL,NULL,002.SP1,"Operator Special Rate",NULL,SP1,NULL,1,NULL,NULL,NULL,6f399d00-9aaf-4f0f-92a6-f6e84836c8a2
1301,NULL,NULL,002.GR1ASP,"Oper Group 1A plus $1.00",NULL,GR1ASP,NULL,1,NULL,NULL,NULL,fb71190f-13f4-476d-b909-8e64bb138ff3
1302,NULL,NULL,001SW.FM5,"Carpenter Foreman Special",NULL,FM5,NULL,1,NULL,NULL,NULL,1eaf5291-b085-4025-a66c-a52b187adb64
1303,NULL,NULL,002.SP,"Operator Group 1 Special Rate",NULL,SP,NULL,1,NULL,NULL,NULL,84f9577b-912e-4b55-a147-51f7b5934bda
1304,NULL,NULL,002.GRP4,"Operator Group 4",NULL,GRP4,NULL,1,NULL,NULL,NULL,7ac2713d-121a-44d6-b66e-e87a5a194093
1305,NULL,NULL,002.GR2S,"Operator Grp 2 Special",NULL,GR2S,NULL,1,NULL,NULL,NULL,7b5517d7-d6fc-4193-932d-b7d2dbdb0783
1306,NULL,NULL,002.GR1S,"Operator CN Night shift",NULL,GR1S,NULL,1,NULL,NULL,NULL,bc0a0e30-fc60-477d-a85d-1b9404c8bf50
1307,NULL,NULL,002.SP3,"Operator night shift GR1A",NULL,SP3,NULL,1,NULL,NULL,NULL,ff2da30a-7882-4252-b756-b06cf40e72a8
1308,NULL,NULL,002.SP2,"OPR ENG 139",NULL,SP2,NULL,1,NULL,NULL,NULL,27ac82e2-2c94-44e1-b533-af89142ecf17
1309,NULL,NULL,002.GRP3,"Operator Group 3",NULL,GRP3,NULL,1,NULL,NULL,NULL,296a5c92-cf0d-4346-bec3-7ca28b4a0ccf
1310,NULL,NULL,002.SP6,"Operator Special Rate",NULL,SP6,NULL,1,NULL,NULL,NULL,dde0303c-88eb-4d4e-bf42-41b50dc5c91f
1311,NULL,NULL,002/AP.A75,"Operator Apprentice 75%",NULL,A75,NULL,1,NULL,NULL,NULL,dcecc5fa-d2a1-4d8b-a3e2-a142892abb95
1312,NULL,NULL,002/AP.A70,"Operator Apprentice 70%",NULL,A70,NULL,1,NULL,NULL,NULL,a9358192-6329-4ac3-a6b1-7e114676e797
1313,NULL,NULL,002.XSP,"OPERATOR - SPECIAL",NULL,XSP,NULL,1,NULL,NULL,NULL,94ecd360-27af-4242-ac66-89e969870ed2
1314,NULL,NULL,002/AP.A90,"Operator Apprentice 90%",NULL,A90,NULL,1,NULL,NULL,NULL,d0ee5616-767b-45a6-b99b-1b3937ac4eb5
1315,NULL,NULL,002/AP.ASP1,"Operator Special Rate",NULL,ASP1,NULL,1,NULL,NULL,NULL,ee31baaf-114b-415c-8773-333f1fcd7c48
1316,NULL,NULL,002/AP.A80,"Operator Apprentice 80%",NULL,A80,NULL,1,NULL,NULL,NULL,05e235da-8aeb-4d32-acbe-e7054c386a8f
1317,NULL,NULL,002/AP.ASP,"Operator Apprentice Special",NULL,ASP,NULL,1,NULL,NULL,NULL,8c9d002b-5f5a-4f72-a183-cc59a0a5f262
1318,NULL,NULL,002/AP.SP2,"DON''T USE",NULL,SP2,NULL,1,NULL,NULL,NULL,67f5de1d-cf11-4782-a8fd-80b77048bd2e
1319,NULL,NULL,002/AP.SP1,"Operator Special Rate",NULL,SP1,NULL,1,NULL,NULL,NULL,674dece5-5188-45f4-afcb-dcb86b29cf1a
1320,NULL,NULL,002/AP.SP,"OPERATOR APPRENTICE",NULL,SP,NULL,1,NULL,NULL,NULL,83e9bdce-a089-47f3-92b8-1e8fd715bbb6
1321,NULL,NULL,006.ASP,"Laborer Apprentice Special",NULL,ASP,NULL,1,NULL,NULL,NULL,5de77f58-82e2-4766-9ac4-410b486dcd49
1322,NULL,NULL,006.FM,"LABORER FM",NULL,FM,NULL,1,NULL,NULL,NULL,14008278-700a-47c7-b8d3-dada6da419e2
1323,NULL,NULL,006.FM2,"Laborer Foreman",NULL,FM2,NULL,1,NULL,NULL,NULL,f19c92e3-ee52-4273-8b5a-e84ac0d66e9e
1324,NULL,NULL,006.FM3,"Laborer Foreman",NULL,FM3,NULL,1,NULL,NULL,NULL,93f050e7-da1a-455b-8328-a6d1ea60dbdc
1325,NULL,NULL,006.FM7,"Laborer Foreman",NULL,FM7,NULL,1,NULL,NULL,NULL,67a059c4-ef79-4090-9d45-0e54daa9bed3
1326,NULL,NULL,006.FM4,"Laborer Foreman",NULL,FM4,NULL,1,NULL,NULL,NULL,313e0fe9-1242-43d6-84e4-cbfc739f0281
1327,NULL,NULL,006.SP,"Laborer Special Rate Night",NULL,SP,NULL,1,NULL,NULL,NULL,1568bb44-3b21-49a4-8f3e-56b26afd1d50
1328,NULL,NULL,006.FM8,"Laborer Foreman Special Rate",NULL,FM8,NULL,1,NULL,NULL,NULL,ff95e9b8-62fe-48b8-b934-cc5f1febaa5e
1329,NULL,NULL,006.FM9,"Laborer Foreman Special Rate",NULL,FM9,NULL,1,NULL,NULL,NULL,79f15f26-0372-498b-99f1-569994ffde7e
1330,NULL,NULL,006.FM6,"Laborer Foreman",NULL,FM6,NULL,1,NULL,NULL,NULL,05f6a7a8-68ba-4112-aff5-6d9366217575
1331,NULL,NULL,006.SP1,"Laborer Special Rate",NULL,SP1,NULL,1,NULL,NULL,NULL,091aadf6-966b-41b8-80e5-018a8102e1e8
1332,NULL,NULL,006.SP2,"Laborer Special Rate",NULL,SP2,NULL,1,NULL,NULL,NULL,9277a3ec-6804-46ff-bcb4-034c8ab7e3ee
1333,NULL,NULL,006.FM1,"Laborer Foreman",NULL,FM1,NULL,1,NULL,NULL,NULL,48d3bf4f-8d21-4550-8076-bedef86c2df0
1334,NULL,NULL,006.SP10,"Laborer Special Rate",NULL,SP10,NULL,1,NULL,NULL,NULL,7ef4e744-1e6b-4ccf-8339-efb658c531ef
1335,NULL,NULL,006.LB,"Laborer Journeyman",NULL,LB,NULL,1,NULL,NULL,NULL,019456e2-c88e-4692-bbf8-dbd73aa88bb6
1336,NULL,NULL,006.SP11,"Laborer Special Rate",NULL,SP11,NULL,1,NULL,NULL,NULL,965f5670-a702-471c-82bc-c835322ea919
1337,NULL,NULL,006.SP5,"Laborer FM8 nigh rate",NULL,SP5,NULL,1,NULL,NULL,NULL,eb88a813-2bf3-4dba-8682-90256726084f
1338,NULL,NULL,006.SP3,"Laborer Special Rate",NULL,SP3,NULL,1,NULL,NULL,NULL,9c485df3-e8c4-480e-b304-fe6c49eefaff
1339,NULL,NULL,006.FM5,"Laborer Foreman",NULL,FM5,NULL,1,NULL,NULL,NULL,2ba8cc90-fae4-43ab-9462-c09b686168bf
1340,NULL,NULL,006.SP13,"Laborer Special Rate",NULL,SP13,NULL,1,NULL,NULL,NULL,bbde9ee8-25c4-42e9-9a25-dcf4f43e2f05
1341,NULL,NULL,006.SP7,"Laborer Special Rate",NULL,SP7,NULL,1,NULL,NULL,NULL,e090d5d6-a4a0-45b8-9795-bf3fdf79928f
1342,NULL,NULL,006.SP4,"Laborer FM1 Night rate",NULL,SP4,NULL,1,NULL,NULL,NULL,dfbeb963-65f4-4342-a8b4-f50719e702a6
1343,NULL,NULL,006.SP6,"Laborer SP1 Night Rate",NULL,SP6,NULL,1,NULL,NULL,NULL,8ac5becf-074e-4671-8fa7-5799a81a3352
1344,NULL,NULL,006.SP8,"Laborer Special Rate",NULL,SP8,NULL,1,NULL,NULL,NULL,b6605b0d-e29b-4c44-9a40-291f20cdff4a
1345,NULL,NULL,006.SP9,"Laborer Special Rate",NULL,SP9,NULL,1,NULL,NULL,NULL,03b5fa23-9731-403f-a7e1-290fac9db553
1346,NULL,NULL,006/BD.ASP,"Laborer Appr Special Rate",NULL,ASP,NULL,1,NULL,NULL,NULL,5778fddc-4a05-45e2-8110-d3c37219192f
1347,NULL,NULL,006/BD.FM,"LABORER FM",NULL,FM,NULL,1,NULL,NULL,NULL,5f72d91c-15b3-4ad3-85c0-dbedd2ae7267
1348,NULL,NULL,006/BD.FM1,"Laborer Foreman",NULL,FM1,NULL,1,NULL,NULL,NULL,171f1eea-27bb-4514-a107-2d58343ea4a7
1349,NULL,NULL,006/BD.FM2,"Laborer Foreman",NULL,FM2,NULL,1,NULL,NULL,NULL,3287ba7b-ff9b-45ae-9c92-cf83e7957438
1350,NULL,NULL,006/BD.FM15,"Laborer Foreman special Rate",NULL,FM15,NULL,1,NULL,NULL,NULL,b2f6d8aa-a85f-4c7f-91ed-c5eedc9fc742
1351,NULL,NULL,006/BD.FM6,"Laborer Foreman Special Rate",NULL,FM6,NULL,1,NULL,NULL,NULL,a65d8f1b-fe78-4f2e-9b25-24caff1317d5
1352,NULL,NULL,006/BD.FM3,"Laborer Foreman",NULL,FM3,NULL,1,NULL,NULL,NULL,dfd32c0b-d911-4f65-8791-7eb76c09e293
1353,NULL,NULL,006/BD.FM5,"Laborer Foreman",NULL,FM5,NULL,1,NULL,NULL,NULL,4a70dfd4-939b-4916-80d7-21029545cb86
1354,NULL,NULL,006/BD.LB,Laborer,NULL,LB,NULL,1,NULL,NULL,NULL,25141ae6-d8dd-426e-8561-4c133c4bd285
1355,NULL,NULL,006/BD.SP11,"Laborer Special Rate",NULL,SP11,NULL,1,NULL,NULL,NULL,58c8b548-ad23-4e0f-93c1-32cd32742779
1356,NULL,NULL,006/BD.SP,"LABORER SPECIAL",NULL,SP,NULL,1,NULL,NULL,NULL,ec131ad7-1408-45df-82d2-7777959c17dd
1357,NULL,NULL,006/BD.SP13,"LABORER SPECIAL",NULL,SP13,NULL,1,NULL,NULL,NULL,eca078fe-fa07-4ce1-ada5-a4098816d63b
1358,NULL,NULL,006/BD.FMSF,"Laborer Foreman Special Rate",NULL,FMSF,NULL,1,NULL,NULL,NULL,8da823e1-d9f5-4715-803e-fade265ee3ec
1359,NULL,NULL,006/BD.SP9,"LABORER SPECIAL",NULL,SP9,NULL,1,NULL,NULL,NULL,f27b342e-cd76-4d82-9ba5-35f2929d5dce
1360,NULL,NULL,006/BD.SP1,"LABORER SPECIAL",NULL,SP1,NULL,1,NULL,NULL,NULL,a8003246-cbb2-4198-863c-f687e045768b
1361,NULL,NULL,007.A95,"Ironworker Apprentice 95%",NULL,A95,NULL,1,NULL,NULL,NULL,5c9c346d-7291-40d0-b0cf-208ccce0e646
1362,NULL,NULL,007.A65,"Ironworker Apprentice 65%",NULL,A65,NULL,1,NULL,NULL,NULL,5cbcfbe1-ad6b-4933-9849-3579df93e702
1363,NULL,NULL,006/BD.SP8,"LABORER SPECIAL",NULL,SP8,NULL,1,NULL,NULL,NULL,c4880c48-ca84-40f7-9e21-db02a9537a8f
1364,NULL,NULL,007.A90,"Ironworker Apprentice 90%",NULL,A90,NULL,1,NULL,NULL,NULL,bf7f0b4a-a0d1-4fd1-8696-59f1e4cb7603
1365,NULL,NULL,006/BD.FM7,"Laborer Foreman",NULL,FM7,NULL,1,NULL,NULL,NULL,edb62392-f2ae-4b5a-8146-070cff36248d
1366,NULL,NULL,007.A80,"Ironworker Apprentice 80%",NULL,A80,NULL,1,NULL,NULL,NULL,3c76b559-ff78-41b5-8811-32a16e9f0204
1367,NULL,NULL,007.ASP,"Ironworker Appr 60%r Spec Rate",NULL,ASP,NULL,1,NULL,NULL,NULL,acd32454-4e88-4c88-a0ed-aae38e8298fd
1368,NULL,NULL,007.A60,"Ironworker Apprentice 60%",NULL,A60,NULL,1,NULL,NULL,NULL,14e3728d-6e1b-46b1-96ec-430d8d0a9585
1369,NULL,NULL,007.FM2,"Ironworker Foreman Special MN",NULL,FM2,NULL,1,NULL,NULL,NULL,8e99fec2-1621-403c-9f8c-00d560faa048
1370,NULL,NULL,006/BD.LBSP,"Laborer Special Rate",NULL,LBSP,NULL,1,NULL,NULL,NULL,12654e32-93ba-4bf7-a8fc-d813b9a05721
1371,NULL,NULL,006/BD.SP10,"LABORER SPECIAL",NULL,SP10,NULL,1,NULL,NULL,NULL,e607b8b3-2132-4d58-a744-1e0d1ad51c60
1372,NULL,NULL,006/BD.XSP,"Laborer Special Rate salaried",NULL,XSP,NULL,1,NULL,NULL,NULL,7e75eed3-af4a-4dfc-a60d-c866fd0f054c
1373,NULL,NULL,007.A70,"Ironworker Apprentice 70%",NULL,A70,NULL,1,NULL,NULL,NULL,73375e83-a6b2-4163-ba1f-b7301fa9d34d
1374,NULL,NULL,006/BD.FM8,"Laborer FM Special Rate",NULL,FM8,NULL,1,NULL,NULL,NULL,9906190b-74ee-4084-8083-ffebf59a0c92
1375,NULL,NULL,006/BD.FM4,"Laborer Foreman",NULL,FM4,NULL,1,NULL,NULL,NULL,fee6d185-e3f6-4bed-90c4-f5455ccb9f33
1376,NULL,NULL,007.FM,"Ironworker Foreman",NULL,FM,NULL,1,NULL,NULL,NULL,7651862e-cfd5-4718-8b63-04ff2ba59bfc
1377,NULL,NULL,007.A75,"Ironworker Apprentice 75%",NULL,A75,NULL,1,NULL,NULL,NULL,0c27c5ad-b77c-4686-97f7-611ec601cab9
1378,NULL,NULL,007.FMSP,"Ironworker FM - 512 rate",NULL,FMSP,NULL,1,NULL,NULL,NULL,acfe2218-134a-4590-b24d-fdb1d4093272
1379,NULL,NULL,007.FM6,"Ironworker Foreman Spec Rate",NULL,FM6,NULL,1,NULL,NULL,NULL,8e54c40b-58c8-4fe4-be2a-0b0ac0b0df47
1380,NULL,NULL,007.FM3,"IronworkerForeman Special Rate",NULL,FM3,NULL,1,NULL,NULL,NULL,01ae4655-aef5-4fa4-9d80-75f1cd1143db
1381,NULL,NULL,007.SP5,"Ironworker Special Rate",NULL,SP5,NULL,1,NULL,NULL,NULL,bbfb1c1f-b736-4b2e-ae0f-df0721958f02
1382,NULL,NULL,007.FMST,"Ironworker Foreman",NULL,FMST,NULL,1,NULL,NULL,NULL,dcf6442d-8da5-4c78-993a-584bf7edb4d3
1383,NULL,NULL,007.SP9,"Ironworker Special Rate",NULL,SP9,NULL,1,NULL,NULL,NULL,92984ac5-dea3-44f1-9df0-4126aa116bc6
1384,NULL,NULL,007.SP4,"Ironworker Special Rate",NULL,SP4,NULL,1,NULL,NULL,NULL,f96dd3b8-9f55-4334-982b-87bd3a025468
1385,NULL,NULL,007.SP8,"Ironworker Special Rate",NULL,SP8,NULL,1,NULL,NULL,NULL,004a1009-d745-4845-bd7f-f089b8d33bac
1386,NULL,NULL,007.SP1,"Ironworker Special Rate",NULL,SP1,NULL,1,NULL,NULL,NULL,bb7e4424-7532-4f57-84bf-5198a097d6d3
1387,NULL,NULL,020.ASP,"Laborer Apprentice Special Rat",NULL,ASP,NULL,1,NULL,NULL,NULL,b2f6b0fc-5dbe-4236-82d6-6c3ae9260e96
1388,NULL,NULL,020.FM2,"Laborer Foreman",NULL,FM2,NULL,1,NULL,NULL,NULL,1c0d7783-1b37-4904-ac34-0cffc2adf577
1389,NULL,NULL,020.FM4,"Laborer Foreman",NULL,FM4,NULL,1,NULL,NULL,NULL,e8fbd2e1-387f-4fa2-94a6-a4a8c6d4a98c
1390,NULL,NULL,020.FM1,"Laborer Foreman",NULL,FM1,NULL,1,NULL,NULL,NULL,605b0ea4-821b-4b18-921b-a9942a4ec01a
1391,NULL,NULL,020.FM,"LABORER FM",NULL,FM,NULL,1,NULL,NULL,NULL,b52dc8f9-dd16-4e9e-844a-31622465534c
1392,NULL,NULL,020.FM3,"Laborer Foreman",NULL,FM3,NULL,1,NULL,NULL,NULL,acb4d040-3be7-4544-9e7b-e0bb1c1c3fa3
1393,NULL,NULL,020.FM7,"Laborer Foreman",NULL,FM7,NULL,1,NULL,NULL,NULL,9e746f35-6f85-4669-a7f4-4fc371dfdcea
1394,NULL,NULL,007.IW,"Ironworker Journeyman",NULL,IW,NULL,1,NULL,NULL,NULL,26048cab-b0e0-4060-a661-a031a6088c1c
1395,NULL,NULL,007.XSP,"Special Rate",NULL,XSP,NULL,1,NULL,NULL,NULL,7ba10006-92ed-429b-a09f-94d005e7984a
1396,NULL,NULL,020.SP,"LABORER SPECIAL",NULL,SP,NULL,1,NULL,NULL,NULL,3d61ac9b-aeb2-40ae-b5ad-d6efc1c8f967
1397,NULL,NULL,020.SP10,"Laborer Special Rate",NULL,SP10,NULL,1,NULL,NULL,NULL,531adc04-6906-47f3-a6a8-1fdd77c3f214
1398,NULL,NULL,020.SP1,"Laborer Special Rate",NULL,SP1,NULL,1,NULL,NULL,NULL,8063b2f3-9ea4-4f86-90c7-e85d95e81aa5
1399,NULL,NULL,020.FM5,"Laborer Foreman",NULL,FM5,NULL,1,NULL,NULL,NULL,736a0676-30bc-4dbd-9ec3-9fec09cd78bf
1400,NULL,NULL,020.FM6,"Lab FM Special Rate",NULL,FM6,NULL,1,NULL,NULL,NULL,33b3cf36-c2c9-47d0-afb0-be6e2aa960c0
1401,NULL,NULL,020.SP13,"Laborer Special Rate",NULL,SP13,NULL,1,NULL,NULL,NULL,d75026e6-eccd-487c-85e9-5ca6c60e21ab
1402,NULL,NULL,020.SP3,"Laborer Night shift",NULL,SP3,NULL,1,NULL,NULL,NULL,3c3c2742-bf08-4909-8096-34d51fa1bcf8
1403,NULL,NULL,020/AP.A85,"Laborer Apprentice 85%",NULL,A85,NULL,1,NULL,NULL,NULL,08f4b2af-4e9b-4dd6-ad49-31e003b53048
1404,NULL,NULL,020.SP7,"Laborer Special Rate",NULL,SP7,NULL,1,NULL,NULL,NULL,2bf455f9-1160-4dda-8daf-11d9f2e5a615
1405,NULL,NULL,020.SP11,"Laborer Special Rate",NULL,SP11,NULL,1,NULL,NULL,NULL,647bd211-140b-4fab-b396-790c18a8ccff
1406,NULL,NULL,020.SP4,"Laborer FM8 Night shift",NULL,SP4,NULL,1,NULL,NULL,NULL,d22229ba-3a50-4eb8-ae94-03e8df19bc24
1407,NULL,NULL,020.LB,"Laborer Journeyman",NULL,LB,NULL,1,NULL,NULL,NULL,3af19701-eb85-458a-8b8c-b9f4707b5cd3
1408,NULL,NULL,020.FM8,"Laborer Foreman",NULL,FM8,NULL,1,NULL,NULL,NULL,3202e2a1-e361-420b-8a04-02e3d28de0c0
1409,NULL,NULL,020/AP.A90,"Laborer Apprentice 90%",NULL,A90,NULL,1,NULL,NULL,NULL,629530b1-198e-4563-aa9c-3bfcc443f4ad
1410,NULL,NULL,020.SP2,"Laborer Special Rate",NULL,SP2,NULL,1,NULL,NULL,NULL,b02c9996-ed4a-4a3d-ae46-f72eed09b531
1411,NULL,NULL,020.SP8,"Laborer Special Rate",NULL,SP8,NULL,1,NULL,NULL,NULL,c0714523-c78f-4d6c-9289-37db8ddb85fc
1412,NULL,NULL,020.SP9,"LABORER SPECIAL",NULL,SP9,NULL,1,NULL,NULL,NULL,dd5b3d4d-b71b-42a3-836e-34aa90669617
1413,NULL,NULL,020/AP.A80,"Laborer Apprentice 80%",NULL,A80,NULL,1,NULL,NULL,NULL,3b05c7db-2f9c-4693-b394-e48423784f2f
1414,NULL,NULL,020.XSP,"Laborer Dale Kehoe",NULL,XSP,NULL,1,NULL,NULL,NULL,d4885c71-5129-4502-824b-32fc34c43d6e
1415,NULL,NULL,020.FM9,"Lab FM Special Rate",NULL,FM9,NULL,1,NULL,NULL,NULL,5b0f6c0f-8b79-41df-8c5c-c92bfeef1722
1416,NULL,NULL,007KEY.SP1,"Ironworker Special Rate",NULL,SP1,NULL,1,NULL,NULL,NULL,8d623300-d8ca-4cd8-9e0d-14e77404e4ff
1417,NULL,NULL,037.ASP1,"LaborerApprentice Special Rate",NULL,ASP1,NULL,1,NULL,NULL,NULL,f078bf64-bbd2-4a84-8696-f216b85ac7f8
1418,NULL,NULL,037.A87,"Laborer Apprentice 87%",NULL,A87,NULL,1,NULL,NULL,NULL,ad31293d-fef3-45f8-aeab-fe12f9c60411
1419,NULL,NULL,037.A95,"Laborer Apprentice 95%",NULL,A95,NULL,1,NULL,NULL,NULL,1fb89ea8-c6ea-43be-aaa8-dac7af963a23
1420,NULL,NULL,037.ASP,"LaborerApprentice Special Rate",NULL,ASP,NULL,1,NULL,NULL,NULL,275f42b0-1a52-413d-b394-54aebe64ecdc
1421,NULL,NULL,037.A80,"Laborer 80% Apprentice",NULL,A80,NULL,1,NULL,NULL,NULL,928e958b-8933-4233-8b56-b05a11e3b523
1422,NULL,NULL,037.FM10,"Laborer FM Special Rate in WA",NULL,FM10,NULL,1,NULL,NULL,NULL,3a6a88b5-0446-46b5-8049-af58b54b31a2
1423,NULL,NULL,037.FM6,"Laborer Foreman Special FM6",NULL,FM6,NULL,1,NULL,NULL,NULL,905f9334-23b8-46ec-88f5-687ab641a0e2
1424,NULL,NULL,037.FM5,"Laborer Foreman Special FM5",NULL,FM5,NULL,1,NULL,NULL,NULL,276ebbcd-52a8-4307-98c6-babe30a56fd2
1425,NULL,NULL,037.LBSP,"Laborer Special Rate +1.00",NULL,LBSP,NULL,1,NULL,NULL,NULL,75dca40e-5eac-4e25-aae2-d9a1394815b9
1426,NULL,NULL,037.FM2,"Laborer Foreman Special FM2",NULL,FM2,NULL,1,NULL,NULL,NULL,6e580642-6a67-40ba-a565-338b0a33224f
1427,NULL,NULL,037.FM3,"Laborer Foreman Special FM3",NULL,FM3,NULL,1,NULL,NULL,NULL,6037e8da-b9e6-4f4a-9a3c-4abee6916e52
1428,NULL,NULL,037.SP8,"LABORER SPECIAL",NULL,SP8,NULL,1,NULL,NULL,NULL,a05dbfff-4c28-4290-b780-d96065d25573
1429,NULL,NULL,037.SP4,"Laborer Night shift",NULL,SP4,NULL,1,NULL,NULL,NULL,58eb4199-0910-4347-a339-1cdb76e36f65
1430,NULL,NULL,037.FM1,"Laborer Foreman Special FM1",NULL,FM1,NULL,1,NULL,NULL,NULL,c0c59165-3ff7-4785-944e-d9e8f742d6ca
1431,NULL,NULL,037.SP2,"Laborer Special Rate - WI rate",NULL,SP2,NULL,1,NULL,NULL,NULL,68b40b3e-63ef-4755-a45e-7eac18e88804
1432,NULL,NULL,037.XSP,"Laborer  - Superintendent",NULL,XSP,NULL,1,NULL,NULL,NULL,1c535805-2550-4ed6-bc4f-09e700c16786
1433,NULL,NULL,037.FM4,"LaborerForeman Special FM4",NULL,FM4,NULL,1,NULL,NULL,NULL,6c4dd665-090c-46ba-b5e6-36a99f00a453
1434,NULL,NULL,037.FM8,"Laborer Foreman Special Rate",NULL,FM8,NULL,1,NULL,NULL,NULL,6430d738-3e48-4b44-9ebc-0bd39082a8a8
1435,NULL,NULL,037.LB,Laborer,NULL,LB,NULL,1,NULL,NULL,NULL,714b227f-6d4f-4ac4-9f0b-da181c65d1ce
1436,NULL,NULL,037.FM7,"Laborer Foreman",NULL,FM7,NULL,1,NULL,NULL,NULL,c08a2fad-5683-4917-be58-e1fc550fca1a
1437,NULL,NULL,037.SP10,"Laborer SP Night shift",NULL,SP10,NULL,1,NULL,NULL,NULL,ad988a93-a5b7-4694-a5a2-35944fa3d94e
1438,NULL,NULL,037.SP5,"Laborer SP9 Night shift",NULL,SP5,NULL,1,NULL,NULL,NULL,a9538b49-9e8d-41dc-a2cc-bbbbaef92e2e
1439,NULL,NULL,037.SP,"Laborer Special Rate Group 1",NULL,SP,NULL,1,NULL,NULL,NULL,c2b84837-eafd-4c97-a1db-b952a9bec032
1440,NULL,NULL,037.FM9,"Laborer Foreman Special",NULL,FM9,NULL,1,NULL,NULL,NULL,29ee1754-eaff-46e5-aa79-3f1d1b6e7f4a
1441,NULL,NULL,037/AP.A90,,NULL,A90,NULL,1,NULL,NULL,NULL,2f75900d-ee57-4091-9c70-679065e4e720
1442,NULL,NULL,037.FM,"Laborer Foreman",NULL,FM,NULL,1,NULL,NULL,NULL,c17ccf14-016f-4e6d-8bfa-343d079aec1b
1443,NULL,NULL,037/AP.A87,"Laborer Apprentice 87%",NULL,A87,NULL,1,NULL,NULL,NULL,683efec5-c91d-485f-805c-dbe02d09774b
1444,NULL,NULL,037.SP1,"Laborer Special Rate",NULL,SP1,NULL,1,NULL,NULL,NULL,9e5a2f64-508c-45a8-b763-41330463e304
1445,NULL,NULL,037.SP11,"Laborer Special Rate",NULL,SP11,NULL,1,NULL,NULL,NULL,31d6e475-53f2-4e35-b2a0-91b05c36f2e8
1446,NULL,NULL,037.FMSF,"Laborer Foreman special rate",NULL,FMSF,NULL,1,NULL,NULL,NULL,7dc86a13-f36c-434f-a888-a52863bd7621
1447,NULL,NULL,037.SP3,"LABORER SPECIAL",NULL,SP3,NULL,1,NULL,NULL,NULL,a846423e-4e17-438b-88b1-4e9229fb1382
1448,NULL,NULL,037.XSP1,"Laborer - Asst Sup",NULL,XSP1,NULL,1,NULL,NULL,NULL,51692b52-5155-40da-8678-3d87d8889b74
1449,NULL,NULL,037/AP.A95,"Laborer Apprentice 95%",NULL,A95,NULL,1,NULL,NULL,NULL,0c09402c-e0a6-42b6-abc6-d9ffdd151b9b
1450,NULL,NULL,037.SP9,"Laborer Special Rate",NULL,SP9,NULL,1,NULL,NULL,NULL,d8b3d7f5-aa8e-48a1-a9c6-1e11aee8e27a
1451,NULL,NULL,037/AP.A80,"Laborer Apprentice 80%",NULL,A80,NULL,1,NULL,NULL,NULL,a93e5649-dce1-43de-a059-63e7c17ab97d
1452,NULL,NULL,037/AP.ASP,"Laborer A95 night shift",NULL,ASP,NULL,1,NULL,NULL,NULL,2ca3ac8a-9df0-4ab3-8f1a-26271f2761e5
1453,NULL,NULL,037/AP.ASP1,"Laborer A87 night shift",NULL,ASP1,NULL,1,NULL,NULL,NULL,4bd42f45-168b-46ce-a188-24a066b49595
1454,NULL,NULL,038.A75,"OPERATOR APPRENTICE 75%",NULL,A75,NULL,1,NULL,NULL,NULL,4d7b37ca-2156-428f-a32d-2e63f4af0c03
1455,NULL,NULL,038.A775,"Operator Apprentice 77.5%",NULL,A775,NULL,1,NULL,NULL,NULL,83c9a3b4-795a-4f06-8f79-8f9f767efb1b
1456,NULL,NULL,038.A85,"Operator Appr 85% Universal",NULL,A85,NULL,1,NULL,NULL,NULL,de4d6779-6082-4d12-9841-aeb5cac17621
1457,NULL,NULL,038.ASP1,"Operator Special Rate Appr",NULL,ASP1,NULL,1,NULL,NULL,NULL,180e1804-4634-4f4f-a8ad-609520e39ea9
1458,NULL,NULL,038.ASP,"Operator Apprentice Special",NULL,ASP,NULL,1,NULL,NULL,NULL,d8c6c10d-7e50-40cd-977b-a759e846721b
1459,NULL,NULL,038.A70,"Operator Appr70% Universal",NULL,A70,NULL,1,NULL,NULL,NULL,bd6abe75-d8a8-403c-b993-c0ef2cb47211
1460,NULL,NULL,038.CN,"Operator Crand Group 1b",NULL,CN,NULL,1,NULL,NULL,NULL,5f4c44de-ef8b-4b21-af21-000f873ee6a4
1461,NULL,NULL,038.GR1,"Operator Special Rate",NULL,GR1,NULL,1,NULL,NULL,NULL,e7c3aad5-4480-4fd9-99bb-73aa3ff4a978
1462,NULL,NULL,038.GRP2,"Operator Group 2",NULL,GRP2,NULL,1,NULL,NULL,NULL,536d9f9f-5b2b-400e-9849-f137557e19f9
1463,NULL,NULL,038.GRP1,"Operator Group 1",NULL,GRP1,NULL,1,NULL,NULL,NULL,7ddb2f3a-66db-41da-a03c-e2901a21a183
1464,NULL,NULL,038.GR1S,"Operator Grp  1 - special Rate",NULL,GR1S,NULL,1,NULL,NULL,NULL,30c25638-a03c-4f00-8e06-8d5084d3546c
1465,NULL,NULL,038.GRP3,"OPERATOR Grp3",NULL,GRP3,NULL,1,NULL,NULL,NULL,77a99ee4-cf64-42b2-92fa-a4b8a08d704b
1466,NULL,NULL,038.GR1A,"Operator Special Rate",NULL,GR1A,NULL,1,NULL,NULL,NULL,3d3d307c-d6c5-4266-92c0-0f401a9e69f0
1467,NULL,NULL,038.GR1AS,"Operator Special Rate",NULL,GR1AS,NULL,1,NULL,NULL,NULL,76b4f07e-717c-496f-9176-2cdbfd33081b
1468,NULL,NULL,038.GRP4,"Operator Group 4",NULL,GRP4,NULL,1,NULL,NULL,NULL,97439b4a-b2f3-41d0-9911-b1cb7e797cf9
1469,NULL,NULL,038.GRP6,"Operator Group 6",NULL,GRP6,NULL,1,NULL,NULL,NULL,95678551-a180-4997-b7cb-5d7233cde6b7
1470,NULL,NULL,038.GR2S,"Operator Grp2 Special Rate",NULL,GR2S,NULL,1,NULL,NULL,NULL,e4d3aebf-aab9-4c9a-b6c6-2221b6522d0b
1471,NULL,NULL,038.SP,"Operator Special Rate",NULL,SP,NULL,1,NULL,NULL,NULL,9fe8aa0c-1214-4fa5-bc5b-47795ea0806b
1472,NULL,NULL,038.SP11,"Operator Special Rate",NULL,SP11,NULL,1,NULL,NULL,NULL,797ba214-c5f9-44da-bde7-468eaa06dd47
1473,NULL,NULL,038.SP1,"Operator Special Rate",NULL,SP1,NULL,1,NULL,NULL,NULL,1389b946-adb9-4a9f-a96f-50ccc83b599f
1474,NULL,NULL,038.SP10,"Operator Special Rate",NULL,SP10,NULL,1,NULL,NULL,NULL,832a0dba-bb25-4f6d-bab1-d5516d21b258
1475,NULL,NULL,038.SP3,"Operator Special Rate",NULL,SP3,NULL,1,NULL,NULL,NULL,2e0dd886-8d1c-4a3a-9d76-af0720fa44ac
1476,NULL,NULL,038.SP7,"Operator Special Rate",NULL,SP7,NULL,1,NULL,NULL,NULL,a92ef67c-c30e-4ab0-90ac-5e4fd417d524
1477,NULL,NULL,038.SP4,"Operator Special Rate",NULL,SP4,NULL,1,NULL,NULL,NULL,ae55aeba-fc91-4999-a61d-7bdf7d1e7688
1478,NULL,NULL,038.SP2,"Operator Special Rate",NULL,SP2,NULL,1,NULL,NULL,NULL,612dd52e-2b4a-4c29-9b47-c0ea099054d4
1479,NULL,NULL,038.SP6,"Operator Special Rate",NULL,SP6,NULL,1,NULL,NULL,NULL,5ee937cc-3f20-4b6b-bc24-24262998aecf
1480,NULL,NULL,038.SP9,"OPERATOR SPECIAL",NULL,SP9,NULL,1,NULL,NULL,NULL,bda36b4a-b36b-4447-9930-a66c36635396
1481,NULL,NULL,038.XSP,"Operator Sample/Scale",NULL,XSP,NULL,1,NULL,NULL,NULL,4bddc40d-96de-4ab4-8f79-79748f54c2b7
1482,NULL,NULL,038.SP5,"Operator Special Rate",NULL,SP5,NULL,1,NULL,NULL,NULL,4d9139a7-4ea5-4db9-89d5-96b3ad19ce12
1483,NULL,NULL,038/AP.A70,"Operator Apprentice 70%",NULL,A70,NULL,1,NULL,NULL,NULL,40d9dccf-30da-4068-a937-9226518099ba
1484,NULL,NULL,038.SP8,"Operator Special Rate",NULL,SP8,NULL,1,NULL,NULL,NULL,2174b057-319c-4d40-aa6f-be5e49b5b06e
1485,NULL,NULL,038/AP.A85,"Operator Appr 85%",NULL,A85,NULL,1,NULL,NULL,NULL,318f9291-a921-4504-a93f-d62a20b118e3
1486,NULL,NULL,038/AP.A775,"Operator Appr 77.5%",NULL,A775,NULL,1,NULL,NULL,NULL,d3d3bf57-5c76-4cd2-96c3-7655a72f6ade
1487,NULL,NULL,038/AP.ASP,"Operator Appr Special Rate",NULL,ASP,NULL,1,NULL,NULL,NULL,5ca5c258-178c-4d19-8130-ff1fda59e9c7
1488,NULL,NULL,041.A70,"CEMENT FINISHER APPR",NULL,A70,NULL,1,NULL,NULL,NULL,6fd48dca-2ea8-4c2b-a2e8-0acbff9acd5a
1489,NULL,NULL,041.A75,"Cement Finisher Apprentice 75%",NULL,A75,NULL,1,NULL,NULL,NULL,9e84c191-646a-42a3-bd5e-47dcd62effca
1490,NULL,NULL,041.A80,"Cement Finisher Apprentice 80%",NULL,A80,NULL,1,NULL,NULL,NULL,5a46b57c-617e-424f-b1a7-38697a073b1e
1491,NULL,NULL,041.A85,"Cement Finisher Apprentice",NULL,A85,NULL,1,NULL,NULL,NULL,a068b058-669c-471f-a8bd-f4f6d43b5681
1492,NULL,NULL,041.A90,"CEM FIN APPR",NULL,A90,NULL,1,NULL,NULL,NULL,65fd9d02-72e5-4bae-8ea1-b8fdb5e057d2
1493,NULL,NULL,041.FM2,"Cement Finisher Foreman",NULL,FM2,NULL,1,NULL,NULL,NULL,ee931d53-b95c-477b-9fa5-bd59f270dd41
1494,NULL,NULL,041.FM3,"Cem Fin FM rate at Michigan",NULL,FM3,NULL,1,NULL,NULL,NULL,0b9b1ff8-8115-44be-9720-f4a1856defc4
1495,NULL,NULL,041.CF,"Cement Finisher",NULL,CF,NULL,1,NULL,NULL,NULL,07daa7fd-4713-42d6-ba40-e390e34a79a7
1496,NULL,NULL,041.FM,"Cement Finisher Special",NULL,FM,NULL,1,NULL,NULL,NULL,544e2677-2ff0-46b0-86b7-6883fe4c425a
1497,NULL,NULL,041.FM1,"Cement Finisher Foreman",NULL,FM1,NULL,1,NULL,NULL,NULL,cd3e60c0-834a-42a2-9107-6a0a15276fcb
1498,NULL,NULL,041.FMSP,"Cement Finisher Special",NULL,FMSP,NULL,1,NULL,NULL,NULL,48e1f6f6-853d-42bd-9377-2f50fa87707b
1499,NULL,NULL,041.SP2,"Cement Finisher FM night",NULL,SP2,NULL,1,NULL,NULL,NULL,421db06d-e718-4115-ae62-8422eee1321f
1500,NULL,NULL,041.SP1,"Cement Finisher Special",NULL,SP1,NULL,1,NULL,NULL,NULL,d311c512-1f70-4dd3-ad8e-ec181826fd4a
1501,NULL,NULL,041.SP,"Cement Finisher Special",NULL,SP,NULL,1,NULL,NULL,NULL,727be300-d446-405f-8129-2ab7e07fb91d
1502,NULL,NULL,050SP.XSP3,"Carpenter Special Rate",NULL,XSP3,NULL,1,NULL,NULL,NULL,82b6b38a-0f18-455b-bd9b-96dd0702a126
1503,NULL,NULL,050SP.FM3,"Carpenter Foreman Special Rate",NULL,FM3,NULL,1,NULL,NULL,NULL,08bfc7a5-feff-4548-80bd-5f5c6ec1464e
1504,NULL,NULL,055/AP.A90,"Ironworker Appr 90%",NULL,A90,NULL,1,NULL,NULL,NULL,71bd9988-4a8a-46ac-9446-a32b13b1ad50
1505,NULL,NULL,055/AP.A70,"Ironworker Apprentice 70%",NULL,A70,NULL,1,NULL,NULL,NULL,68635195-8c8d-40e6-ba86-6fcf39b53048
1506,NULL,NULL,055/AP.A82,"Ironworker Appr 82%",NULL,A82,NULL,1,NULL,NULL,NULL,5db961a6-5ae7-4e4c-995e-d55ac3eba4f1
1507,NULL,NULL,089.A80,"Carpenter Apprentice A80",NULL,A80,NULL,1,NULL,NULL,NULL,6fdd56b0-98b9-4710-919a-decaf8e28bc2
1508,NULL,NULL,089.CR,"Carpenter Journeyman",NULL,CR,NULL,1,NULL,NULL,NULL,bd1a1892-a20c-401c-aa8b-a1490a62ae40
1509,NULL,NULL,089.A85,"Carpenter Apprentice A85",NULL,A85,NULL,1,NULL,NULL,NULL,31791b1d-1062-4a3d-8ccb-5c277951f03a
1510,NULL,NULL,089.FM1,"Carpenter Foreman FM1",NULL,FM1,NULL,1,NULL,NULL,NULL,8a15da0e-1687-43dc-8d18-f6a6f05c9fac
1511,NULL,NULL,089.SP13,"Carpenter Special Rate Old",NULL,SP13,NULL,1,NULL,NULL,NULL,954ee208-803c-4abf-b9d6-4d5f584ee496
1512,NULL,NULL,089.SP,"Carpenter Special Rate SP",NULL,SP,NULL,1,NULL,NULL,NULL,be2c1aee-7e22-47ba-9250-dbf7d27b6689
1513,NULL,NULL,089.FM,"Carpenter Foreman FM",NULL,FM,NULL,1,NULL,NULL,NULL,7711df08-8407-4e8a-8b21-17a92f10b3a6
1514,NULL,NULL,089.WL,"Carpenter Certified Welder",NULL,WL,NULL,1,NULL,NULL,NULL,b3e2fb30-3167-4908-896e-21f0044e72ca
1515,NULL,NULL,089.SP4,"Carpenter Special Rate SP4",NULL,SP4,NULL,1,NULL,NULL,NULL,acb902ce-84a8-42df-9972-bc917fb2c33e
1516,NULL,NULL,089/A8.A90,"Carpenter Apprentice 90%",NULL,A90,NULL,1,NULL,NULL,NULL,c0bc835d-c72e-4e88-bfd9-7b39e60f592c
1517,NULL,NULL,089/A8.ASP,"Carpenter Apprentice Special",NULL,ASP,NULL,1,NULL,NULL,NULL,382448e2-8fdb-40fa-b699-a9418ad7b53b
1518,NULL,NULL,089/A8.ASP1,"Carpenter Apprentice Special",NULL,ASP1,NULL,1,NULL,NULL,NULL,7cc0302c-e163-48d8-aceb-745e560c1520
1519,NULL,NULL,089/SP.FM2,"Carpenter Foreman Special Rate",NULL,FM2,NULL,1,NULL,NULL,NULL,76f4bf38-2355-47c6-a5b1-25bfed45232d
1520,NULL,NULL,089/SP.FM,"Carpenter Foreman FM",NULL,FM,NULL,1,NULL,NULL,NULL,9c7ce861-5d00-4911-bee8-3dd25f411646
1521,NULL,NULL,089/SP.FM5,"Carpenter Foreman Night shi",NULL,FM5,NULL,1,NULL,NULL,NULL,2f433da1-a5bf-4a32-9029-a543fca654f4
1522,NULL,NULL,089/SP.FM1,"Carpenter Foreman Special FM1",NULL,FM1,NULL,1,NULL,NULL,NULL,234c4bae-aba9-4d48-b940-72d804d5346e
1523,NULL,NULL,089/SP.FM3,"Carpenter Foreman special rate",48.51,FM3,NULL,1,NULL,NULL,NULL,67eb289f-c188-445f-a815-990f190b856d
1524,NULL,NULL,089/SP.FM9,"Carpenter Foreman Special Rate",NULL,FM9,NULL,1,NULL,NULL,NULL,c54749b4-b609-4c64-94d2-40c001bc7056
1525,NULL,NULL,089/SP.SP5,"Carpenter FM Special Rate",NULL,SP5,NULL,1,NULL,NULL,NULL,8921f48d-091e-4a1e-a888-18f073a90101
1526,NULL,NULL,089/SP.SP1,"Carpenter FM night shift",NULL,SP1,NULL,1,NULL,NULL,NULL,4c389084-64b8-4b66-a956-7ce7ffe44cdc
1527,NULL,NULL,089/SP.SP,"Carpenter Special Rate SP",NULL,SP,NULL,1,NULL,NULL,NULL,be4fa0e6-21af-4790-b2e0-61f312c19cbb
1528,NULL,NULL,090.FM2,"Ironworker Foreman",NULL,FM2,NULL,1,NULL,NULL,NULL,c5320a49-70f7-4789-a193-4a8a237d971d
1529,NULL,NULL,090.A60,"Ironworker 60% Apprentice",NULL,A60,NULL,1,NULL,NULL,NULL,f22eab56-f788-4b8e-b4de-85ba8af200db
1530,NULL,NULL,090.IW,Ironworker,NULL,IW,NULL,1,NULL,NULL,NULL,57afd26e-5ca4-4d58-a6fd-2b65ec6136b6
1531,NULL,NULL,090.FM,"Ironworker Foreman",NULL,FM,NULL,1,NULL,NULL,NULL,087d780d-99f8-47a8-802f-0f56376be3c2
1532,NULL,NULL,110.A90,"Cement Finisher Apprentice A90",NULL,A90,NULL,1,NULL,NULL,NULL,89a790c2-bc88-48e5-a872-7b6274b9c706
1533,NULL,NULL,110.FM3,"Cement Finisher Special Rate",NULL,FM3,NULL,1,NULL,NULL,NULL,ebaf0561-ee96-4e12-89eb-82a0b39cab77
1534,NULL,NULL,110.SP,"Cement Finisher special rate",NULL,SP,NULL,1,NULL,NULL,NULL,0c6f270d-05ca-434f-a708-f77d14d61bc2
1535,NULL,NULL,090.A95,"Ironworker 95% Apprentice",NULL,A95,NULL,1,NULL,NULL,NULL,0b81c436-f738-41a5-8c12-f252e3c4f933
1536,NULL,NULL,110.FM,"Cement Finisher Foreman FM",NULL,FM,NULL,1,NULL,NULL,NULL,717363eb-320e-4329-86ea-70e764da1ab7
1537,NULL,NULL,090.A55S,"Ironworker Appr 55% Special",NULL,A55S,NULL,1,NULL,NULL,NULL,a5adbf5e-b2c1-412d-ac19-3b80685fc6bb
1538,NULL,NULL,110.FM1,"Cement Finisher Foreman FM1",NULL,FM1,NULL,1,NULL,NULL,NULL,63a0f521-3301-4960-8bd0-a4413621f200
1539,NULL,NULL,110.FM2,"Cement Finisher Foreman FM2",NULL,FM2,NULL,1,NULL,NULL,NULL,4108b88f-1021-4f48-ab24-7c227dd3db45
1540,NULL,NULL,110.CF,"Cement Finisher Journeyman",NULL,CF,NULL,1,NULL,NULL,NULL,7b09cc23-e23c-42fd-8ce4-672fec3426f8
1541,NULL,NULL,199.FM1,"Cem Finisher FM Special Rate",NULL,FM1,NULL,1,NULL,NULL,NULL,bb00d2e0-5ea6-466d-969c-7add7437749f
1542,NULL,NULL,199.FM,"Cement Finisher Special Rate",NULL,FM,NULL,1,NULL,NULL,NULL,33255afc-b668-4cf4-8ad0-1ae562c757c8
1543,NULL,NULL,206.ASP,"Carp Appr Special Rate",NULL,ASP,NULL,1,NULL,NULL,NULL,6dc9562c-c7f4-4b20-9756-7d90433e39bc
1544,NULL,NULL,199.CF,"Cement Finisher",NULL,CF,NULL,1,NULL,NULL,NULL,27175f91-efd5-4072-9c83-746c6585c7e1
1545,NULL,NULL,199.FM2,"Cement Finisher FM Speciall",NULL,FM2,NULL,1,NULL,NULL,NULL,fa970f93-9f60-4748-bd5c-9f74f87b1a2a
1546,NULL,NULL,207.ASP,"Carpenter Special Rate",NULL,ASP,NULL,1,NULL,NULL,NULL,624e4b17-5b88-4acb-b2ce-1adcb3268786
1547,NULL,NULL,207.ASP1,"Carp Apprentice Special Rate",NULL,ASP1,NULL,1,NULL,NULL,NULL,3fc82260-1b93-4113-b8ce-043e779276b6
1548,NULL,NULL,206.FM,"Carp Foreman Special Rate",NULL,FM,NULL,1,NULL,NULL,NULL,18d9d5d0-01be-4a51-8b6c-9153bbbc5c88
1549,NULL,NULL,206.CR,"Carpenter journeyman",NULL,CR,NULL,1,NULL,NULL,NULL,f39d5162-00ba-4f7a-ba48-9b9a1672362e
1550,NULL,NULL,207.CR,Carpenter,NULL,CR,NULL,1,NULL,NULL,NULL,e42664a9-d822-460e-8a52-9dc2b77bb1ad
1551,NULL,NULL,207.FM1,"Carpenter Foreman special rate",NULL,FM1,NULL,1,NULL,NULL,NULL,37bdd6f5-8322-4d3f-8614-ade16931f3fb
1552,NULL,NULL,207.FM,"Carpenter Foreman Special Rate",NULL,FM,NULL,1,NULL,NULL,NULL,74d9064c-af19-4e8a-bef7-c6b727a03150
1553,NULL,NULL,207.SP,"Carpenter Special Rate",NULL,SP,NULL,1,NULL,NULL,NULL,9a57daf2-8299-459b-8a88-bf28fb5e346e
1554,NULL,NULL,207.SP2,"Carpenter Special Rate",NULL,SP2,NULL,1,NULL,NULL,NULL,f4b8e252-23eb-4c86-9353-118bad0d278e
1555,NULL,NULL,207.WL,"Carpenter Welder",NULL,WL,NULL,1,NULL,NULL,NULL,6881df5e-7778-4f0c-bf02-78bd0e32891d
1556,NULL,NULL,207.SP1,"Carpenter Special Rate",NULL,SP1,NULL,1,NULL,NULL,NULL,c8b05ac5-f360-47b4-a93f-e202c198144e
1557,NULL,NULL,207KEY.FM,"Carpenter Foreman",NULL,FM,NULL,1,NULL,NULL,NULL,c4a35535-84e8-45b8-abce-019de5751cb3
1558,NULL,NULL,207KEY.CR,"Carpenter WI",NULL,CR,NULL,1,NULL,NULL,NULL,f95f09a8-39e9-4702-9e96-493a55c5e209
1559,NULL,NULL,207.FMSF,"CarpenterSub FM - special rate",NULL,FMSF,NULL,1,NULL,NULL,NULL,4abe60f6-93dc-48c6-894c-561dbd475c66
1560,NULL,NULL,207KEYMN.A80,"Pile Appr 80%",NULL,A80,NULL,1,NULL,NULL,NULL,1fa297be-2d4b-4849-94d8-bf94d3c2f2bd
1561,NULL,NULL,207KEY.FM12,"Carp FM Special Rate",NULL,FM12,NULL,1,NULL,NULL,NULL,a1d24515-a69a-4101-8996-07e1bb21bc25
1562,NULL,NULL,209.A60S,"Carp Appr Special Rate",NULL,A60S,NULL,1,NULL,NULL,NULL,1552e35a-30ca-410e-9d2a-91d214f68ad2
1563,NULL,NULL,207KEY.FM5,"Carp FM Special Rate",NULL,FM5,NULL,1,NULL,NULL,NULL,0a6dfa28-fc46-42e8-8de6-ca732e517c4d
1564,NULL,NULL,209.CR,Carpenter,NULL,CR,NULL,1,NULL,NULL,NULL,13c144ef-a8a1-4565-a8b4-3378e21b7989
1565,NULL,NULL,209.ASP,"Carp Appr Special Rate",NULL,ASP,NULL,1,NULL,NULL,NULL,5ae96063-30c2-45b3-9de1-848a3aeb5711
1566,NULL,NULL,209KEY1.CR,Carpenter,NULL,CR,NULL,1,NULL,NULL,NULL,908251b8-1523-4c8c-b431-5fcc7bbdeb35
1567,NULL,NULL,209KEY.FM4,"Carpenter Foreman",NULL,FM4,NULL,1,NULL,NULL,NULL,dafaeec1-9f59-44f5-a21e-54c90bb764c0
1568,NULL,NULL,209.SP,"Carpenter Special Rate",NULL,SP,NULL,1,NULL,NULL,NULL,74449d4a-7ef3-4090-8725-c4441a9c04a9
1569,NULL,NULL,211.ASP,"Operator Appr Special Rate",NULL,ASP,NULL,1,NULL,NULL,NULL,5679c2b4-9f29-40aa-ac87-7197cca88ca4
1570,NULL,NULL,211.ASP1,"Operator Appr Special Rate",NULL,ASP1,NULL,1,NULL,NULL,NULL,9942439b-83e3-4557-b195-d8a81d0c825e
1571,NULL,NULL,211.CCO,"Operatpr Zone 2 CCO",NULL,CCO,NULL,1,NULL,NULL,NULL,85ef0bdc-6da2-48ef-9a43-b68114838c04
1572,NULL,NULL,211.GR1,"Operator Special Rate",NULL,GR1,NULL,1,NULL,NULL,NULL,0b8dcfba-e5c0-4f3f-a764-eaabb2964221
1573,NULL,NULL,211.GRA,"Operator Zone 2 Class A",NULL,GRA,NULL,1,NULL,NULL,NULL,d8b71280-2c64-439a-98a1-fca75d4aed43
1574,NULL,NULL,211.GR3,"Oper CCO Zone 1",NULL,GR3,NULL,1,NULL,NULL,NULL,0b2b01b1-9182-4997-96a0-6050fa0a0c24
1575,NULL,NULL,211.GR3C,"Oper Oiler Zone 3 for Lansing",NULL,GR3C,NULL,1,NULL,NULL,NULL,ce6b7a9f-257b-44ad-859b-b02781ffa2e8
1576,NULL,NULL,211.CN,"Operator Special Rate",NULL,CN,NULL,1,NULL,NULL,NULL,696998ab-eb00-4b26-b1fa-e2ab5071ad63
1577,NULL,NULL,211.GRP1,"Operator Z1A Class A",NULL,GRP1,NULL,1,NULL,NULL,NULL,f6c7b2cd-f908-4fa9-b4d9-e5f5cbd25cd1
1578,NULL,NULL,211.GR1S,"Operator Special Rate",NULL,GR1S,NULL,1,NULL,NULL,NULL,b6aab412-7f08-4cc7-ad92-ce4b47a8375b
1579,NULL,NULL,211.GR1C,"Operator Zone 3 CCO Special",NULL,GR1C,NULL,1,NULL,NULL,NULL,249af6b2-48ca-4bb5-a632-49dd9e9aae0c
1580,NULL,NULL,211.GR1B,"Operator with GR1B of WI",NULL,GR1B,NULL,1,NULL,NULL,NULL,6b26679a-0387-48d7-a597-ef05b70c47e4
1581,NULL,NULL,211KEY.ASP,"Operator Appr Special Rate",NULL,ASP,NULL,1,NULL,NULL,NULL,f6e49776-f7bf-415c-85a9-e76ab33f791d
1582,NULL,NULL,211KEY.GR1AS,"Oper Group 1 special rate",NULL,GR1AS,NULL,1,NULL,NULL,NULL,ea9e0736-0d9b-4d9f-9e8a-588aff8024d6
1583,NULL,NULL,211.GR1A,"Operators Special Rate",NULL,GR1A,NULL,1,NULL,NULL,NULL,1dba5f82-5773-4c5d-bb1c-3731fd6e44b4
1584,NULL,NULL,211KEYMO.GR1S,"Operator Special Rate",NULL,GR1S,NULL,1,NULL,NULL,NULL,c8e1cf1b-48e3-4bb5-8fb8-0d26eca718a5
1585,NULL,NULL,211KEY.GR1A,"Operator Grp1a",NULL,GR1A,NULL,1,NULL,NULL,NULL,bdfa381f-2d86-43b2-8323-09873588c39a
1586,NULL,NULL,214.LB,Laborer,NULL,LB,NULL,1,NULL,NULL,NULL,62c0e4f6-f965-418d-8077-0eee41e1ce3f
1587,NULL,NULL,214.FM1,"Laborer Foreman",NULL,FM1,NULL,1,NULL,NULL,NULL,f5e230a7-cf75-4c93-88ee-b6dbf600ec4d
1588,NULL,NULL,214.FM,"Laborer Foreman Special Rate",NULL,FM,NULL,1,NULL,NULL,NULL,cf2a6955-49bf-4816-8c00-6be1bbd06437
1589,NULL,NULL,214.FMSF,"Foreman Special Rate",NULL,FMSF,NULL,1,NULL,NULL,NULL,adc0cac0-2eca-4b2f-a482-ae187c393930
1590,NULL,NULL,214.FM3,"Laborer FM Special",NULL,FM3,NULL,1,NULL,NULL,NULL,404cf6b0-9693-4a4d-931c-86802bcbdf0b
1591,NULL,NULL,214.XSP,"Laborer Special Rate",NULL,XSP,NULL,1,NULL,NULL,NULL,b174a28f-4fd8-482e-9c36-63787ac6124f
1592,NULL,NULL,214.LBSP,"Laborer Special Rate",NULL,LBSP,NULL,1,NULL,NULL,NULL,9eb21c18-4cc7-4589-a715-5410a6dfd752
1593,NULL,NULL,214.FM15,"Laborer FM Special Rate",NULL,FM15,NULL,1,NULL,NULL,NULL,804dbcbf-b94d-44c3-93fa-a24ae6950436
1594,NULL,NULL,214.SP1,"Laborer Special Rate",NULL,SP1,NULL,1,NULL,NULL,NULL,7b2fcb04-fa9d-43cc-831f-95f87cb96b78
1595,NULL,NULL,222KEY.FM5,"Foreman Special Rate",NULL,FM5,NULL,1,NULL,NULL,NULL,bfbc2638-c529-4865-bb91-88ee5ebfb0d2
1596,NULL,NULL,226.A95,"Ironworker apprentice 95%",NULL,A95,NULL,1,NULL,NULL,NULL,6500bdd6-25a7-40b8-b3fc-37391617b0e9
1597,NULL,NULL,226.IWSP2,"Ironworker Special Rate",NULL,IWSP2,NULL,1,NULL,NULL,NULL,38244fa9-4ea2-41dc-a990-38b6f97f1171
1598,NULL,NULL,226KEY.FM6,"Ironworker FM Special Rate",NULL,FM6,NULL,1,NULL,NULL,NULL,f224e54c-abb2-44cf-a05e-b2b74483601f
1599,NULL,NULL,243.X601,Operator,NULL,X601,NULL,1,NULL,NULL,NULL,7d96e7cc-3f8b-4287-b01e-cd5969bc2916
1600,NULL,NULL,226.IWSP1,"Ironworker Special Rate",NULL,IWSP1,NULL,1,NULL,NULL,NULL,2fda1efe-a486-4cf8-8ac5-8af595cc96c9
1601,NULL,NULL,226.IWSP,"Ironworker Special Rate",NULL,IWSP,NULL,1,NULL,NULL,NULL,7241b122-e48f-467b-98ca-aff64adc36a6
1602,NULL,NULL,222KEY.FM12,"Foreman Special Rate",NULL,FM12,NULL,1,NULL,NULL,NULL,1935a6f5-9746-40ea-8447-1ad265e02372
1603,NULL,NULL,226.IW,Ironworker,NULL,IW,NULL,1,NULL,NULL,NULL,1512204f-09f0-4bee-8f87-3a439d5c231c
1604,NULL,NULL,226.A80,"Ironworker Apprentice 80%",NULL,A80,NULL,1,NULL,NULL,NULL,a1d63b9d-ed3d-4828-b8b1-d45f38cb3f15
1605,NULL,NULL,226.A75,"Ironworker Apprentice 75%",NULL,A75,NULL,1,NULL,NULL,NULL,97832c99-f024-48d4-bf5a-2118f2cb95c8
1606,NULL,NULL,226.A85,"Ironworker Apprentice 85%",NULL,A85,NULL,1,NULL,NULL,NULL,724ba58d-b54e-4b36-96f2-db4e97a2ada7
1607,NULL,NULL,312.A95,"Laborer Apprentice 95%",NULL,A95,NULL,1,NULL,NULL,NULL,34f50fb3-9111-4a25-8feb-573c6a7074a7
1608,NULL,NULL,313.CF,"Cement Finisher Journeyman",NULL,CF,NULL,1,NULL,NULL,NULL,1dd8cb9d-3fcf-4ee4-b7f1-18fa8cea6c0e
1609,NULL,NULL,312.LB,"Laborer Journeyman",NULL,LB,NULL,1,NULL,NULL,NULL,db799d4b-d2af-4ec9-8aa9-65c59cf25593
1610,NULL,NULL,312.FM7,"Laborer Foreman Special Rate",NULL,FM7,NULL,1,NULL,NULL,NULL,32d813c7-77ce-4c42-9f38-c238dade557f
1611,NULL,NULL,313.FM4,"Cement Finisher FM Special Rat",NULL,FM4,NULL,1,NULL,NULL,NULL,2c3a00cb-78e6-4333-ae32-f8ee0bfe63bd
1612,NULL,NULL,320.FM,"Carpenter FM special rate",NULL,FM,NULL,1,NULL,NULL,NULL,ea9ae2e5-8759-4bd0-90ad-0b2add2645dc
1613,NULL,NULL,320.FM1,"Carpenter FM Special Rate",NULL,FM1,NULL,1,NULL,NULL,NULL,42140c5c-ccbc-4b96-9922-efd25bb09ee7
1614,NULL,NULL,320.CR,Carpenter,NULL,CR,NULL,1,NULL,NULL,NULL,99356b78-315f-4079-b2cf-77ef75c3b7f9
1615,NULL,NULL,380.A95,"Laborer 95% - Class I",NULL,A95,NULL,1,NULL,NULL,NULL,266e3896-9956-4952-b3b0-92cafe73a5d8
1616,NULL,NULL,380.FM1,"Laborer FM Class II",NULL,FM1,NULL,1,NULL,NULL,NULL,d82cf4b5-d9b0-4f30-aa3a-ae956a6be2d3
1617,NULL,NULL,380.A75,"Laborer 75% - Class I",NULL,A75,NULL,1,NULL,NULL,NULL,e369eca1-9ec2-4cd6-8692-caa051f0d43d
1618,NULL,NULL,380.ASP,"Laborer Appr Special Rate",NULL,ASP,NULL,1,NULL,NULL,NULL,97d3bad5-afda-438c-b452-dba4656bedac
1619,NULL,NULL,380.FM,"Laborer Foreman Class I",NULL,FM,NULL,1,NULL,NULL,NULL,afea3378-e9e6-47f0-a517-65acf29cb494
1620,NULL,NULL,380.FM5,"Laborer Foreman Special Rate",NULL,FM5,NULL,1,NULL,NULL,NULL,3e1fdf9e-7b0d-43bc-982c-72918174f203
1621,NULL,NULL,380.FM4,"Laborer Foreman Special Rate",NULL,FM4,NULL,1,NULL,NULL,NULL,09fd20a4-2591-4b41-8c7d-1597adb0e38b
1622,NULL,NULL,380.FM6,"Laborer Foreman Class III",NULL,FM6,NULL,1,NULL,NULL,NULL,601d6e37-f108-46ee-a38c-49481b35f962
1623,NULL,NULL,380.FM2,"Laborer Foreman Special Rate",NULL,FM2,NULL,1,NULL,NULL,NULL,9ebfcc72-4402-4836-b876-1a99eb339013
1624,NULL,NULL,380.FM7,"Laborer FM special rate",NULL,FM7,NULL,1,NULL,NULL,NULL,8eb30f41-282a-4eb5-8da9-1b7e2a5c7823
1625,NULL,NULL,380.LB,"Laborer Class I",NULL,LB,NULL,1,NULL,NULL,NULL,671c3648-2247-4bd1-ac58-0b5e2214bffd
1626,NULL,NULL,380.FMSP,"Laborer Foreman Special Rate",NULL,FMSP,NULL,1,NULL,NULL,NULL,5dd4cc15-7bcd-4e2f-8d5f-511e20d87717
1627,NULL,NULL,380.LBSP,"Laborer Old Rate",NULL,LBSP,NULL,1,NULL,NULL,NULL,2e464b05-7570-4d6a-b3a3-7320d9c6942e
1628,NULL,NULL,380.SP,"Laborer Special Rate",NULL,SP,NULL,1,NULL,NULL,NULL,7d2f70cc-1fa6-4f15-b1aa-eb8a2c05da36
1629,NULL,NULL,380.SP1,"Laborer Special Rate",NULL,SP1,NULL,1,NULL,NULL,NULL,63b25720-ade9-4102-99c0-e0abe5a1ba7d
1630,NULL,NULL,391.CN,"Cert Crane w/ no oiler",NULL,CN,NULL,1,NULL,NULL,NULL,eaf505dc-e65a-49f5-bf9e-13e9a6ea6541
1631,NULL,NULL,495.SP2,"Ironworker  Special Rate at NE",NULL,SP2,NULL,1,NULL,NULL,NULL,17b2fd81-8c69-4c85-b85f-2e9e8b2f6a85
1632,NULL,NULL,495.IW,"Ironworker Journeyman",NULL,IW,NULL,1,NULL,NULL,NULL,850eeec0-7ae6-43a2-9e6e-8cc15759135b
1633,NULL,NULL,495.SP1,"Ironworker Special Rate SP1",NULL,SP1,NULL,1,NULL,NULL,NULL,67129973-9c23-4749-a84d-db98a8882261
1634,NULL,NULL,495.SP3,"Ironworker Journeyman night",NULL,SP3,NULL,1,NULL,NULL,NULL,3fffd393-b87a-46fd-b47c-44ae16f45709
1635,NULL,NULL,495/AP.A70,"Ironworker Appr 70%",NULL,A70,NULL,1,NULL,NULL,NULL,192b490b-8054-4703-b2ac-6cc91de8e2eb
1636,NULL,NULL,495FM.SP,"Ironworker FM Night",NULL,SP,NULL,1,NULL,NULL,NULL,a148aac5-7f3f-44ac-a0b9-c58d84346bc0
1637,NULL,NULL,495/AP.A85,"Ironworker Apprentice A85",NULL,A85,NULL,1,NULL,NULL,NULL,5cb8712f-debb-4e80-a112-f447e93056a6
1638,NULL,NULL,495/AP.A95,"Ironworker Apprentice A95",NULL,A95,NULL,1,NULL,NULL,NULL,74ed1b3f-dea5-440b-ad74-7c1727e97152
1639,NULL,NULL,495FM.FM,"Ironworker Foreman",NULL,FM,NULL,1,NULL,NULL,NULL,60af27a0-37ce-4301-a4dd-9fef3a19df9c
1640,NULL,NULL,495/AP.A75,"Ironworker Apprentice A75",NULL,A75,NULL,1,NULL,NULL,NULL,314f78dd-f78e-4722-8944-a23159b74ade
1641,NULL,NULL,496.AP2,"Oper Appr 2nd step",NULL,AP2,NULL,1,NULL,NULL,NULL,97ed6e67-5f57-4ae4-92c3-75216dbb64b5
1642,NULL,NULL,496.AP2SP,"Oper Appr 2nd - Special Rate",NULL,AP2SP,NULL,1,NULL,NULL,NULL,c5748a50-0abb-4213-b69a-7ffc86044c2d
1643,NULL,NULL,496.AP3SP,"Oper Appr 3rd step spec rate",NULL,AP3SP,NULL,1,NULL,NULL,NULL,38674191-5950-4134-8571-5356a6f88640
1644,NULL,NULL,496.AP3,"Oper Appr 3rd step",NULL,AP3,NULL,1,NULL,NULL,NULL,a873c275-4cc3-45d6-98d0-2ca26096d5a8
1645,NULL,NULL,496.AP4,"Oper Appr 4th step",NULL,AP4,NULL,1,NULL,NULL,NULL,a701c9d7-a2b4-4115-9b5c-991d02f3d96c
1646,NULL,NULL,496.ASP,"Oper Spec  Rate Step 6 person",NULL,ASP,NULL,1,NULL,NULL,NULL,b3185e83-5c5c-4731-bb24-d42b5f7002b4
1647,NULL,NULL,496.AP5SP,"Oper Appr 5th step spec rate",NULL,AP5SP,NULL,1,NULL,NULL,NULL,802dea8e-7c10-4eb5-9382-66813805c509
1648,NULL,NULL,496.AS5,"Operator Appr Special 5th step",NULL,AS5,NULL,1,NULL,NULL,NULL,9de86b0f-b08f-4182-9080-590bea32f4f2
1649,NULL,NULL,496.ASP1,"Oper Special Rate 1st step 70%",NULL,ASP1,NULL,1,NULL,NULL,NULL,60a5695a-78e9-4d08-988c-960741fe16d8
1650,NULL,NULL,496.AP5,"Oper Appr 5th step",NULL,AP5,NULL,1,NULL,NULL,NULL,c201eb52-e95d-426a-bf48-f1154d2a010d
1651,NULL,NULL,496.ASP4,"Oper Spec Rate 4th step 85%",NULL,ASP4,NULL,1,NULL,NULL,NULL,a1e0a5ae-fb44-4be9-a6f2-44dff0623950
1652,NULL,NULL,496.FM3,"Operator Special Foreman Rate",NULL,FM3,NULL,1,NULL,NULL,NULL,f24e349c-528d-4dc5-ad6a-4b7da592b718
1653,NULL,NULL,496.FM1,"Oper FM - Special Rate",NULL,FM1,NULL,1,NULL,NULL,NULL,3bdcea79-3853-4d53-a3ab-1635a9276607
1654,NULL,NULL,496.FM2,"Operator Foreman",NULL,FM2,NULL,1,NULL,NULL,NULL,9e8515d6-8a4e-4950-a675-8e2caf81867a
1655,NULL,NULL,496.FM5,"Operator Foreman",NULL,FM5,NULL,1,NULL,NULL,NULL,c56273a5-cf95-426b-8fb4-ed9f63daa160
1656,NULL,NULL,496.FM6,"Operator Foreman Special Rate",NULL,FM6,NULL,1,NULL,NULL,NULL,5a1f4049-3112-420a-af9f-92148a044039
1657,NULL,NULL,496.GR3,"old group 3",NULL,GR3,NULL,1,NULL,NULL,NULL,2b28f4ff-e7fe-4f83-bd1d-ecaff098a638
1658,NULL,NULL,496.FM4,"Operator Foreman",NULL,FM4,NULL,1,NULL,NULL,NULL,1f003c70-e486-40d2-947e-ca19c9b5f9a0
1659,NULL,NULL,496.FM7,"Operator Foreman special rate",NULL,FM7,NULL,1,NULL,NULL,NULL,de75e2ca-5ffa-42c3-98f1-b090705c2b35
1660,NULL,NULL,496.GR7,"Operaror Group 7 91-140 ton",NULL,GR7,NULL,1,NULL,NULL,NULL,c43fc3f5-752e-485e-add7-2b3f262809f5
1661,NULL,NULL,496.GR7P,"Operator Group 7 141 ton over",NULL,GR7P,NULL,1,NULL,NULL,NULL,503316d2-0d6e-43e8-b90c-f24c7a37b656
1662,NULL,NULL,496.FM8,"Operator Foreman Special Rate",NULL,FM8,NULL,1,NULL,NULL,NULL,fb07a297-7968-43a8-a78c-c7d4e6672c94
1663,NULL,NULL,496.GR8M,"Oper Master Mechanic Grp 8",NULL,GR8M,NULL,1,NULL,NULL,NULL,5107c265-c17f-481c-9fc1-b701ff4026bd
1664,NULL,NULL,496.GRP3,"Operator Group 3",NULL,GRP3,NULL,1,NULL,NULL,NULL,96341944-1838-4f3c-8633-6968cbd723ea
1665,NULL,NULL,496.GRP5,"Operator Group 5",NULL,GRP5,NULL,1,NULL,NULL,NULL,e52b3b31-5271-4c6b-9c11-057b8af87045
1666,NULL,NULL,496.GRP2,"Operator Group 2",NULL,GRP2,NULL,1,NULL,NULL,NULL,5d4439d7-5d81-4acc-9ad7-ad7f257e8b67
1667,NULL,NULL,496.GR82,"Operator Mechanic  II Group 8",NULL,GR82,NULL,1,NULL,NULL,NULL,d7e189b1-bf4c-4ae0-ae21-0d77d35e6ea0
1668,NULL,NULL,496.GRP6,"Operator Group 6",NULL,GRP6,NULL,1,NULL,NULL,NULL,945566d9-0a34-409c-8762-00c8dd18c9dd
1669,NULL,NULL,496.SP1,"Operator Special Rate SP1",NULL,SP1,NULL,1,NULL,NULL,NULL,fa9b4142-a2eb-4dc4-a427-4c44b9fa55c3
1670,NULL,NULL,496.GRP4,"Operator Group 4",NULL,GRP4,NULL,1,NULL,NULL,NULL,343e7cad-450e-4949-80b7-af022ae83516
1671,NULL,NULL,496.SP,"OperatorSpecial Rate",NULL,SP,NULL,1,NULL,NULL,NULL,9a2cff33-a12e-475e-a630-c5622b4d6e2a
1672,NULL,NULL,496.SP7,"Oper Special Rate +1.00 Grp 3",NULL,SP7,NULL,1,NULL,NULL,NULL,c47b765f-88df-4f45-a8be-131bdf212a0e
1673,NULL,NULL,496.SP2,"Oper Spec Rate 2.00above Grp4",NULL,SP2,NULL,1,NULL,NULL,NULL,605c2872-54cf-4815-bf54-ea62cf2da90d
1674,NULL,NULL,496.SP3,"Operator Special Rate SP3",NULL,SP3,NULL,1,NULL,NULL,NULL,7ad20cd8-0eb0-45af-ab94-6f85905cf0fc
1675,NULL,NULL,496.SP5,"Operator Special Rate  SP5",NULL,SP5,NULL,1,NULL,NULL,NULL,493b3348-24b2-48bd-8575-e3f8917ae5f0
1676,NULL,NULL,496.SP4,"Operator $1.00above Grp 4",NULL,SP4,NULL,1,NULL,NULL,NULL,1c8c53a3-0f36-4688-ae84-01f206adf2af
1677,NULL,NULL,496.SP9,"Operator Special Rate",NULL,SP9,NULL,1,NULL,NULL,NULL,52a36b6a-ca92-473e-bb3d-b1985609b3c1
1678,NULL,NULL,496.SP11,"Operator Special Rate+1.00GRP5",NULL,SP11,NULL,1,NULL,NULL,NULL,d8363316-f6be-47ef-b3c6-7e6016204501
1679,NULL,NULL,496.XSP3,Operator,NULL,XSP3,NULL,1,NULL,NULL,NULL,101b4309-40a7-46ec-b71b-eccfe69846ae
1680,NULL,NULL,496.SP8,"Oper Spec Rate 3.00above Grp4",NULL,SP8,NULL,1,NULL,NULL,NULL,334c5e94-864e-404c-a8d6-7cc4aaea135d
1681,NULL,NULL,496.SP10,"Operator Special Rate+1.00GRP6",NULL,SP10,NULL,1,NULL,NULL,NULL,247b557e-16a5-4bc8-bc7e-d4744dbe7017
1682,NULL,NULL,496.SP6,"Operator Special Rate SP6",NULL,SP6,NULL,1,NULL,NULL,NULL,f50f8094-74b9-41e0-b192-6439cfb7cf9a
1683,NULL,NULL,496.GR84,"Operator Mechanic 4 Group 8",NULL,GR84,NULL,1,NULL,NULL,NULL,f4aaf5c9-f54b-4f0d-be00-424a2ef607a5
1684,NULL,NULL,496.XSP6,Operator,NULL,XSP6,NULL,1,NULL,NULL,NULL,f53e1d91-205a-4f6d-9072-510be1bf72d9
1685,NULL,NULL,496.XSP1,Operator,NULL,XSP1,NULL,1,NULL,NULL,NULL,8f2b1380-a21c-4144-b666-32d019388259
1686,NULL,NULL,496.XSP5,"Operator Superintendent",NULL,XSP5,NULL,1,NULL,NULL,NULL,118cc8d9-eb54-4987-9bd4-bb2279f1c27e
1687,NULL,NULL,496.XSP2,Operator,NULL,XSP2,NULL,1,NULL,NULL,NULL,45aa2eb4-a944-431c-81fb-c2aba4458437
1688,NULL,NULL,496.XSP4,Operator,NULL,XSP4,NULL,1,NULL,NULL,NULL,198909a0-9679-46da-9466-ddb808c2c812
1689,NULL,NULL,496.XSP8,"Oper Asst Superintendent",NULL,XSP8,NULL,1,NULL,NULL,NULL,e042a309-6ca9-472a-be28-5df0434ceebf
1690,NULL,NULL,496.XSP7,"Oper Asst Superintendent",NULL,XSP7,NULL,1,NULL,NULL,NULL,c64d0a91-aa9c-42f1-bb97-bcab258722f0
1691,NULL,NULL,496.XSP9,"Operator Superintendent",NULL,XSP9,NULL,1,NULL,NULL,NULL,e8a75f10-d9b3-4ac4-9351-13ca6b5557c2
1692,NULL,NULL,497.CR,"Carpenter Journeyman",NULL,CR,NULL,1,NULL,NULL,NULL,f8e5cefa-4331-4f45-99d3-e9f1e8955bfb
1693,NULL,NULL,497.FM1,"Carpenter Foreman",NULL,FM1,NULL,1,NULL,NULL,NULL,711a62ed-e056-4a83-8e77-bffeacfad1aa
1694,NULL,NULL,497.FM4,"Carpenter Foreman Special FM4",NULL,FM4,NULL,1,NULL,NULL,NULL,db4391f3-083f-48b6-a6d7-ad76ca78dce8
1695,NULL,NULL,497.FM10,"Carpenter FM Special Rate",NULL,FM10,NULL,1,NULL,NULL,NULL,b8fd9c31-8f70-4d2f-9f90-8da2cc514c39
1696,NULL,NULL,497.FM5,"Carpenter Foreman Special FM5",NULL,FM5,NULL,1,NULL,NULL,NULL,4e121c09-9988-456d-a00d-d0c59bebde1b
1697,NULL,NULL,497.FM2,"Carpenter Foreman Leadman",NULL,FM2,NULL,1,NULL,NULL,NULL,dd7ec1cf-f20a-4e79-945f-14a1a1c8ac8d
1698,NULL,NULL,497.FM3,"Carpenter Foreman Special FM3",NULL,FM3,NULL,1,NULL,NULL,NULL,bb0cd9a7-60a3-47b1-b383-63bb1a967f94
1699,NULL,NULL,497.FM6,"Carpenter Foreman Special Rate",NULL,FM6,NULL,1,NULL,NULL,NULL,e327740b-d747-41c2-90d9-dfe93794c6a8
1700,NULL,NULL,497.SP10,"Carpenter Old Rate",NULL,SP10,NULL,1,NULL,NULL,NULL,74564204-91fa-47a0-8903-64526debda66
1701,NULL,NULL,497.SP,"Carpenter Special Rate SP",NULL,SP,NULL,1,NULL,NULL,NULL,528ded33-e1f7-4211-9629-1188993ee995
1702,NULL,NULL,497.SP11,"Carpenter FM1 old rate",NULL,SP11,NULL,1,NULL,NULL,NULL,2d948fe7-7e64-4237-a26d-cd2ab11782a8
1703,NULL,NULL,497.SP3,"Carpenter Special Rate SP3",NULL,SP3,NULL,1,NULL,NULL,NULL,8d03bf1d-18d2-4854-ba40-4a0b31216e35
1704,NULL,NULL,497.FM7,"Carpenter General FM",NULL,FM7,NULL,1,NULL,NULL,NULL,1e2e32ca-4116-4338-8c55-c0bec0b7d179
1705,NULL,NULL,497.SP13,"Carpenter FM5 old rate",NULL,SP13,NULL,1,NULL,NULL,NULL,36381e6f-d405-428f-ac70-763aa3005f78
1706,NULL,NULL,497.SP8,"Carpenter Special Rate",NULL,SP8,NULL,1,NULL,NULL,NULL,4abdc651-9d79-406b-affc-d7ab34f76a22
1707,NULL,NULL,497.SP5,"Carpenter Special Rate SP5",NULL,SP5,NULL,1,NULL,NULL,NULL,077392a7-6ac5-4b7e-b3fa-6346c04e6177
1708,NULL,NULL,497.SP6,"Carpenter Special Rate MN FM",NULL,SP6,NULL,1,NULL,NULL,NULL,3652a0a2-558f-481c-9cc6-40bff53b6abc
1709,NULL,NULL,497.SP7,"Carpenter Special Rate MN",NULL,SP7,NULL,1,NULL,NULL,NULL,b95005ba-29b3-4bde-a16c-9d6fbc9de65c
1710,NULL,NULL,497/A7.A95,"Carpenter Apprentice 95%",NULL,A95,NULL,1,NULL,NULL,NULL,6883394e-1952-436b-8635-758b47384782
1711,NULL,NULL,497.SP9,"carpenter SPECIAL RATE",NULL,SP9,NULL,1,NULL,NULL,NULL,fbda2385-40be-40eb-b491-40f7504aa6f9
1712,NULL,NULL,497.SP2,"Carpenter Special Rate SP2",NULL,SP2,NULL,1,NULL,NULL,NULL,a68710be-4afb-44cc-9a67-a3f1c190e4a8
1713,NULL,NULL,497/A7.A90,"Carpenter Apprentice 90%",NULL,A90,NULL,1,NULL,NULL,NULL,98249062-f66a-496b-9bde-b9bcaf6afa6f
1714,NULL,NULL,497/A7.ASP1,"Carp Appr 90% old rate",NULL,ASP1,NULL,1,NULL,NULL,NULL,7731d961-4a30-497f-9d43-6d9a7b139862
1715,NULL,NULL,497/A7.ASP,"Carpenter Appr. Special ASP",NULL,ASP,NULL,1,NULL,NULL,NULL,d055b116-0c2b-4efb-99ec-0c13a2551632
1716,NULL,NULL,497.SP4,"Carpenter Special Rate SP4",NULL,SP4,NULL,1,NULL,NULL,NULL,63aecbb6-2dfb-4494-9952-388b14d06c96
1717,NULL,NULL,497.SP1,"Carpenter Special Rate SP1",NULL,SP1,NULL,1,NULL,NULL,NULL,8df4e10f-65a9-4cc5-9f39-9771ea461161
1718,NULL,NULL,497/AP.A65,"Carpenter Apprentice 65%",NULL,A65,NULL,1,NULL,NULL,NULL,0b11264c-1799-434e-8b10-3ba9b6be1206
1719,NULL,NULL,497/AP.A60,"Carpenter Apprentice 60%",NULL,A60,NULL,1,NULL,NULL,NULL,e022024f-eb08-4482-9dff-ad33b035eebd
1720,NULL,NULL,497/AP.A75,"Carpenter Apprentice 75%",NULL,A75,NULL,1,NULL,NULL,NULL,9b4534f5-7b18-4b43-9728-8b11574ff59a
1721,NULL,NULL,497/AP.A725,"Carpenter Apprentice 72.5%",NULL,A725,NULL,1,NULL,NULL,NULL,52865191-5ee5-4791-bcb1-5f70e98f6596
1722,NULL,NULL,497/AP.A80,"Carpenter Apprentice 80%",NULL,A80,NULL,1,NULL,NULL,NULL,63dc4cdc-e466-40d1-9fb8-326952b85f64
1723,NULL,NULL,497/AP.A775,"Carpenter Apprentice 77.5%",NULL,A775,NULL,1,NULL,NULL,NULL,ffae340a-c793-48b0-a5b9-e198fe41700a
1724,NULL,NULL,497/AP.A70,"Carpenter Apprentice 70%",NULL,A70,NULL,1,NULL,NULL,NULL,26c3e1f0-a708-48c9-b588-ed971c38e523
1725,NULL,NULL,497/AP.A85,"Carpenter Apprentice 85%",NULL,A85,NULL,1,NULL,NULL,NULL,23074eb3-caac-4b28-aaca-8b606237ada9
1726,NULL,NULL,497/AP.A90,,NULL,A90,NULL,1,NULL,NULL,NULL,a6fc3b52-1629-4441-bd20-719d78a11c97
1727,NULL,NULL,497/AP.ASP4,"Carp Appr Special",NULL,ASP4,NULL,1,NULL,NULL,NULL,3a71b7c5-3c03-4e94-b13b-c8983a96c979
1728,NULL,NULL,497/AP.ASP1,"Carp Appr spec rate for 77.5%",NULL,ASP1,NULL,1,NULL,NULL,NULL,9592a37d-cfb1-4665-b7d1-c1337957228c
1729,NULL,NULL,498.A80,"Laborer Apprentice 80%",NULL,A80,NULL,1,NULL,NULL,NULL,f87e6b7e-d250-433c-9046-61c003d878fa
1730,NULL,NULL,498.A90,"Laborer Apprentice 90%",NULL,A90,NULL,1,NULL,NULL,NULL,8475654d-98b4-4bff-a96a-a772d79229e7
1731,NULL,NULL,498.A95,"Laborer Apprentice 95%",NULL,A95,NULL,1,NULL,NULL,NULL,4c271e03-b544-4e8b-a71b-8caeb9d51930
1732,NULL,NULL,498.A85,"Laborer Apprentice 85%",NULL,A85,NULL,1,NULL,NULL,NULL,174e5324-2205-43cd-a154-dacd22065780
1733,NULL,NULL,498.ASP,"Laborer Apprentice Special Rat",NULL,ASP,NULL,1,NULL,NULL,NULL,95778cd1-c7da-4cc7-8943-ec47e7cf911a
1734,NULL,NULL,498.FM,"Laborer Foreman",NULL,FM,NULL,1,NULL,NULL,NULL,aba4d30a-902f-4828-8b4b-ca51528647a4
1735,NULL,NULL,498.FM9,"Laborer Foreman Special Rate",NULL,FM9,NULL,1,NULL,NULL,NULL,8adf7d5b-e3d6-4662-8a5f-079d3fad5551
1736,NULL,NULL,498.FM3,"Laborer Foreman Special Rate",NULL,FM3,NULL,1,NULL,NULL,NULL,386bd948-f00b-4f80-90d4-ed0b41b55e36
1737,NULL,NULL,498.SP11,"Laborer Special Rate",NULL,SP11,NULL,1,NULL,NULL,NULL,05465fe2-3bcd-4b17-b0e2-9e8c3a57c55e
1738,NULL,NULL,498.FMSP,"Laborer Foreman Special Rate",NULL,FMSP,NULL,1,NULL,NULL,NULL,b2aa5682-0860-43cd-9d74-087a8a451d74
1739,NULL,NULL,498.LB,"Laborer Journeyman",NULL,LB,NULL,1,NULL,NULL,NULL,183ee68a-99bf-4233-a226-3c9e6d445b1e
1740,NULL,NULL,498.FM8,"Laborer Foreman Special Rate",NULL,FM8,NULL,1,NULL,NULL,NULL,cbe7fa80-5c3c-4228-bbb2-c459ec56bf4b
1741,NULL,NULL,498.SP,"Laborer Special Rate",NULL,SP,NULL,1,NULL,NULL,NULL,4684584d-af59-4c19-b76e-4025e7fe2188
1742,NULL,NULL,498.CR,,NULL,CR,NULL,1,NULL,NULL,NULL,4eacd2ae-9083-43c1-a549-e5525e19bd32
1743,NULL,NULL,498.SP2,"Laborer Special Rate",NULL,SP2,NULL,1,NULL,NULL,NULL,7bbd2f0d-25b0-4a5d-b248-8ad4d28df6b6
1744,NULL,NULL,498.FM6,"Laborer FM Special Rate",NULL,FM6,NULL,1,NULL,NULL,NULL,608742b7-dcd0-4c00-b73c-6d9630ea0cb2
1745,NULL,NULL,498.FM1,"Laborer FM - Special Rate",NULL,FM1,NULL,1,NULL,NULL,NULL,68d6f176-7bb6-4dc9-b711-3164808f12fd
1746,NULL,NULL,498.SP5,"Laborer Special Rate",NULL,SP5,NULL,1,NULL,NULL,NULL,41574743-f635-4faf-83d5-274ad8715d14
1747,NULL,NULL,498.SP3,"Laborer Special Rate",NULL,SP3,NULL,1,NULL,NULL,NULL,ec6030f2-d55e-4d17-908c-051f1b8e7f24
1748,NULL,NULL,498.SP10,"Laborer Special Rate",NULL,SP10,NULL,1,NULL,NULL,NULL,3636e6be-faa1-48d9-88c2-730ec2c958c8
1749,NULL,NULL,498.SP1,"Laborer Special Rate",NULL,SP1,NULL,1,NULL,NULL,NULL,d145279f-4f83-44a0-867d-a6ff22fa3a35
1750,NULL,NULL,498.FM5,"Lab FM Special Rate",NULL,FM5,NULL,1,NULL,NULL,NULL,1494f22f-a352-4265-a99c-daaf0d3dee44
1751,NULL,NULL,498.SP4,"Laborer Special Rate",NULL,SP4,NULL,1,NULL,NULL,NULL,96527726-1a43-4ba0-826f-2dbd6e93aa9c
1752,NULL,NULL,498.FM7,"Laborer Foreman Special Rate",NULL,FM7,NULL,1,NULL,NULL,NULL,476b8669-c74c-4c1b-9957-da8fc6fdb7f0
1753,NULL,NULL,498.SP9,"Laborer Special Rate",NULL,SP9,NULL,1,NULL,NULL,NULL,e2a803b4-4c3f-45a6-aee2-5540eedac557
1754,NULL,NULL,498.SP6,"Laborer Special Rate",NULL,SP6,NULL,1,NULL,NULL,NULL,c41c04b2-06b6-4ea8-8f03-8f983fd4e7d3
1755,NULL,NULL,498.SP7,"Laborer special rate",NULL,SP7,NULL,1,NULL,NULL,NULL,e5225728-59cb-4065-a5d7-c70e6ade4d98
1756,NULL,NULL,498.SP8,"Laborer Special Rate",NULL,SP8,NULL,1,NULL,NULL,NULL,72403b26-c0b0-40bc-8e8e-2f08980c3adb
1757,NULL,NULL,512.A70,"Ironworker Apprentice 70%",NULL,A70,NULL,1,NULL,NULL,NULL,a5800461-ad67-4507-94cf-f12da6bc569f
1758,NULL,NULL,512.A75,"Ironworker Apprentice 75%",NULL,A75,NULL,1,NULL,NULL,NULL,c3861ea3-c509-43a9-8afd-5492c6d29b62
1759,NULL,NULL,512.A95,"Ironworker Apprentic",NULL,A95,NULL,1,NULL,NULL,NULL,b8f4b7e7-3971-44e0-922a-ab53ff8c506f
1760,NULL,NULL,512.A82,"Ironworker Apprentice 82%",NULL,A82,NULL,1,NULL,NULL,NULL,e2baa146-da43-4c0a-9f2d-6575f689d391
1761,NULL,NULL,512.A90,"Ironworker Apprentice",NULL,A90,NULL,1,NULL,NULL,NULL,a08d6d2c-a181-4390-8e15-3baee7d0743f
1762,NULL,NULL,512.A80,"Ironworker Apprentice",NULL,A80,NULL,1,NULL,NULL,NULL,b55645ac-d2af-460b-b423-215e097aef3f
1763,NULL,NULL,512.A85,"Ironworker Apprentice",NULL,A85,NULL,1,NULL,NULL,NULL,3353d585-8f51-4209-b172-9e394971f076
1764,NULL,NULL,512.FM,"Ironworker Foreman",NULL,FM,NULL,1,NULL,NULL,NULL,57cfb033-0740-4167-b27b-c1616f49d9b4
1765,NULL,NULL,512.FMST,"Ironworker Foreman",NULL,FMST,NULL,1,NULL,NULL,NULL,c4187252-5b53-4768-a20f-ab4eb9381090
1766,NULL,NULL,512.SP10,"Ironworker Superintendent",NULL,SP10,NULL,1,NULL,NULL,NULL,b8941e77-a41b-47a2-b5d5-475421909e6f
1767,NULL,NULL,512.FM4,"Ironworker FM Special Rate",NULL,FM4,NULL,1,NULL,NULL,NULL,d2338dba-f5e6-439a-a1be-16c2deb5307c
1768,NULL,NULL,512.FM2,"Ironworker Foreman",NULL,FM2,NULL,1,NULL,NULL,NULL,b84b75fb-e346-4ad6-b944-6e8c8813c5c0
1769,NULL,NULL,512.FM1,"Ironworker Leadman",NULL,FM1,NULL,1,NULL,NULL,NULL,d137cd7b-1a67-4a6d-89a1-d68a8a6145c2
1770,NULL,NULL,512.SP4,"Ironworker Special Rate",NULL,SP4,NULL,1,NULL,NULL,NULL,f0a2686b-bebe-4012-aeac-7fdec3f7fdcf
1771,NULL,NULL,512.IW,"Ironworker Journeyman",NULL,IW,NULL,1,NULL,NULL,NULL,5fedfe60-411d-42d7-8603-9c3995ac736c
1772,NULL,NULL,512.SP8,"Ironworker Special Rate",NULL,SP8,NULL,1,NULL,NULL,NULL,8efa9b16-a6f6-45cf-8a05-33fcda962fd1
1773,NULL,NULL,512.FM3,"Ironworker FM Special Rate",NULL,FM3,NULL,1,NULL,NULL,NULL,cb388a9f-df3e-4bf0-afc2-44203d1cb7d9
1774,NULL,NULL,512.SP,"Ironworker  Night Rate",NULL,SP,NULL,1,NULL,NULL,NULL,9085c6ea-94e7-49b7-bd92-543971ab7d12
1775,NULL,NULL,512.FM5,"Ironworker Foreman",NULL,FM5,NULL,1,NULL,NULL,NULL,ec57f156-8b85-4742-98bb-aa66f67a7abc
1776,NULL,NULL,512.SP1,"Ironworker Special Rate",NULL,SP1,NULL,1,NULL,NULL,NULL,cbb0533b-0702-4986-9323-a4e7bb72ae67
1777,NULL,NULL,512.SP2,"Ironworker FM5 Night Rate",NULL,SP2,NULL,1,NULL,NULL,NULL,2756d5f9-28bf-4ac8-aef2-9dbf4eaa143c
1778,NULL,NULL,700.FM1,"Ironworker Foreman",NULL,FM1,NULL,1,NULL,NULL,NULL,33efc94c-f740-426d-a7d4-734495a0e13b
1779,NULL,NULL,700.FM2,"Ironworker Foreman",NULL,FM2,NULL,1,NULL,NULL,NULL,57d0c283-c456-4a7a-a200-dbbe7c66eebe
1780,NULL,NULL,700.FM3,"Ironworker Foreman",NULL,FM3,NULL,1,NULL,NULL,NULL,0eaeb19a-848b-4f0e-801b-059dce13cc03
1781,NULL,NULL,700.IW,Ironworker,NULL,IW,NULL,1,NULL,NULL,NULL,248d9f11-1b98-4883-82f3-601fae1f2083
1782,NULL,NULL,700/A3.A70,"Ironworker Apprentice 70%",NULL,A70,NULL,1,NULL,NULL,NULL,e1a233ce-95d9-425d-ba61-d2a6b75be532
1783,NULL,NULL,700/A3.A85,"Iron Appr 85%",NULL,A85,NULL,1,NULL,NULL,NULL,d23cb792-2c76-467f-b8be-ea70c6d78acb
1784,NULL,NULL,700/A3.A75,"Iron Appr 75%",NULL,A75,NULL,1,NULL,NULL,NULL,c02806ce-ad5c-4c94-99a5-54fb10837018
1785,NULL,NULL,700.XSP,Superintendent,NULL,XSP,NULL,1,NULL,NULL,NULL,6121b20b-2257-454c-9f2d-37c7616a5a0e
1786,NULL,NULL,700.FM,"Ironworker Foreman",NULL,FM,NULL,1,NULL,NULL,NULL,c77bda99-f239-470a-be22-50a89b2a67a1
1787,NULL,NULL,700.SP,"Ironworker Special Rate",NULL,SP,NULL,1,NULL,NULL,NULL,4afdd82d-39e9-4e67-bae9-b5e32759e87d
1788,NULL,NULL,700/A3.A80,"Ironworker Apprentice 80%",NULL,A80,NULL,1,NULL,NULL,NULL,f2b45b31-9c7a-479a-a89f-8a8c8a9c27cb
1789,NULL,NULL,700.IWSP,"Ironworker Special Rate",NULL,IWSP,NULL,1,NULL,NULL,NULL,b8244522-8603-4b4b-97d5-c27cda522325
1790,NULL,NULL,700.SP4,"Ironworker special rate",NULL,SP4,NULL,1,NULL,NULL,NULL,3ed9797b-8bfa-4a49-ae07-e34bc177851d
1791,NULL,NULL,700.SP1,"Ironworker Special Rate",NULL,SP1,NULL,1,NULL,NULL,NULL,344febe8-ace1-450a-9273-2d864b5b3de3
1792,NULL,NULL,700.SP2,"Ironworker special rate",NULL,SP2,NULL,1,NULL,NULL,NULL,0a46c554-ac63-4023-8da2-127d291992a2
1793,NULL,NULL,700.SP3,"Ironworker Special Rate",NULL,SP3,NULL,1,NULL,NULL,NULL,03aeb56c-f7df-47ff-b6cf-c3d9429346ae
1794,NULL,NULL,700/A3.A90,"Ironworker Apprentice 90%",NULL,A90,NULL,1,NULL,NULL,NULL,925b1e97-84a0-4d0d-9a65-d16b3be57613
1795,NULL,NULL,700/A3.A95,"Ironworker Apprentice 95%",NULL,A95,NULL,1,NULL,NULL,NULL,51c941ed-ac56-49c3-88cc-13fe038bdf5a
1796,NULL,NULL,700/A3.ASP,"Ironworker Appr Special Rate",NULL,ASP,NULL,1,NULL,NULL,NULL,2eb76f21-ef2f-49c0-a682-378f99bef4de
1797,NULL,NULL,701.A70,"Operator Apprentice 70%",NULL,A70,NULL,1,NULL,NULL,NULL,dce870ef-5144-4f1e-88f3-8c16b28c7a59
1798,NULL,NULL,701.A65,"Operator Apprentice 65%",NULL,A65,NULL,1,NULL,NULL,NULL,f12ff80c-8eea-493d-9ffe-4ac6611ba9ad
1799,NULL,NULL,701.A75,"Operator 75% Appr Group 3",NULL,A75,NULL,1,NULL,NULL,NULL,19b44ee2-71e9-4680-975e-d6a3ec8aff9b
1800,NULL,NULL,701.A90,"Operator Apprentice 90%",NULL,A90,NULL,1,NULL,NULL,NULL,bc4b2f57-025c-4c94-89a5-edf7ff34c062
1801,NULL,NULL,701.A90NWC,"Oper Appr 90% NWCOA rates",NULL,A90NWC,NULL,1,NULL,NULL,NULL,756db085-0e05-4c66-b864-98e4d0670219
1802,NULL,NULL,701.A95,"Operator 95 % Appr group 3",NULL,A95,NULL,1,NULL,NULL,NULL,de05b148-fe4c-4e28-8518-49447cf174fa
1803,NULL,NULL,701.A80,"Operator Apprentice 80%",NULL,A80,NULL,1,NULL,NULL,NULL,769ffa02-9091-467a-844b-71e4e7654952
1804,NULL,NULL,701.FM10,"Operator Night shift G1AA",NULL,FM10,NULL,1,NULL,NULL,NULL,83228043-2534-449c-8042-7f0160ed6d4e
1805,NULL,NULL,701.FM1,"Operator Foreman Special Rate",NULL,FM1,NULL,1,NULL,NULL,NULL,9bc45c2c-810d-4830-88c2-6edc3173a244
1806,NULL,NULL,701.FM5,"Operator Foreman Special Rate",NULL,FM5,NULL,1,NULL,NULL,NULL,6e5704a9-bcb1-4e86-a321-6b01ecb28671
1807,NULL,NULL,701.FM2,"Operator FM Special Rate",NULL,FM2,NULL,1,NULL,NULL,NULL,af00a233-e13c-4b34-b09f-b1bff90c030e
1808,NULL,NULL,701.FM4,"Operator Foreman",NULL,FM4,NULL,1,NULL,NULL,NULL,6c2325d6-277d-422c-95ec-33b7c9dc3073
1809,NULL,NULL,701.FM8,"Operator FM night rate for FM5",NULL,FM8,NULL,1,NULL,NULL,NULL,c4d7aaa7-7905-473a-aa91-88c96c65a0d6
1810,NULL,NULL,701.FM7,"Operator FM Night Rate for FM3",NULL,FM7,NULL,1,NULL,NULL,NULL,7225696e-d5f3-4a71-9de7-44e91c250148
1811,NULL,NULL,701.FM9,"Operator FM night rate for FM6",NULL,FM9,NULL,1,NULL,NULL,NULL,35665562-8f38-4bba-9135-7e23b4e554b0
1812,NULL,NULL,701.FM3,"Operator Foreman Special Rate",NULL,FM3,NULL,1,NULL,NULL,NULL,e303c393-518f-41ad-a3d3-12a8ca31717f
1813,NULL,NULL,701.FM6,"Operator Foreman Special Rate",NULL,FM6,NULL,1,NULL,NULL,NULL,d96ea6a2-e756-4637-a64b-1da5d0345b36
1814,NULL,NULL,701.G1AAA,"Operatorl Rate Grp 1AAA",NULL,G1AAA,NULL,1,NULL,NULL,NULL,d6b7575d-94a7-4b2b-98a7-509d9befca56
1815,NULL,NULL,701.GR1,"Operator Group 1 NWCOA rates",NULL,GR1,NULL,1,NULL,NULL,NULL,6260eb91-b640-4087-a834-1f23b51700fe
1816,NULL,NULL,701.GRP1,"Operator Group 1",NULL,GRP1,NULL,1,NULL,NULL,NULL,d6e4f613-3c66-4ba3-81a9-71fde87fe5ea
1817,NULL,NULL,701.G1AAAN,"Operator G1AAA NWCOA rates",NULL,G1AAAN,NULL,1,NULL,NULL,NULL,28cc3096-d576-4259-b3e9-c3dc243307c5
1818,NULL,NULL,701.SP,"Operator Special Rate SP",NULL,SP,NULL,1,NULL,NULL,NULL,b8277b86-7d74-4b99-8cc2-d9effdcef317
1819,NULL,NULL,701.GR1A,"Operator Group 1A",NULL,GR1A,NULL,1,NULL,NULL,NULL,bf2770df-7ae1-44b5-91a1-f20409f12dfa
1820,NULL,NULL,701.SP1,"Operator Special Rate SP1",NULL,SP1,NULL,1,NULL,NULL,NULL,e881ba7b-d875-4893-8726-5c111a5ee439
1821,NULL,NULL,701.SP8,"Operator Night Rate G1AAA",NULL,SP8,NULL,1,NULL,NULL,NULL,622f628a-a672-4fee-b667-39550e0d3659
1822,NULL,NULL,701.GRP3,"Operator Group 3",NULL,GRP3,NULL,1,NULL,NULL,NULL,c1cb4ed3-ac25-414e-aec2-baf0eeefe264
1823,NULL,NULL,701.SP6,"Operatpr Appr A65 night",NULL,SP6,NULL,1,NULL,NULL,NULL,415b3d32-ac75-439e-927b-861157ee282c
1824,NULL,NULL,701.GRP2,"Operator Group 2",NULL,GRP2,NULL,1,NULL,NULL,NULL,1398348b-3be5-41bc-851a-3a0a70b44d73
1825,NULL,NULL,701.SP9,"Operator Night Rate GRP1",NULL,SP9,NULL,1,NULL,NULL,NULL,0465c47c-5be9-40fa-83f4-f66f3c50d6c6
1826,NULL,NULL,701.SP3,"Operator Special Rate",NULL,SP3,NULL,1,NULL,NULL,NULL,840e7e89-93ca-4464-b424-2efc8bf7e66b
1827,NULL,NULL,701.SP5,"Operator Special Rate",NULL,SP5,NULL,1,NULL,NULL,NULL,7b8dd8fb-933d-4560-9ebc-44ce1e2639f9
1828,NULL,NULL,701.SP2,"Operator Special Rate SP2",NULL,SP2,NULL,1,NULL,NULL,NULL,4b35fc4d-80c4-4642-80c9-46c8938298eb
1829,NULL,NULL,701.SP4,"Operator Special Rate",NULL,SP4,NULL,1,NULL,NULL,NULL,468de4af-f33c-4e78-8a14-a60fbdeca358
1830,NULL,NULL,701.XSP,"Proj Superintendent",NULL,XSP,NULL,1,NULL,NULL,NULL,215da723-566c-4882-a208-7cb8cd168ae4
1831,NULL,NULL,702.A60,"Laborer Apprentice 60%",24.72,A60,NULL,1,NULL,NULL,NULL,90dbd206-7052-497c-9471-5d7fdee8be9d
1832,NULL,NULL,701.SP7,"Operator GRP2 Night rate",NULL,SP7,NULL,1,NULL,NULL,NULL,901baec1-e0d6-4027-b3d4-1fca6e9489a5
1833,NULL,NULL,702.A70,"Laborer Apprentice 70%",30.00,A70,NULL,1,NULL,NULL,NULL,a68f28a2-cfaa-4a8e-91ad-13c19c14c0b4
1834,NULL,NULL,702.A90,"Laborer Appr 90%",NULL,A90,NULL,1,NULL,NULL,NULL,975444ed-5240-4a63-a6f0-2d8d0c4dfd01
1835,NULL,NULL,701.SP10,"Operator Grp3 Night Shift",NULL,SP10,NULL,1,NULL,NULL,NULL,1c04e96e-4675-417c-9dbf-03ce4489a444
1836,NULL,NULL,702.A85,"Laborer Apprentice 85%",NULL,A85,NULL,1,NULL,NULL,NULL,97e6d9ea-f7d9-4d12-88ee-1d595a9ca0c8
1837,NULL,NULL,702.A95,"Laborer Appr 95%",NULL,A95,NULL,1,NULL,NULL,NULL,0b3f1da5-eb65-494c-9e89-942c00d7f485
1838,NULL,NULL,702.A80,"Laborer Apprentice 80%",33.03,A80,NULL,1,NULL,NULL,NULL,f392e274-3af0-4834-a1d6-92b7fc413adc
1839,NULL,NULL,702.FM,"Laborer Foreman",NULL,FM,NULL,1,NULL,NULL,NULL,f2d60243-1474-40a8-9622-a5837a1a3880
1840,NULL,NULL,702.FM1,"Laborer Foreman",NULL,FM1,NULL,1,NULL,NULL,NULL,116b5c53-49ce-4c65-873e-56021e93a6c7
1841,NULL,NULL,702.GRP3,"Laborer Group 3",NULL,GRP3,NULL,1,NULL,NULL,NULL,93a9e69c-03cc-4002-9a8f-0ed81c9d6be3
1842,NULL,NULL,702.GRP5,"Laborer Group 5",NULL,GRP5,NULL,1,NULL,NULL,NULL,ef018c63-ee42-4404-bd89-ea13b1f2f94d
1843,NULL,NULL,703.A70,"Carpenter Appr 70%",NULL,A70,NULL,1,NULL,NULL,NULL,e2a94ecc-7bce-4965-b758-47556e023f94
1844,NULL,NULL,702.GRP4,"Laborer Group 4",NULL,GRP4,NULL,1,NULL,NULL,NULL,94c77862-0914-4803-ad10-2a65c5901d8e
1845,NULL,NULL,703.A75,"Carpenter Appr 75%",NULL,A75,NULL,1,NULL,NULL,NULL,d7ff2ea5-da1e-43b7-8735-493ca37d456c
1846,NULL,NULL,703.A85,"Carpenter Appr 85%",NULL,A85,NULL,1,NULL,NULL,NULL,1fb3518c-8d5b-40ed-a0a9-dbfee3827eda
1847,NULL,NULL,703.A65,"Carpenter Appr 65%",NULL,A65,NULL,1,NULL,NULL,NULL,6bc2673a-1cdb-48ec-94c9-9fc4a64a29df
1848,NULL,NULL,703.A95,"Carpenter Appr 95%",NULL,A95,NULL,1,NULL,NULL,NULL,2a941106-1c45-470f-b2a0-d8d7f2c2036e
1849,NULL,NULL,703.A90,"Carpenter Appr 90%",NULL,A90,NULL,1,NULL,NULL,NULL,aa60e0c2-804d-4ef1-a612-cb00c049a7c0
1850,NULL,NULL,703.A80,"Carpenter Apprentice 80%",NULL,A80,NULL,1,NULL,NULL,NULL,4ac2e850-5206-4f17-8aab-f62e2962956f
1851,NULL,NULL,702.LB,"Laborer Group III",NULL,LB,NULL,1,NULL,NULL,NULL,d678f1af-9115-4548-b1b3-50c596720071
1852,NULL,NULL,703.ASP1,"Carpenter Appr Special Rate",NULL,ASP1,NULL,1,NULL,NULL,NULL,f735a806-84b6-4660-9d2f-b36c33935c8e
1853,NULL,NULL,703.FM4,"Carp Foreman Special Rate",NULL,FM4,NULL,1,NULL,NULL,NULL,858653be-2d86-4089-b162-3a78973e4616
1854,NULL,NULL,703.FM3,"Carpenter Foreman Special",NULL,FM3,NULL,1,NULL,NULL,NULL,11847ed7-c3ff-4d07-8b40-62b8ba90ef9b
1855,NULL,NULL,703.FM,"Carpenter Foreman",NULL,FM,NULL,1,NULL,NULL,NULL,c2575b97-d04b-4510-8fdc-61eafb1fedf6
1856,NULL,NULL,703.FM2,"Carpenter Foreman Special",NULL,FM2,NULL,1,NULL,NULL,NULL,dd929ee5-fe23-4a8f-bd27-7effaaf5ada6
1857,NULL,NULL,703.FM5,"Carpenter FM Special Rate",NULL,FM5,NULL,1,NULL,NULL,NULL,c439857d-60f1-46c1-9738-86acec3a820b
1858,NULL,NULL,703.FMPS,"Carpenter FM Special Prevail",NULL,FMPS,NULL,1,NULL,NULL,NULL,411230db-c810-4e82-a5f2-ae169f789b36
1859,NULL,NULL,703.CR,Carpenter,NULL,CR,NULL,1,NULL,NULL,NULL,9c94c4b7-7116-4d3f-8900-1b8647033795
1860,NULL,NULL,703.SP3,"Carpenter Special Rate",NULL,SP3,NULL,1,NULL,NULL,NULL,b5a4f60f-2f8b-4987-8186-6bc28e1055f4
1861,NULL,NULL,703.SP4,"Carpenter Special Rate",NULL,SP4,NULL,1,NULL,NULL,NULL,fcdf3e1b-d81b-4bd7-8acc-2123e8c97e27
1862,NULL,NULL,703.FMSP,"Carpenter Foreman Special Rate",NULL,FMSP,NULL,1,NULL,NULL,NULL,310e13e7-0a35-4ed9-8cf6-63c2bda4fa11
1863,NULL,NULL,703.FM6,"Carpenter Lead Man Special",NULL,FM6,NULL,1,NULL,NULL,NULL,afbc6473-9528-4304-b1b7-ee98fff11b13
1864,NULL,NULL,703.SP1,"Carpenter Special Rate",NULL,SP1,NULL,1,NULL,NULL,NULL,8f6f0dc2-4ccb-4d86-96db-e272b2556b24
1865,NULL,NULL,703.XSP,"Proj Superintendent",NULL,XSP,NULL,1,NULL,NULL,NULL,49a9a1bb-d78a-42ff-85c2-4ab0109e21d2
1866,NULL,NULL,703.WL,"Carpenter Welding Rate",NULL,WL,NULL,1,NULL,NULL,NULL,48d251ca-b05b-4de3-a524-7614a0f87970
1867,NULL,NULL,703.SP,"Carpenter Leadman Rate",NULL,SP,NULL,1,NULL,NULL,NULL,24cfd6f7-22e1-40ef-8753-3d330e0e9791
1868,NULL,NULL,705.A90,"Cement Finisher Apprentice 90%",NULL,A90,NULL,1,NULL,NULL,NULL,b3521b1e-b992-4838-a395-daa00253d457
1869,NULL,NULL,705.A65,"Cement Finisher Apprentice 65%",NULL,A65,NULL,1,NULL,NULL,NULL,6f07d806-98d4-45d8-95a9-80f121dee5f3
1870,NULL,NULL,705.FM,"Cement Finisher Foreman Grp II",NULL,FM,NULL,1,NULL,NULL,NULL,41f9ee0a-1738-41ad-8ea7-be97525fcdd9
1871,NULL,NULL,705.A60,"Cement Finisher Apprentice 60%",NULL,A60,NULL,1,NULL,NULL,NULL,8efe236a-5e45-41ff-82fd-178800425134
1872,NULL,NULL,705.A70,"Cement Finisher Apprentice 70%",NULL,A70,NULL,1,NULL,NULL,NULL,d13ef756-6479-4d21-bcf4-e56aa83e301d
1873,NULL,NULL,705.A80,"Cement Finisher Apprentice 80%",NULL,A80,NULL,1,NULL,NULL,NULL,6f2fe545-a9b3-4fd5-8d33-55f50d3ccf4c
1874,NULL,NULL,705.CF,"Cement Finisher Grp 2",NULL,CF,NULL,1,NULL,NULL,NULL,5b60044b-2f76-4d63-8c5c-5ac032d1068c
1875,NULL,NULL,705.A95,"Cement Finisher Apprentice 95%",NULL,A95,NULL,1,NULL,NULL,NULL,4ab40db7-7d70-48cd-891b-23570679eb36
1876,NULL,NULL,712.A60,"Laborer Apprentice 60%",NULL,A60,NULL,1,NULL,NULL,NULL,14cc0103-fb79-4ec2-b922-c3bad232abd6
1877,NULL,NULL,721.FM4,"Laborer Foreman Special Rate",NULL,FM4,NULL,1,NULL,NULL,NULL,f39fb9d6-e4ae-4ec2-b7b7-399d29ff20f1
1878,NULL,NULL,722.GRP5,"Operator Group 5",NULL,GRP5,NULL,1,NULL,NULL,NULL,e6879fed-3037-4165-9aab-26846697aa17
1879,NULL,NULL,722.A75,"Operator Apprentice 75% - 2nd",NULL,A75,NULL,1,NULL,NULL,NULL,1a8b5583-33b0-4eaf-8e6f-4321ffc45332
1880,NULL,NULL,712.A95,"Laborer Apprentice 95%",NULL,A95,NULL,1,NULL,NULL,NULL,576ba0cc-990b-48f0-b115-e6b681e0e603
1881,NULL,NULL,712.A70,"Laborer Apprentice 70%",NULL,A70,NULL,1,NULL,NULL,NULL,4d533e2b-c7b9-44ca-9ef6-7aa292b85329
1882,NULL,NULL,722.A65,"Operator Apprentice 65% - 1st",NULL,A65,NULL,1,NULL,NULL,NULL,0bac5218-f079-42b0-a4eb-e79dfc225014
1883,NULL,NULL,722.SP,"Operator Special Rate",NULL,SP,NULL,1,NULL,NULL,NULL,2d38e0d6-95e2-40ad-8a85-c4f274e309c1
1884,NULL,NULL,722.GRP3,"Operator Group 3",NULL,GRP3,NULL,1,NULL,NULL,NULL,286dc05d-2609-4e4a-b388-c02e65450296
1885,NULL,NULL,726.A82,"Carp Appr 82% Special Rate",NULL,A82,NULL,1,NULL,NULL,NULL,6b40b726-ed22-496d-93ea-e798ebb93436
1886,NULL,NULL,722.GRP1,"Operator Group 1 + 1.50 extra",NULL,GRP1,NULL,1,NULL,NULL,NULL,a782f9cf-b399-4729-8d76-b0b4c032285e
1887,NULL,NULL,712.GR3S,"Laborer Group 3 +2.00",NULL,GR3S,NULL,1,NULL,NULL,NULL,df965c80-adac-4eb7-a68a-bb87813f896b
1888,NULL,NULL,720.LB,Laborer,NULL,LB,NULL,1,NULL,NULL,NULL,d59b0e24-cea9-4cec-91a1-c5cbf93530b5
1889,NULL,NULL,712.GRP5,"Laborer Group 5",NULL,GRP5,NULL,1,NULL,NULL,NULL,0ad07095-17c7-4233-b9d5-7bc9fc307633
1890,NULL,NULL,712.GRP3,"Laborer Group 3",NULL,GRP3,NULL,1,NULL,NULL,NULL,4d2fd08f-3692-45cf-882d-823071492391
1891,NULL,NULL,712.FM5,"Laborer FM Special Rate",NULL,FM5,NULL,1,NULL,NULL,NULL,df90e538-29df-4f52-8b0c-0b9d5eb9d64a
1892,NULL,NULL,722.SP1,"Operator Special Rate",NULL,SP1,NULL,1,NULL,NULL,NULL,e9635f92-163c-4cc0-a878-7ea1655ff69b
1893,NULL,NULL,726.A85,"Carp Appr 85% Special Rate",NULL,A85,NULL,1,NULL,NULL,NULL,cda86590-0c8a-4313-9d09-fd9443ae331f
1894,NULL,NULL,727.CR,Carpenter,NULL,CR,NULL,1,NULL,NULL,NULL,bb00acac-59c9-4696-947a-44ddacc9b945
1895,NULL,NULL,726.CR,Carpenter,NULL,CR,NULL,1,NULL,NULL,NULL,70c2bc0d-59f1-45b4-af9d-4acdea5fb559
1896,NULL,NULL,728.CR,Carpenter,NULL,CR,NULL,1,NULL,NULL,NULL,8879715d-a05a-4a29-a594-f342ac618951
1897,NULL,NULL,727.FMSP,"Carpenter FM special rate",NULL,FMSP,NULL,1,NULL,NULL,NULL,9cc3759f-6591-478b-98a4-15cc4adbaf39
1898,NULL,NULL,726.FM,Foreman,NULL,FM,NULL,1,NULL,NULL,NULL,212ef335-4459-4c14-bd0f-7542fea17c83
1899,NULL,NULL,727.FM,"Carpenter FM Special Rate",NULL,FM,NULL,1,NULL,NULL,NULL,55da788b-72b0-471a-8aa7-afbe37e2f712
1900,NULL,NULL,728.A95,"Carpenter Apprentice 95%",NULL,A95,NULL,1,NULL,NULL,NULL,44d74d12-cc84-4f74-ab2a-51860b1256da
1901,NULL,NULL,731.IWS,"Ironworker Special Rate",NULL,IWS,NULL,1,NULL,NULL,NULL,d704678e-673d-4e14-a2e0-ae741a96c9af
1902,NULL,NULL,731.IW,"Ironworker Jry A",NULL,IW,NULL,1,NULL,NULL,NULL,5715644b-2ad8-4a7d-b1c3-547ff852d8dd
1903,NULL,NULL,729.GR1AS,"Operator Build Rate GR1A+1.25",NULL,GR1AS,NULL,1,NULL,NULL,NULL,6f6eafdb-5208-495f-bfca-7e0d1f616d46
1904,NULL,NULL,740.IW,Ironworker,NULL,IW,NULL,1,NULL,NULL,NULL,260fcb9e-d10b-445f-8aca-4b3079105256
1905,NULL,NULL,731.IWSP,"Ironworker Special Rate",NULL,IWSP,NULL,1,NULL,NULL,NULL,7f882e87-5cbc-4eec-957a-2ef827c43e6f
1906,NULL,NULL,800.IW,Ironworker,NULL,IW,NULL,1,NULL,NULL,NULL,6285ce67-8253-4367-a915-4459a820ca15
1907,NULL,NULL,728.ASP,"Carpenter Apprentice Special",NULL,ASP,NULL,1,NULL,NULL,NULL,4fbdd131-b8b4-4923-b5c1-0322bea8a62c
1908,NULL,NULL,731.IWL,"Ironworker Jry w Weld Pay",NULL,IWL,NULL,1,NULL,NULL,NULL,1042b9f8-6576-4c4e-a2c2-54bed1dc84d9
1909,NULL,NULL,800.A90,"Ironworker Appr 90%",NULL,A90,NULL,1,NULL,NULL,NULL,2a63257e-f533-46ed-a6de-c40b39b1ff18
1910,NULL,NULL,731.IWSP2,"Ironworker Special Rate",NULL,IWSP2,NULL,1,NULL,NULL,NULL,a98288f0-4080-4bea-9b35-ecef9e8b18fd
1911,NULL,NULL,800.IWSP,"Ironworker Special Rate",NULL,IWSP,NULL,1,NULL,NULL,NULL,f9801aae-f166-4fa1-b140-686e97506e95
1912,NULL,NULL,810.GR1S,"Operator Group 1 Special",NULL,GR1S,NULL,1,NULL,NULL,NULL,a901665e-cde5-49e5-a417-e036dea5216b
1913,NULL,NULL,856.A90,"Millwright Apprentice",NULL,A90,NULL,1,NULL,NULL,NULL,4964952f-b8b4-4a42-9383-0ef2c5386621
1914,NULL,NULL,856.FM,"Special Foreman Rate",NULL,FM,NULL,1,NULL,NULL,NULL,2dd1d527-bed3-448a-86dc-d7b976b8ed04
1915,NULL,NULL,859.CR,Carpenter,NULL,CR,NULL,1,NULL,NULL,NULL,fe1d8956-f437-450a-a210-12007751c9d4
1916,NULL,NULL,110.A70,"Cem Fin Appr 70%",NULL,A70,NULL,1,NULL,NULL,NULL,79fc4d94-c0c7-4b6f-b351-8791713739e5
1917,NULL,NULL,206.FM1,"Carp Foreman Special Rate",NULL,FM1,NULL,1,NULL,NULL,NULL,06a97b50-0d85-49d0-b35e-b00625d0a115
1918,NULL,NULL,214.SP2,"Laborer Special Rate",NULL,SP2,NULL,1,NULL,NULL,NULL,3b24d5d0-cf53-498d-89bd-0e4dad864f49
1919,NULL,NULL,392.CR,Carpenter,NULL,CR,NULL,1,NULL,NULL,NULL,02467978-a530-4e6e-9c39-c1eee5390cb5
1920,NULL,NULL,731.A95,"Ironworker Apprentice 95%",NULL,A95,NULL,1,NULL,NULL,NULL,e78422f8-978d-4d3e-b966-dc652ae65f14
1921,NULL,NULL,722.GR1S,"Operator Group 1 + .50 extra",NULL,GR1S,NULL,1,NULL,NULL,NULL,577d0067-167e-4d46-84da-4d6ad4d4e134
1922,NULL,NULL,001SW.FM3,"Carpenter Foreman Special Rate",NULL,FM3,NULL,1,NULL,NULL,NULL,cc54ecb8-d969-4620-b37c-d0ca80f01996
1923,NULL,NULL,001/FM.SP3,"Carpenter Special FM10",NULL,SP3,NULL,1,NULL,NULL,NULL,abb69a33-09d8-48ce-b8d6-e6536fa4f3c2
1924,NULL,NULL,001/72.ASP1,"Carp Appr 72% Special Shift",NULL,ASP1,NULL,1,NULL,NULL,NULL,6edc10e9-3160-49d3-915f-ff5bf8066018
1925,NULL,NULL,001/72.ASP,"Carpenter Appr72% Special Rate",NULL,ASP,NULL,1,NULL,NULL,NULL,753686bf-7de6-4d07-9586-7823f899ddb5
1926,NULL,NULL,002/AP.ASP4,"Operator App Night Rate A90",NULL,ASP4,NULL,1,NULL,NULL,NULL,d357c6ea-cf3e-4d84-bbcb-7839cad27f48
1927,NULL,NULL,002.SP7,"Oper GR1B Night Rate",NULL,SP7,NULL,1,NULL,NULL,NULL,d6bd887a-67b0-46f5-8af4-f0ba82036446
1928,NULL,NULL,020/AP.ASP,"Laborer Apprentice 87% Special",NULL,ASP,NULL,1,NULL,NULL,NULL,ce868070-c4b6-4022-847a-0fa303de1447
1929,NULL,NULL,041.SP3,"Cement Finisher FM Spec",NULL,SP3,NULL,1,NULL,NULL,NULL,902f45c0-fc07-4c46-9428-7004aeb24643
1930,NULL,NULL,089/A8.ASP4,"Carp Appr 90% Prevail 242510",NULL,ASP4,NULL,1,NULL,NULL,NULL,e91ed736-053b-4ef3-87e9-c5a8020c62a8
1931,NULL,NULL,110.SP2,"Cement Finisher Night",NULL,SP2,NULL,1,NULL,NULL,NULL,6eec2259-e8d9-4cd5-9e4e-c590818de652
1932,NULL,NULL,110.SP1,"Cement Finisher Night FM",NULL,SP1,NULL,1,NULL,NULL,NULL,d6c5b6b7-9b07-484a-8936-61c1d6c92f36
1933,NULL,NULL,209.ASP1,"Carp Appr Special Rate",NULL,ASP1,NULL,1,NULL,NULL,NULL,61f5fd0a-9a82-4098-8cb2-6ca64d5f11f2
1934,NULL,NULL,209KEY1.FM,"Carpenter Foreman",NULL,FM,NULL,1,NULL,NULL,NULL,7f0e4671-fe6c-4831-a324-d0245b53c560
1935,NULL,NULL,391.GRP3,"Group 3 rate",NULL,GRP3,NULL,1,NULL,NULL,NULL,a7218218-b1e6-4d67-ae4a-b4b97e74cb81
1936,NULL,NULL,391.CNSP,"Cert Crane with boom of $1.80",NULL,CNSP,NULL,1,NULL,NULL,NULL,33cb3408-1e64-4c82-8dbb-22453e5176f1
1937,NULL,NULL,393.LB,"Laborer Rate",NULL,LB,NULL,1,NULL,NULL,NULL,bb08c646-29ed-42e2-b795-7626734e83c9
1938,NULL,NULL,393.FM7,"Laborer Special Rate",NULL,FM7,NULL,1,NULL,NULL,NULL,75edb7c3-f183-410e-8af6-65988a03482e
1939,NULL,NULL,392.FM1,"Carpenter Foreman",NULL,FM1,NULL,1,NULL,NULL,NULL,bd5e1cf4-1812-46c8-97cd-2f800d0eb7d6
1940,NULL,NULL,495/AP.SP,"Ironworker Appr 70% +1.50",NULL,SP,NULL,1,NULL,NULL,NULL,173119ff-6ed0-46d6-856a-ed7e8f040ddc
1941,NULL,NULL,391.CNS,"Cert Crane with boom of 1.50",NULL,CNS,NULL,1,NULL,NULL,NULL,0340c849-d6ea-466e-9578-5a0f597592af
1942,NULL,NULL,496.SP13,"Operator Special Rate Grp4",NULL,SP13,NULL,1,NULL,NULL,NULL,db0750d6-e275-4676-9ccf-80ff414a866d
1943,NULL,NULL,700.A60,,NULL,A60,NULL,1,NULL,NULL,NULL,da1661a5-134c-4149-a111-09a8a201f471
1944,NULL,NULL,722.GR1C,"Operator Group 1C",NULL,GR1C,NULL,1,NULL,NULL,NULL,94c31350-fabf-4988-9236-034530e05da9
1945,NULL,NULL,812.GR1B,"Operator Zone 1 Class 1B",NULL,GR1B,NULL,1,NULL,NULL,NULL,e12ba8f6-121a-4b4e-8e3c-74e0fefeceba
1946,NULL,NULL,722.GR2S,"Operator Group 2 + 1.50",NULL,GR2S,NULL,1,NULL,NULL,NULL,003c5576-1a19-4a00-a793-18e61d6075a7
1947,NULL,NULL,731.IWLS,"Ironworker Welding + 2.00",NULL,IWLS,NULL,1,NULL,NULL,NULL,8acc57d9-5978-4e66-9882-c59536280660
1948,NULL,NULL,731.A97,"Apprentice 97%",NULL,A97,NULL,1,NULL,NULL,NULL,b10fe165-083c-4583-844f-af9e113eca1d
1949,NULL,NULL,728.SP,"Carpenter Special Rate",NULL,SP,NULL,1,NULL,NULL,NULL,67944b6c-d132-4b27-af8b-55b520d49c06
1950,NULL,NULL,740/A3.AP3,"Ironworker Apprentice 3rd step",NULL,AP3,NULL,1,NULL,NULL,NULL,df597925-4b2d-48ca-a7b7-f29c6a86243c
1951,NULL,NULL,731.IWLD,"Ironworker Leadman Rate",NULL,IWLD,NULL,1,NULL,NULL,NULL,e9f7655f-c45e-47e1-b448-a3a4ac454690
1952,NULL,NULL,726.A90,"Carp Appr 90% Special Rate",NULL,A90,NULL,1,NULL,NULL,NULL,f1d13d79-e15d-4f4d-9c4a-b4412949231a
1954,NULL,NULL,313.SP,"Cement Finisher FM Special FM4",NULL,SP,NULL,1,NULL,NULL,NULL,568a82c6-22c6-4637-99c3-228852cff949
1955,NULL,NULL,728.A65,"Carpenter Apprentice 65%",NULL,A65,NULL,1,NULL,NULL,NULL,9498bdc2-e830-4e8c-ae0e-01af61e54f38
1956,NULL,NULL,170.SP2,"Cement Finisher FM4 Night rate",NULL,SP2,NULL,1,NULL,NULL,NULL,edc546c8-3f1a-4fea-98a4-599f1c1e3e0b
1957,NULL,NULL,002.SP8,"Operator GR1A Night/Special",NULL,SP8,NULL,1,NULL,NULL,NULL,7de5d005-91a4-454d-ba8d-60f63443bede
1958,NULL,NULL,728.A60,"Carpenter Apprentice 60%",NULL,A60,NULL,1,NULL,NULL,NULL,c6ba7ffe-2f8a-4c62-8637-1d629c78197e
1959,NULL,NULL,700.BP3,"Ironworker Back pay",NULL,BP3,NULL,1,NULL,NULL,NULL,fc007853-b8dc-475a-9746-800a803173df
1960,NULL,NULL,728.CRO,"Carpenter Old Rate",NULL,CRO,NULL,1,NULL,NULL,NULL,aa82bc98-532f-43f0-8108-7fbccc7d4731
1961,NULL,NULL,089.SP1,"Carpenter Night Shift",NULL,SP1,NULL,1,NULL,NULL,NULL,cc87b561-6143-4961-aa38-b6dd234d28a3
1962,NULL,NULL,038/AP.ASP1,"Operator Appr 77.5 Night Shift",NULL,ASP1,NULL,1,NULL,NULL,NULL,894cab5a-50c1-4006-994e-2b99df8c250e
1963,NULL,NULL,089.SP2,"Carpenter Night shift SP",NULL,SP2,NULL,1,NULL,NULL,NULL,a484b9af-5fdb-4d4c-bbb7-3b3bc60e7c07
1964,NULL,NULL,089/A5.SP,"Carp Pile Appr 72% Night Shift",NULL,SP,NULL,1,NULL,NULL,NULL,d890dbd7-7591-4dc9-9740-69e98a2e7733
1965,NULL,NULL,037/AP.ASP2,"Laborer A80 night shift",NULL,ASP2,NULL,1,NULL,NULL,NULL,57da7681-046d-4a7d-bf20-242b4b490a35
1968,NULL,NULL,120.CF,"Cement Finisher Journeyman",NULL,CF,NULL,1,NULL,NULL,NULL,664386af-0f39-4fe5-a68f-3bbad7971a42
1969,NULL,NULL,120.FM,"Cement Finisher Foreman FM",NULL,FM,NULL,1,NULL,NULL,NULL,c7c2afe6-a70b-4353-b0fe-675483900717
1998,NULL,NULL,007.BP,"Ironworker back pay",NULL,BP,NULL,1,NULL,NULL,NULL,bf7c25b6-3ce5-40f2-b3d1-1b23d9296097
1999,NULL,NULL,041.BP4,"Cement Finisher BackPay 242504",NULL,BP4,NULL,1,NULL,NULL,NULL,169f071b-f6ce-4c5d-9d59-cd2586ff87fc
2000,NULL,NULL,701.A95NWC,"Oper Appr 95% NWCOA rates",NULL,A95NWC,NULL,1,NULL,NULL,NULL,7e127c36-645d-4b32-9845-ffcea163ac33
2001,NULL,NULL,731.IWSP3,"Ironworker Special Rate",NULL,IWSP3,NULL,1,NULL,NULL,NULL,70092f97-e244-4461-b368-9ca475cee713
2002,NULL,NULL,207KEY.BP1,"Back Pay FM5",NULL,BP1,NULL,1,NULL,NULL,NULL,8b65f080-6fe0-4cca-9b0e-93d71f14ba48
2003,NULL,NULL,740KEY.IW,Ironworker,NULL,IW,NULL,1,NULL,NULL,NULL,22b5b7cb-3a29-484a-b40c-9a23ec969f25
2004,NULL,NULL,740KEY.FM,"Ironworker Foreman",NULL,FM,NULL,1,NULL,NULL,NULL,a0acf075-deda-4aad-b8ed-776f68764858
2005,NULL,NULL,702.BP5,"Laborer Back Pay Group 5",NULL,BP5,NULL,1,NULL,NULL,NULL,9cce0189-cc99-422b-964e-56b014685825
2006,NULL,NULL,703.ABP,"Back Pay Carp Appr 80%",NULL,ABP,NULL,1,NULL,NULL,NULL,7b2aaa70-7bcb-47d3-b175-a39c9ecaaed1
2062,NULL,NULL,731.FM1,"Ironworker FM special rate",NULL,FM1,NULL,1,NULL,NULL,NULL,9fd1a774-02e5-4273-ac61-58a659f895c4
2063,NULL,NULL,731.FM2,"Ironworker FM Special Rate",NULL,FM2,NULL,1,NULL,NULL,NULL,35c22718-5539-4326-9f5c-5df88884d8b5
2064,NULL,NULL,198.A90,"Cement Finisher 90% Appr",NULL,A90,NULL,1,NULL,NULL,NULL,f11b2b64-08ce-48d3-ad51-5f1639cd501e
2065,NULL,NULL,198.SP,"Cem Finisher Special Rate",NULL,SP,NULL,1,NULL,NULL,NULL,f84afec0-6b93-4d53-97bf-ba72c8dc10ab
2066,NULL,NULL,198.SP2,"Cem Finisher SP Night shift",NULL,SP2,NULL,1,NULL,NULL,NULL,6c1d2791-83af-4cb3-9a6c-371c4ebba2ec
2067,NULL,NULL,198.SP1,"Cem Finiisher FM Night shift",NULL,SP1,NULL,1,NULL,NULL,NULL,8aba2eea-7671-4004-a239-b3018dc30c51
2068,NULL,NULL,198.FM1,"Cem  Finisher FM at Michigan",NULL,FM1,NULL,1,NULL,NULL,NULL,aa502577-d9a6-4e46-b462-e2d4433a9358
2069,NULL,NULL,198.FM,"Cement Finisher Special Rate",NULL,FM,NULL,1,NULL,NULL,NULL,b4439d12-29ec-49f5-b8f5-90f4dfdd4ef4
2078,NULL,NULL,120.BP,"Cement Finisher backpay",NULL,BP,NULL,1,NULL,NULL,NULL,ac2791cd-65b6-479f-8fb9-0b99a4b6a160
2079,NULL,NULL,495/AP.A80,"Ironworker Apprentice 80%",NULL,A80,NULL,1,NULL,NULL,NULL,f0cc37b4-f707-4d59-ac0e-7a994f782eaa
2080,NULL,NULL,037/AP.ABP8,"Back Pay Appr to J PW 242516",NULL,ABP8,NULL,1,NULL,NULL,NULL,6adca5b5-784f-48b9-a9ac-ca3cd9f24488
2081,NULL,NULL,700/A3.ABP2,"Back Pay IW Appr 75%",NULL,ABP2,NULL,1,NULL,NULL,NULL,ab6bd73c-2195-49a7-9c3e-82208121843d
2082,NULL,NULL,306.CF,"Cement Finisher",NULL,CF,NULL,1,NULL,NULL,NULL,691cdab1-d74a-4823-8d1d-81b5bd85192f
2083,NULL,NULL,702.BP,"DON't USE",NULL,BP,NULL,1,NULL,NULL,NULL,b5251a74-2bba-4085-b348-387080485e5b
2084,NULL,NULL,728KEY.CR,"MN Carpenter Rate",NULL,CR,NULL,1,NULL,NULL,NULL,5e8247b5-53e2-4a79-963d-060a1af127f1
2085,NULL,NULL,702.BP4,"Laborer Backpay Group 4",NULL,BP4,NULL,1,NULL,NULL,NULL,e73243c2-64cd-4fbc-9086-17c65a17068b
2086,NULL,NULL,728KEY.FM,"Foreman MN Rate",NULL,FM,NULL,1,NULL,NULL,NULL,58554067-75c3-4b62-b3dc-de88bc4209c5
2087,NULL,NULL,702.BP6,"Back Pay Group 3",NULL,BP6,NULL,1,NULL,NULL,NULL,3b2232df-7282-4677-a090-5868bd508638
2088,NULL,NULL,394.IW,Ironworker,NULL,IW,NULL,1,NULL,NULL,NULL,c0721d3e-992d-4c06-9030-bb1625706ff7
2089,NULL,NULL,391/AP.A1,"1st year apprentice",NULL,A1,NULL,1,NULL,NULL,NULL,004ff9fd-fc7e-40a5-a595-dc64fb7191dc
2090,NULL,NULL,306.FM,"Cement Finisher Foreman",NULL,FM,NULL,1,NULL,NULL,NULL,b6980402-bde9-4014-85c5-adbcc696c9bc
2091,NULL,NULL,226.IWSP3,"Ironworker Special Rate",NULL,IWSP3,NULL,1,NULL,NULL,NULL,1f16479e-8eaf-4d06-abb6-c8b1657a9a1c
